date,industry_code,measure,rate
2017-01-01,000000,HI,3.8
2017-02-01,000000,HI,3.7
2017-03-01,000000,HI,3.7
2017-04-01,000000,HI,3.6
2017-05-01,000000,HI,3.7
2017-06-01,000000,HI,3.8
2017-07-01,000000,HI,3.7
2017-08-01,000000,HI,3.8
2017-09-01,000000,HI,3.7
2017-10-01,000000,HI,3.8
2017-11-01,000000,HI,3.7
2017-12-01,000000,HI,3.7
2018-01-01,000000,HI,3.7
2018-02-01,000000,HI,3.8
2018-03-01,000000,HI,3.8
2018-04-01,000000,HI,3.8
2018-05-01,000000,HI,3.9
2018-06-01,000000,HI,3.9
2018-07-01,000000,HI,3.8
2018-08-01,000000,HI,3.9
2018-09-01,000000,HI,3.8
2018-10-01,000000,HI,4.0
2018-11-01,000000,HI,3.9
2018-12-01,000000,HI,3.9
2019-01-01,000000,HI,3.9
2019-02-01,000000,HI,3.8
2019-03-01,000000,HI,3.8
2019-04-01,000000,HI,4.0
2019-05-01,000000,HI,3.8
2019-06-01,000000,HI,3.8
2019-07-01,000000,HI,3.9
2019-08-01,000000,HI,3.9
2019-09-01,000000,HI,3.9
2019-10-01,000000,HI,3.8
2019-11-01,000000,HI,3.9
2019-12-01,000000,HI,3.9
2020-01-01,000000,HI,3.9
2020-02-01,000000,HI,3.9
2020-03-01,000000,HI,3.4
2020-04-01,000000,HI,3.1
2020-05-01,000000,HI,6.1
2020-06-01,000000,HI,5.4
2020-07-01,000000,HI,4.5
2020-08-01,000000,HI,4.3
2020-09-01,000000,HI,4.2
2020-10-01,000000,HI,4.3
2020-11-01,000000,HI,4.1
2020-12-01,000000,HI,3.9
2021-01-01,000000,HI,3.9
2021-02-01,000000,HI,4.1
2021-03-01,000000,HI,4.3
2021-04-01,000000,HI,4.2
2021-05-01,000000,HI,4.1
2021-06-01,000000,HI,4.5
2021-07-01,000000,HI,4.6
2021-08-01,000000,HI,4.3
2021-09-01,000000,HI,4.5
2021-10-01,000000,HI,4.5
2021-11-01,000000,HI,4.6
2021-12-01,000000,HI,4.5
2022-01-01,000000,HI,4.3
2022-02-01,000000,HI,4.5
2022-03-01,000000,HI,4.4
2022-04-01,000000,HI,4.3
2022-05-01,000000,HI,4.2
2022-06-01,000000,HI,4.3
2022-07-01,000000,HI,4.2
2022-08-01,000000,HI,4.2
2022-09-01,000000,HI,4.0
2022-10-01,000000,HI,4.0
2022-11-01,000000,HI,4.0
2022-12-01,000000,HI,4.0
2023-01-01,000000,HI,4.1
2023-02-01,000000,HI,3.9
2023-03-01,000000,HI,3.8
2023-04-01,000000,HI,3.8
2023-05-01,000000,HI,3.9
2023-06-01,000000,HI,3.8
2023-07-01,000000,HI,3.6
2023-08-01,000000,HI,3.7
2023-09-01,000000,HI,3.7
2023-10-01,000000,HI,3.7
2023-11-01,000000,HI,3.5
2023-12-01,000000,HI,3.6
2024-01-01,000000,HI,3.6
2024-02-01,000000,HI,3.6
2024-03-01,000000,HI,3.5
2024-04-01,000000,HI,3.5
2024-05-01,000000,HI,3.5
2024-06-01,000000,HI,3.3
2024-07-01,000000,HI,3.4
2024-08-01,000000,HI,3.3
2024-09-01,000000,HI,3.4
2024-10-01,000000,HI,3.3
2024-11-01,000000,HI,3.3
2024-12-01,000000,HI,3.3
2025-01-01,000000,HI,3.3
2025-02-01,000000,HI,3.3
2025-03-01,000000,HI,3.4
2025-04-01,000000,HI,3.4
2025-05-01,000000,HI,3.4
2025-06-01,000000,HI,3.4
2025-07-01,000000,HI,3.3
2025-08-01,000000,HI,3.2
2025-09-01,000000,HI,3.3
2025-10-01,000000,HI,3.3
2025-11-01,000000,HI,3.2
2025-12-01,000000,HI,3.3
2026-01-01,000000,HI,3.4
2026-02-01,000000,HI,3.1
2026-03-01,000000,HI,3.5
2026-04-01,000000,HI,3.3
2026-05-01,000000,HI,3.3
2026-06-01,000000,HI,3.4
2026-07-01,000000,HI,3.2
2026-08-01,000000,HI,3.3
2017-01-01,000000,JO,3.7
2017-02-01,000000,JO,3.9
2017-03-01,000000,JO,3.8
2017-04-01,000000,JO,4.0
2017-05-01,000000,JO,3.8
2017-06-01,000000,JO,4.1
2017-07-01,000000,JO,4.1
2017-08-01,000000,JO,4.1
2017-09-01,000000,JO,4.1
2017-10-01,000000,JO,4.2
2017-11-01,000000,JO,4.1
2017-12-01,000000,JO,4.1
2018-01-01,000000,JO,4.3
2018-02-01,000000,JO,4.2
2018-03-01,000000,JO,4.4
2018-04-01,000000,JO,4.4
2018-05-01,000000,JO,4.5
2018-06-01,000000,JO,4.6
2018-07-01,000000,JO,4.6
2018-08-01,000000,JO,4.6
2018-09-01,000000,JO,4.7
2018-10-01,000000,JO,4.7
2018-11-01,000000,JO,4.8
2018-12-01,000000,JO,4.8
2019-01-01,000000,JO,4.8
2019-02-01,000000,JO,4.5
2019-03-01,000000,JO,4.6
2019-04-01,000000,JO,4.6
2019-05-01,000000,JO,4.6
2019-06-01,000000,JO,4.6
2019-07-01,000000,JO,4.5
2019-08-01,000000,JO,4.5
2019-09-01,000000,JO,4.5
2019-10-01,000000,JO,4.6
2019-11-01,000000,JO,4.3
2019-12-01,000000,JO,4.2
2020-01-01,000000,JO,4.5
2020-02-01,000000,JO,4.4
2020-03-01,000000,JO,3.8
2020-04-01,000000,JO,3.4
2020-05-01,000000,JO,4.0
2020-06-01,000000,JO,4.3
2020-07-01,000000,JO,4.5
2020-08-01,000000,JO,4.4
2020-09-01,000000,JO,4.4
2020-10-01,000000,JO,4.6
2020-11-01,000000,JO,4.6
2020-12-01,000000,JO,4.5
2021-01-01,000000,JO,4.8
2021-02-01,000000,JO,5.2
2021-03-01,000000,JO,5.6
2021-04-01,000000,JO,6.1
2021-05-01,000000,JO,6.4
2021-06-01,000000,JO,6.6
2021-07-01,000000,JO,7.0
2021-08-01,000000,JO,6.9
2021-09-01,000000,JO,6.8
2021-10-01,000000,JO,7.0
2021-11-01,000000,JO,7.0
2021-12-01,000000,JO,7.1
2022-01-01,000000,JO,7.0
2022-02-01,000000,JO,7.2
2022-03-01,000000,JO,7.5
2022-04-01,000000,JO,7.3
2022-05-01,000000,JO,7.1
2022-06-01,000000,JO,6.9
2022-07-01,000000,JO,7.0
2022-08-01,000000,JO,6.2
2022-09-01,000000,JO,6.6
2022-10-01,000000,JO,6.4
2022-11-01,000000,JO,6.4
2022-12-01,000000,JO,6.6
2023-01-01,000000,JO,6.2
2023-02-01,000000,JO,6.0
2023-03-01,000000,JO,5.9
2023-04-01,000000,JO,6.0
2023-05-01,000000,JO,5.7
2023-06-01,000000,JO,5.6
2023-07-01,000000,JO,5.3
2023-08-01,000000,JO,5.6
2023-09-01,000000,JO,5.6
2023-10-01,000000,JO,5.2
2023-11-01,000000,JO,5.2
2023-12-01,000000,JO,5.2
2024-01-01,000000,JO,5.1
2024-02-01,000000,JO,5.1
2024-03-01,000000,JO,5.0
2024-04-01,000000,JO,4.6
2024-05-01,000000,JO,4.7
2024-06-01,000000,JO,4.5
2024-07-01,000000,JO,4.5
2024-08-01,000000,JO,4.6
2024-09-01,000000,JO,4.2
2024-10-01,000000,JO,4.5
2024-11-01,000000,JO,4.6
2024-12-01,000000,JO,4.4
2025-01-01,000000,JO,4.5
2025-02-01,000000,JO,4.4
2025-03-01,000000,JO,4.2
2025-04-01,000000,JO,4.3
2025-05-01,000000,JO,4.4
2025-06-01,000000,JO,4.3
2025-07-01,000000,JO,4.3
2025-08-01,000000,JO,4.2
2025-09-01,000000,JO,4.3
2025-10-01,000000,JO,4.3
2025-11-01,000000,JO,4.1
2025-12-01,000000,JO,4.0
2026-01-01,000000,JO,4.4
2026-02-01,000000,JO,4.2
2026-03-01,000000,JO,4.2
2026-04-01,000000,JO,4.6
2026-05-01,000000,JO,4.5
2026-06-01,000000,JO,4.3
2026-07-01,000000,JO,4.4
2026-08-01,000000,JO,4.3
2017-01-01,000000,LD,1.2
2017-02-01,000000,LD,1.2
2017-03-01,000000,LD,1.2
2017-04-01,000000,LD,1.2
2017-05-01,000000,LD,1.2
2017-06-01,000000,LD,1.3
2017-07-01,000000,LD,1.3
2017-08-01,000000,LD,1.3
2017-09-01,000000,LD,1.2
2017-10-01,000000,LD,1.2
2017-11-01,000000,LD,1.2
2017-12-01,000000,LD,1.2
2018-01-01,000000,LD,1.3
2018-02-01,000000,LD,1.2
2018-03-01,000000,LD,1.2
2018-04-01,000000,LD,1.2
2018-05-01,000000,LD,1.2
2018-06-01,000000,LD,1.2
2018-07-01,000000,LD,1.2
2018-08-01,000000,LD,1.2
2018-09-01,000000,LD,1.2
2018-10-01,000000,LD,1.2
2018-11-01,000000,LD,1.3
2018-12-01,000000,LD,1.2
2019-01-01,000000,LD,1.1
2019-02-01,000000,LD,1.2
2019-03-01,000000,LD,1.1
2019-04-01,000000,LD,1.3
2019-05-01,000000,LD,1.2
2019-06-01,000000,LD,1.2
2019-07-01,000000,LD,1.2
2019-08-01,000000,LD,1.2
2019-09-01,000000,LD,1.3
2019-10-01,000000,LD,1.2
2019-11-01,000000,LD,1.2
2019-12-01,000000,LD,1.3
2020-01-01,000000,LD,1.2
2020-02-01,000000,LD,1.3
2020-03-01,000000,LD,8.6
2020-04-01,000000,LD,7.0
2020-05-01,000000,LD,1.6
2020-06-01,000000,LD,1.6
2020-07-01,000000,LD,1.3
2020-08-01,000000,LD,1.1
2020-09-01,000000,LD,1.1
2020-10-01,000000,LD,1.2
2020-11-01,000000,LD,1.5
2020-12-01,000000,LD,1.3
2021-01-01,000000,LD,1.1
2021-02-01,000000,LD,1.1
2021-03-01,000000,LD,1.0
2021-04-01,000000,LD,1.0
2021-05-01,000000,LD,0.9
2021-06-01,000000,LD,0.9
2021-07-01,000000,LD,1.0
2021-08-01,000000,LD,0.9
2021-09-01,000000,LD,1.0
2021-10-01,000000,LD,0.9
2021-11-01,000000,LD,0.9
2021-12-01,000000,LD,0.9
2022-01-01,000000,LD,0.9
2022-02-01,000000,LD,0.9
2022-03-01,000000,LD,0.9
2022-04-01,000000,LD,0.9
2022-05-01,000000,LD,1.0
2022-06-01,000000,LD,1.0
2022-07-01,000000,LD,1.0
2022-08-01,000000,LD,1.0
2022-09-01,000000,LD,0.9
2022-10-01,000000,LD,1.0
2022-11-01,000000,LD,1.0
2022-12-01,000000,LD,1.0
2023-01-01,000000,LD,1.1
2023-02-01,000000,LD,1.0
2023-03-01,000000,LD,1.2
2023-04-01,000000,LD,1.1
2023-05-01,000000,LD,1.0
2023-06-01,000000,LD,1.1
2023-07-01,000000,LD,1.1
2023-08-01,000000,LD,1.1
2023-09-01,000000,LD,1.0
2023-10-01,000000,LD,1.0
2023-11-01,000000,LD,1.0
2023-12-01,000000,LD,1.1
2024-01-01,000000,LD,1.0
2024-02-01,000000,LD,1.1
2024-03-01,000000,LD,1.0
2024-04-01,000000,LD,1.0
2024-05-01,000000,LD,1.1
2024-06-01,000000,LD,0.9
2024-07-01,000000,LD,1.1
2024-08-01,000000,LD,1.1
2024-09-01,000000,LD,1.1
2024-10-01,000000,LD,1.0
2024-11-01,000000,LD,1.2
2024-12-01,000000,LD,1.1
2025-01-01,000000,LD,1.1
2025-02-01,000000,LD,1.2
2025-03-01,000000,LD,1.0
2025-04-01,000000,LD,1.1
2025-05-01,000000,LD,1.1
2025-06-01,000000,LD,1.2
2025-07-01,000000,LD,1.1
2025-08-01,000000,LD,1.2
2025-09-01,000000,LD,1.1
2025-10-01,000000,LD,1.2
2025-11-01,000000,LD,1.0
2025-12-01,000000,LD,1.1
2026-01-01,000000,LD,1.0
2026-02-01,000000,LD,1.1
2026-03-01,000000,LD,1.2
2026-04-01,000000,LD,1.0
2026-05-01,000000,LD,1.1
2026-06-01,000000,LD,1.1
2026-07-01,000000,LD,1.1
2026-08-01,000000,LD,1.0
2017-01-01,000000,QU,2.2
2017-02-01,000000,QU,2.1
2017-03-01,000000,QU,2.2
2017-04-01,000000,QU,2.1
2017-05-01,000000,QU,2.1
2017-06-01,000000,QU,2.2
2017-07-01,000000,QU,2.1
2017-08-01,000000,QU,2.1
2017-09-01,000000,QU,2.2
2017-10-01,000000,QU,2.2
2017-11-01,000000,QU,2.2
2017-12-01,000000,QU,2.2
2018-01-01,000000,QU,2.0
2018-02-01,000000,QU,2.2
2018-03-01,000000,QU,2.2
2018-04-01,000000,QU,2.3
2018-05-01,000000,QU,2.3
2018-06-01,000000,QU,2.3
2018-07-01,000000,QU,2.3
2018-08-01,000000,QU,2.3
2018-09-01,000000,QU,2.3
2018-10-01,000000,QU,2.3
2018-11-01,000000,QU,2.3
2018-12-01,000000,QU,2.3
2019-01-01,000000,QU,2.3
2019-02-01,000000,QU,2.4
2019-03-01,000000,QU,2.3
2019-04-01,000000,QU,2.3
2019-05-01,000000,QU,2.3
2019-06-01,000000,QU,2.3
2019-07-01,000000,QU,2.4
2019-08-01,000000,QU,2.3
2019-09-01,000000,QU,2.3
2019-10-01,000000,QU,2.3
2019-11-01,000000,QU,2.3
2019-12-01,000000,QU,2.3
2020-01-01,000000,QU,2.3
2020-02-01,000000,QU,2.3
2020-03-01,000000,QU,1.9
2020-04-01,000000,QU,1.5
2020-05-01,000000,QU,1.7
2020-06-01,000000,QU,1.9
2020-07-01,000000,QU,2.2
2020-08-01,000000,QU,2.1
2020-09-01,000000,QU,2.2
2020-10-01,000000,QU,2.3
2020-11-01,000000,QU,2.2
2020-12-01,000000,QU,2.4
2021-01-01,000000,QU,2.3
2021-02-01,000000,QU,2.4
2021-03-01,000000,QU,2.5
2021-04-01,000000,QU,2.7
2021-05-01,000000,QU,2.6
2021-06-01,000000,QU,2.8
2021-07-01,000000,QU,2.8
2021-08-01,000000,QU,2.8
2021-09-01,000000,QU,2.9
2021-10-01,000000,QU,2.8
2021-11-01,000000,QU,3.0
2021-12-01,000000,QU,2.9
2022-01-01,000000,QU,2.9
2022-02-01,000000,QU,2.8
2022-03-01,000000,QU,2.9
2022-04-01,000000,QU,3.0
2022-05-01,000000,QU,2.8
2022-06-01,000000,QU,2.7
2022-07-01,000000,QU,2.6
2022-08-01,000000,QU,2.8
2022-09-01,000000,QU,2.7
2022-10-01,000000,QU,2.6
2022-11-01,000000,QU,2.6
2022-12-01,000000,QU,2.7
2023-01-01,000000,QU,2.5
2023-02-01,000000,QU,2.5
2023-03-01,000000,QU,2.4
2023-04-01,000000,QU,2.3
2023-05-01,000000,QU,2.6
2023-06-01,000000,QU,2.4
2023-07-01,000000,QU,2.3
2023-08-01,000000,QU,2.3
2023-09-01,000000,QU,2.3
2023-10-01,000000,QU,2.3
2023-11-01,000000,QU,2.3
2023-12-01,000000,QU,2.2
2024-01-01,000000,QU,2.1
2024-02-01,000000,QU,2.2
2024-03-01,000000,QU,2.1
2024-04-01,000000,QU,2.2
2024-05-01,000000,QU,2.1
2024-06-01,000000,QU,2.1
2024-07-01,000000,QU,2.1
2024-08-01,000000,QU,2.1
2024-09-01,000000,QU,2.0
2024-10-01,000000,QU,2.0
2024-11-01,000000,QU,1.9
2024-12-01,000000,QU,1.9
2025-01-01,000000,QU,2.0
2025-02-01,000000,QU,2.0
2025-03-01,000000,QU,2.2
2025-04-01,000000,QU,2.0
2025-05-01,000000,QU,2.1
2025-06-01,000000,QU,2.1
2025-07-01,000000,QU,2.0
2025-08-01,000000,QU,2.0
2025-09-01,000000,QU,1.9
2025-10-01,000000,QU,1.9
2025-11-01,000000,QU,2.0
2025-12-01,000000,QU,2.0
2026-01-01,000000,QU,2.0
2026-02-01,000000,QU,1.9
2026-03-01,000000,QU,2.0
2026-04-01,000000,QU,1.9
2026-05-01,000000,QU,2.0
2026-06-01,000000,QU,2.0
2026-07-01,000000,QU,1.9
2026-08-01,000000,QU,1.9
2017-01-01,100000,HI,4.2
2017-02-01,100000,HI,4.1
2017-03-01,100000,HI,4.1
2017-04-01,100000,HI,4.0
2017-05-01,100000,HI,4.1
2017-06-01,100000,HI,4.3
2017-07-01,100000,HI,4.1
2017-08-01,100000,HI,4.2
2017-09-01,100000,HI,4.1
2017-10-01,100000,HI,4.2
2017-11-01,100000,HI,4.1
2017-12-01,100000,HI,4.0
2018-01-01,100000,HI,4.1
2018-02-01,100000,HI,4.2
2018-03-01,100000,HI,4.2
2018-04-01,100000,HI,4.2
2018-05-01,100000,HI,4.4
2018-06-01,100000,HI,4.2
2018-07-01,100000,HI,4.2
2018-08-01,100000,HI,4.3
2018-09-01,100000,HI,4.2
2018-10-01,100000,HI,4.4
2018-11-01,100000,HI,4.3
2018-12-01,100000,HI,4.2
2019-01-01,100000,HI,4.2
2019-02-01,100000,HI,4.2
2019-03-01,100000,HI,4.2
2019-04-01,100000,HI,4.4
2019-05-01,100000,HI,4.2
2019-06-01,100000,HI,4.2
2019-07-01,100000,HI,4.3
2019-08-01,100000,HI,4.3
2019-09-01,100000,HI,4.3
2019-10-01,100000,HI,4.2
2019-11-01,100000,HI,4.2
2019-12-01,100000,HI,4.3
2020-01-01,100000,HI,4.3
2020-02-01,100000,HI,4.3
2020-03-01,100000,HI,3.7
2020-04-01,100000,HI,3.5
2020-05-01,100000,HI,7.1
2020-06-01,100000,HI,6.2
2020-07-01,100000,HI,5.1
2020-08-01,100000,HI,4.6
2020-09-01,100000,HI,4.7
2020-10-01,100000,HI,4.8
2020-11-01,100000,HI,4.6
2020-12-01,100000,HI,4.3
2021-01-01,100000,HI,4.3
2021-02-01,100000,HI,4.5
2021-03-01,100000,HI,4.7
2021-04-01,100000,HI,4.7
2021-05-01,100000,HI,4.6
2021-06-01,100000,HI,5.0
2021-07-01,100000,HI,5.1
2021-08-01,100000,HI,4.8
2021-09-01,100000,HI,5.0
2021-10-01,100000,HI,5.0
2021-11-01,100000,HI,5.1
2021-12-01,100000,HI,4.9
2022-01-01,100000,HI,4.7
2022-02-01,100000,HI,5.0
2022-03-01,100000,HI,4.8
2022-04-01,100000,HI,4.7
2022-05-01,100000,HI,4.7
2022-06-01,100000,HI,4.7
2022-07-01,100000,HI,4.6
2022-08-01,100000,HI,4.6
2022-09-01,100000,HI,4.4
2022-10-01,100000,HI,4.4
2022-11-01,100000,HI,4.4
2022-12-01,100000,HI,4.4
2023-01-01,100000,HI,4.5
2023-02-01,100000,HI,4.2
2023-03-01,100000,HI,4.2
2023-04-01,100000,HI,4.1
2023-05-01,100000,HI,4.3
2023-06-01,100000,HI,4.2
2023-07-01,100000,HI,4.0
2023-08-01,100000,HI,4.1
2023-09-01,100000,HI,4.0
2023-10-01,100000,HI,4.0
2023-11-01,100000,HI,3.9
2023-12-01,100000,HI,3.9
2024-01-01,100000,HI,3.9
2024-02-01,100000,HI,3.9
2024-03-01,100000,HI,3.8
2024-04-01,100000,HI,3.8
2024-05-01,100000,HI,3.8
2024-06-01,100000,HI,3.6
2024-07-01,100000,HI,3.7
2024-08-01,100000,HI,3.6
2024-09-01,100000,HI,3.8
2024-10-01,100000,HI,3.6
2024-11-01,100000,HI,3.6
2024-12-01,100000,HI,3.7
2025-01-01,100000,HI,3.6
2025-02-01,100000,HI,3.6
2025-03-01,100000,HI,3.7
2025-04-01,100000,HI,3.7
2025-05-01,100000,HI,3.7
2025-06-01,100000,HI,3.7
2025-07-01,100000,HI,3.6
2025-08-01,100000,HI,3.6
2025-09-01,100000,HI,3.6
2025-10-01,100000,HI,3.6
2025-11-01,100000,HI,3.5
2025-12-01,100000,HI,3.7
2026-01-01,100000,HI,3.7
2026-02-01,100000,HI,3.4
2026-03-01,100000,HI,3.9
2026-04-01,100000,HI,3.6
2026-05-01,100000,HI,3.6
2026-06-01,100000,HI,3.7
2026-07-01,100000,HI,3.6
2026-08-01,100000,HI,3.6
2017-01-01,100000,JO,4.0
2017-02-01,100000,JO,4.2
2017-03-01,100000,JO,4.1
2017-04-01,100000,JO,4.3
2017-05-01,100000,JO,4.1
2017-06-01,100000,JO,4.4
2017-07-01,100000,JO,4.4
2017-08-01,100000,JO,4.4
2017-09-01,100000,JO,4.4
2017-10-01,100000,JO,4.5
2017-11-01,100000,JO,4.4
2017-12-01,100000,JO,4.4
2018-01-01,100000,JO,4.6
2018-02-01,100000,JO,4.5
2018-03-01,100000,JO,4.7
2018-04-01,100000,JO,4.8
2018-05-01,100000,JO,4.8
2018-06-01,100000,JO,4.9
2018-07-01,100000,JO,4.9
2018-08-01,100000,JO,4.9
2018-09-01,100000,JO,5.1
2018-10-01,100000,JO,5.0
2018-11-01,100000,JO,5.2
2018-12-01,100000,JO,5.1
2019-01-01,100000,JO,5.1
2019-02-01,100000,JO,4.8
2019-03-01,100000,JO,4.9
2019-04-01,100000,JO,4.9
2019-05-01,100000,JO,4.9
2019-06-01,100000,JO,4.8
2019-07-01,100000,JO,4.7
2019-08-01,100000,JO,4.8
2019-09-01,100000,JO,4.7
2019-10-01,100000,JO,4.8
2019-11-01,100000,JO,4.5
2019-12-01,100000,JO,4.4
2020-01-01,100000,JO,4.7
2020-02-01,100000,JO,4.6
2020-03-01,100000,JO,3.9
2020-04-01,100000,JO,3.5
2020-05-01,100000,JO,4.3
2020-06-01,100000,JO,4.5
2020-07-01,100000,JO,4.6
2020-08-01,100000,JO,4.6
2020-09-01,100000,JO,4.6
2020-10-01,100000,JO,4.8
2020-11-01,100000,JO,4.8
2020-12-01,100000,JO,4.8
2021-01-01,100000,JO,5.0
2021-02-01,100000,JO,5.5
2021-03-01,100000,JO,5.9
2021-04-01,100000,JO,6.4
2021-05-01,100000,JO,6.8
2021-06-01,100000,JO,7.0
2021-07-01,100000,JO,7.5
2021-08-01,100000,JO,7.4
2021-09-01,100000,JO,7.3
2021-10-01,100000,JO,7.5
2021-11-01,100000,JO,7.4
2021-12-01,100000,JO,7.5
2022-01-01,100000,JO,7.4
2022-02-01,100000,JO,7.6
2022-03-01,100000,JO,8.0
2022-04-01,100000,JO,7.7
2022-05-01,100000,JO,7.5
2022-06-01,100000,JO,7.3
2022-07-01,100000,JO,7.3
2022-08-01,100000,JO,6.5
2022-09-01,100000,JO,6.9
2022-10-01,100000,JO,6.7
2022-11-01,100000,JO,6.8
2022-12-01,100000,JO,7.0
2023-01-01,100000,JO,6.5
2023-02-01,100000,JO,6.3
2023-03-01,100000,JO,6.1
2023-04-01,100000,JO,6.3
2023-05-01,100000,JO,5.9
2023-06-01,100000,JO,5.7
2023-07-01,100000,JO,5.4
2023-08-01,100000,JO,5.8
2023-09-01,100000,JO,5.8
2023-10-01,100000,JO,5.4
2023-11-01,100000,JO,5.4
2023-12-01,100000,JO,5.3
2024-01-01,100000,JO,5.3
2024-02-01,100000,JO,5.3
2024-03-01,100000,JO,5.1
2024-04-01,100000,JO,4.7
2024-05-01,100000,JO,4.8
2024-06-01,100000,JO,4.6
2024-07-01,100000,JO,4.6
2024-08-01,100000,JO,4.7
2024-09-01,100000,JO,4.3
2024-10-01,100000,JO,4.6
2024-11-01,100000,JO,4.7
2024-12-01,100000,JO,4.5
2025-01-01,100000,JO,4.6
2025-02-01,100000,JO,4.5
2025-03-01,100000,JO,4.3
2025-04-01,100000,JO,4.4
2025-05-01,100000,JO,4.6
2025-06-01,100000,JO,4.5
2025-07-01,100000,JO,4.5
2025-08-01,100000,JO,4.4
2025-09-01,100000,JO,4.5
2025-10-01,100000,JO,4.5
2025-11-01,100000,JO,4.4
2025-12-01,100000,JO,4.1
2026-01-01,100000,JO,4.6
2026-02-01,100000,JO,4.4
2026-03-01,100000,JO,4.4
2026-04-01,100000,JO,4.8
2026-05-01,100000,JO,4.7
2026-06-01,100000,JO,4.5
2026-07-01,100000,JO,4.6
2026-08-01,100000,JO,4.5
2017-01-01,100000,LD,1.3
2017-02-01,100000,LD,1.3
2017-03-01,100000,LD,1.4
2017-04-01,100000,LD,1.3
2017-05-01,100000,LD,1.3
2017-06-01,100000,LD,1.5
2017-07-01,100000,LD,1.4
2017-08-01,100000,LD,1.4
2017-09-01,100000,LD,1.4
2017-10-01,100000,LD,1.4
2017-11-01,100000,LD,1.3
2017-12-01,100000,LD,1.3
2018-01-01,100000,LD,1.5
2018-02-01,100000,LD,1.3
2018-03-01,100000,LD,1.3
2018-04-01,100000,LD,1.3
2018-05-01,100000,LD,1.3
2018-06-01,100000,LD,1.4
2018-07-01,100000,LD,1.3
2018-08-01,100000,LD,1.3
2018-09-01,100000,LD,1.3
2018-10-01,100000,LD,1.3
2018-11-01,100000,LD,1.4
2018-12-01,100000,LD,1.4
2019-01-01,100000,LD,1.2
2019-02-01,100000,LD,1.3
2019-03-01,100000,LD,1.2
2019-04-01,100000,LD,1.5
2019-05-01,100000,LD,1.3
2019-06-01,100000,LD,1.3
2019-07-01,100000,LD,1.3
2019-08-01,100000,LD,1.3
2019-09-01,100000,LD,1.5
2019-10-01,100000,LD,1.3
2019-11-01,100000,LD,1.3
2019-12-01,100000,LD,1.4
2020-01-01,100000,LD,1.3
2020-02-01,100000,LD,1.4
2020-03-01,100000,LD,10.0
2020-04-01,100000,LD,8.2
2020-05-01,100000,LD,1.8
2020-06-01,100000,LD,1.8
2020-07-01,100000,LD,1.5
2020-08-01,100000,LD,1.2
2020-09-01,100000,LD,1.2
2020-10-01,100000,LD,1.2
2020-11-01,100000,LD,1.6
2020-12-01,100000,LD,1.5
2021-01-01,100000,LD,1.2
2021-02-01,100000,LD,1.3
2021-03-01,100000,LD,1.2
2021-04-01,100000,LD,1.1
2021-05-01,100000,LD,1.0
2021-06-01,100000,LD,1.0
2021-07-01,100000,LD,1.1
2021-08-01,100000,LD,1.0
2021-09-01,100000,LD,1.1
2021-10-01,100000,LD,1.0
2021-11-01,100000,LD,1.0
2021-12-01,100000,LD,1.0
2022-01-01,100000,LD,1.0
2022-02-01,100000,LD,1.0
2022-03-01,100000,LD,1.0
2022-04-01,100000,LD,1.0
2022-05-01,100000,LD,1.1
2022-06-01,100000,LD,1.1
2022-07-01,100000,LD,1.1
2022-08-01,100000,LD,1.2
2022-09-01,100000,LD,1.0
2022-10-01,100000,LD,1.1
2022-11-01,100000,LD,1.1
2022-12-01,100000,LD,1.1
2023-01-01,100000,LD,1.3
2023-02-01,100000,LD,1.1
2023-03-01,100000,LD,1.4
2023-04-01,100000,LD,1.2
2023-05-01,100000,LD,1.1
2023-06-01,100000,LD,1.2
2023-07-01,100000,LD,1.2
2023-08-01,100000,LD,1.2
2023-09-01,100000,LD,1.1
2023-10-01,100000,LD,1.2
2023-11-01,100000,LD,1.1
2023-12-01,100000,LD,1.2
2024-01-01,100000,LD,1.2
2024-02-01,100000,LD,1.2
2024-03-01,100000,LD,1.2
2024-04-01,100000,LD,1.1
2024-05-01,100000,LD,1.2
2024-06-01,100000,LD,1.1
2024-07-01,100000,LD,1.2
2024-08-01,100000,LD,1.2
2024-09-01,100000,LD,1.3
2024-10-01,100000,LD,1.2
2024-11-01,100000,LD,1.3
2024-12-01,100000,LD,1.2
2025-01-01,100000,LD,1.2
2025-02-01,100000,LD,1.3
2025-03-01,100000,LD,1.1
2025-04-01,100000,LD,1.3
2025-05-01,100000,LD,1.2
2025-06-01,100000,LD,1.3
2025-07-01,100000,LD,1.3
2025-08-01,100000,LD,1.3
2025-09-01,100000,LD,1.3
2025-10-01,100000,LD,1.3
2025-11-01,100000,LD,1.2
2025-12-01,100000,LD,1.2
2026-01-01,100000,LD,1.2
2026-02-01,100000,LD,1.2
2026-03-01,100000,LD,1.3
2026-04-01,100000,LD,1.2
2026-05-01,100000,LD,1.2
2026-06-01,100000,LD,1.3
2026-07-01,100000,LD,1.2
2026-08-01,100000,LD,1.2
2017-01-01,100000,QU,2.4
2017-02-01,100000,QU,2.4
2017-03-01,100000,QU,2.4
2017-04-01,100000,QU,2.3
2017-05-01,100000,QU,2.4
2017-06-01,100000,QU,2.4
2017-07-01,100000,QU,2.4
2017-08-01,100000,QU,2.4
2017-09-01,100000,QU,2.4
2017-10-01,100000,QU,2.4
2017-11-01,100000,QU,2.4
2017-12-01,100000,QU,2.4
2018-01-01,100000,QU,2.3
2018-02-01,100000,QU,2.4
2018-03-01,100000,QU,2.5
2018-04-01,100000,QU,2.5
2018-05-01,100000,QU,2.5
2018-06-01,100000,QU,2.5
2018-07-01,100000,QU,2.6
2018-08-01,100000,QU,2.6
2018-09-01,100000,QU,2.5
2018-10-01,100000,QU,2.6
2018-11-01,100000,QU,2.6
2018-12-01,100000,QU,2.5
2019-01-01,100000,QU,2.6
2019-02-01,100000,QU,2.6
2019-03-01,100000,QU,2.6
2019-04-01,100000,QU,2.6
2019-05-01,100000,QU,2.5
2019-06-01,100000,QU,2.6
2019-07-01,100000,QU,2.7
2019-08-01,100000,QU,2.6
2019-09-01,100000,QU,2.5
2019-10-01,100000,QU,2.5
2019-11-01,100000,QU,2.6
2019-12-01,100000,QU,2.5
2020-01-01,100000,QU,2.6
2020-02-01,100000,QU,2.6
2020-03-01,100000,QU,2.1
2020-04-01,100000,QU,1.7
2020-05-01,100000,QU,1.9
2020-06-01,100000,QU,2.1
2020-07-01,100000,QU,2.4
2020-08-01,100000,QU,2.3
2020-09-01,100000,QU,2.5
2020-10-01,100000,QU,2.6
2020-11-01,100000,QU,2.5
2020-12-01,100000,QU,2.6
2021-01-01,100000,QU,2.6
2021-02-01,100000,QU,2.6
2021-03-01,100000,QU,2.8
2021-04-01,100000,QU,3.1
2021-05-01,100000,QU,3.0
2021-06-01,100000,QU,3.1
2021-07-01,100000,QU,3.1
2021-08-01,100000,QU,3.2
2021-09-01,100000,QU,3.3
2021-10-01,100000,QU,3.1
2021-11-01,100000,QU,3.3
2021-12-01,100000,QU,3.2
2022-01-01,100000,QU,3.3
2022-02-01,100000,QU,3.1
2022-03-01,100000,QU,3.2
2022-04-01,100000,QU,3.3
2022-05-01,100000,QU,3.1
2022-06-01,100000,QU,3.0
2022-07-01,100000,QU,3.0
2022-08-01,100000,QU,3.1
2022-09-01,100000,QU,3.0
2022-10-01,100000,QU,2.8
2022-11-01,100000,QU,2.9
2022-12-01,100000,QU,3.0
2023-01-01,100000,QU,2.8
2023-02-01,100000,QU,2.8
2023-03-01,100000,QU,2.7
2023-04-01,100000,QU,2.6
2023-05-01,100000,QU,2.9
2023-06-01,100000,QU,2.6
2023-07-01,100000,QU,2.5
2023-08-01,100000,QU,2.6
2023-09-01,100000,QU,2.6
2023-10-01,100000,QU,2.5
2023-11-01,100000,QU,2.5
2023-12-01,100000,QU,2.4
2024-01-01,100000,QU,2.4
2024-02-01,100000,QU,2.5
2024-03-01,100000,QU,2.3
2024-04-01,100000,QU,2.4
2024-05-01,100000,QU,2.4
2024-06-01,100000,QU,2.3
2024-07-01,100000,QU,2.4
2024-08-01,100000,QU,2.3
2024-09-01,100000,QU,2.2
2024-10-01,100000,QU,2.3
2024-11-01,100000,QU,2.1
2024-12-01,100000,QU,2.1
2025-01-01,100000,QU,2.2
2025-02-01,100000,QU,2.2
2025-03-01,100000,QU,2.4
2025-04-01,100000,QU,2.2
2025-05-01,100000,QU,2.3
2025-06-01,100000,QU,2.3
2025-07-01,100000,QU,2.2
2025-08-01,100000,QU,2.2
2025-09-01,100000,QU,2.0
2025-10-01,100000,QU,2.1
2025-11-01,100000,QU,2.2
2025-12-01,100000,QU,2.3
2026-01-01,100000,QU,2.2
2026-02-01,100000,QU,2.1
2026-03-01,100000,QU,2.2
2026-04-01,100000,QU,2.1
2026-05-01,100000,QU,2.2
2026-06-01,100000,QU,2.2
2026-07-01,100000,QU,2.1
2026-08-01,100000,QU,2.1
2017-01-01,110099,HI,4.4
2017-02-01,110099,HI,5.1
2017-03-01,110099,HI,4.0
2017-04-01,110099,HI,4.3
2017-05-01,110099,HI,5.6
2017-06-01,110099,HI,4.5
2017-07-01,110099,HI,4.9
2017-08-01,110099,HI,4.4
2017-09-01,110099,HI,4.1
2017-10-01,110099,HI,4.6
2017-11-01,110099,HI,5.0
2017-12-01,110099,HI,4.4
2018-01-01,110099,HI,4.7
2018-02-01,110099,HI,4.8
2018-03-01,110099,HI,4.9
2018-04-01,110099,HI,5.4
2018-05-01,110099,HI,5.7
2018-06-01,110099,HI,5.8
2018-07-01,110099,HI,5.1
2018-08-01,110099,HI,6.1
2018-09-01,110099,HI,5.2
2018-10-01,110099,HI,4.4
2018-11-01,110099,HI,3.9
2018-12-01,110099,HI,5.4
2019-01-01,110099,HI,4.5
2019-02-01,110099,HI,4.4
2019-03-01,110099,HI,4.5
2019-04-01,110099,HI,3.7
2019-05-01,110099,HI,3.5
2019-06-01,110099,HI,2.9
2019-07-01,110099,HI,3.0
2019-08-01,110099,HI,2.9
2019-09-01,110099,HI,3.0
2019-10-01,110099,HI,3.6
2019-11-01,110099,HI,2.7
2019-12-01,110099,HI,3.0
2020-01-01,110099,HI,1.7
2020-02-01,110099,HI,3.6
2020-03-01,110099,HI,2.7
2020-04-01,110099,HI,2.3
2020-05-01,110099,HI,2.6
2020-06-01,110099,HI,1.4
2020-07-01,110099,HI,3.2
2020-08-01,110099,HI,2.4
2020-09-01,110099,HI,3.2
2020-10-01,110099,HI,2.8
2020-11-01,110099,HI,3.1
2020-12-01,110099,HI,3.9
2021-01-01,110099,HI,2.4
2021-02-01,110099,HI,2.3
2021-03-01,110099,HI,4.8
2021-04-01,110099,HI,3.8
2021-05-01,110099,HI,3.5
2021-06-01,110099,HI,3.3
2021-07-01,110099,HI,3.3
2021-08-01,110099,HI,3.6
2021-09-01,110099,HI,2.7
2021-10-01,110099,HI,3.8
2021-11-01,110099,HI,3.3
2021-12-01,110099,HI,3.8
2022-01-01,110099,HI,3.7
2022-02-01,110099,HI,3.3
2022-03-01,110099,HI,4.1
2022-04-01,110099,HI,4.3
2022-05-01,110099,HI,4.2
2022-06-01,110099,HI,4.4
2022-07-01,110099,HI,4.0
2022-08-01,110099,HI,2.8
2022-09-01,110099,HI,3.8
2022-10-01,110099,HI,3.6
2022-11-01,110099,HI,3.6
2022-12-01,110099,HI,3.6
2023-01-01,110099,HI,4.4
2023-02-01,110099,HI,4.3
2023-03-01,110099,HI,3.6
2023-04-01,110099,HI,3.8
2023-05-01,110099,HI,4.5
2023-06-01,110099,HI,4.1
2023-07-01,110099,HI,4.1
2023-08-01,110099,HI,4.0
2023-09-01,110099,HI,3.5
2023-10-01,110099,HI,3.3
2023-11-01,110099,HI,2.9
2023-12-01,110099,HI,2.7
2024-01-01,110099,HI,3.3
2024-02-01,110099,HI,3.3
2024-03-01,110099,HI,3.1
2024-04-01,110099,HI,2.2
2024-05-01,110099,HI,3.0
2024-06-01,110099,HI,2.8
2024-07-01,110099,HI,3.0
2024-08-01,110099,HI,2.9
2024-09-01,110099,HI,3.4
2024-10-01,110099,HI,2.9
2024-11-01,110099,HI,3.4
2024-12-01,110099,HI,3.4
2025-01-01,110099,HI,3.1
2025-02-01,110099,HI,3.2
2025-03-01,110099,HI,2.9
2025-04-01,110099,HI,3.9
2025-05-01,110099,HI,2.9
2025-06-01,110099,HI,3.4
2025-07-01,110099,HI,2.7
2025-08-01,110099,HI,3.4
2025-09-01,110099,HI,2.9
2025-10-01,110099,HI,3.0
2025-11-01,110099,HI,2.8
2025-12-01,110099,HI,3.3
2026-01-01,110099,HI,2.4
2026-02-01,110099,HI,3.2
2026-03-01,110099,HI,3.4
2026-04-01,110099,HI,3.8
2026-05-01,110099,HI,4.0
2026-06-01,110099,HI,3.5
2026-07-01,110099,HI,3.5
2026-08-01,110099,HI,3.9
2017-01-01,110099,JO,4.1
2017-02-01,110099,JO,3.8
2017-03-01,110099,JO,2.8
2017-04-01,110099,JO,4.3
2017-05-01,110099,JO,3.7
2017-06-01,110099,JO,3.9
2017-07-01,110099,JO,4.1
2017-08-01,110099,JO,4.1
2017-09-01,110099,JO,3.6
2017-10-01,110099,JO,4.0
2017-11-01,110099,JO,3.8
2017-12-01,110099,JO,3.2
2018-01-01,110099,JO,3.7
2018-02-01,110099,JO,3.9
2018-03-01,110099,JO,3.7
2018-04-01,110099,JO,4.6
2018-05-01,110099,JO,3.8
2018-06-01,110099,JO,3.7
2018-07-01,110099,JO,3.6
2018-08-01,110099,JO,4.0
2018-09-01,110099,JO,3.9
2018-10-01,110099,JO,4.3
2018-11-01,110099,JO,4.0
2018-12-01,110099,JO,3.4
2019-01-01,110099,JO,4.3
2019-02-01,110099,JO,4.0
2019-03-01,110099,JO,4.0
2019-04-01,110099,JO,3.6
2019-05-01,110099,JO,3.5
2019-06-01,110099,JO,3.6
2019-07-01,110099,JO,4.6
2019-08-01,110099,JO,4.0
2019-09-01,110099,JO,3.7
2019-10-01,110099,JO,2.9
2019-11-01,110099,JO,2.7
2019-12-01,110099,JO,2.1
2020-01-01,110099,JO,2.3
2020-02-01,110099,JO,3.6
2020-03-01,110099,JO,1.6
2020-04-01,110099,JO,1.4
2020-05-01,110099,JO,1.9
2020-06-01,110099,JO,2.7
2020-07-01,110099,JO,1.7
2020-08-01,110099,JO,1.7
2020-09-01,110099,JO,2.5
2020-10-01,110099,JO,2.7
2020-11-01,110099,JO,2.2
2020-12-01,110099,JO,3.0
2021-01-01,110099,JO,3.3
2021-02-01,110099,JO,3.2
2021-03-01,110099,JO,4.2
2021-04-01,110099,JO,3.5
2021-05-01,110099,JO,4.3
2021-06-01,110099,JO,3.7
2021-07-01,110099,JO,5.5
2021-08-01,110099,JO,5.4
2021-09-01,110099,JO,5.3
2021-10-01,110099,JO,5.3
2021-11-01,110099,JO,5.0
2021-12-01,110099,JO,6.0
2022-01-01,110099,JO,6.4
2022-02-01,110099,JO,5.3
2022-03-01,110099,JO,6.4
2022-04-01,110099,JO,6.2
2022-05-01,110099,JO,5.6
2022-06-01,110099,JO,6.1
2022-07-01,110099,JO,5.6
2022-08-01,110099,JO,3.6
2022-09-01,110099,JO,5.2
2022-10-01,110099,JO,6.9
2022-11-01,110099,JO,6.0
2022-12-01,110099,JO,5.1
2023-01-01,110099,JO,5.5
2023-02-01,110099,JO,5.2
2023-03-01,110099,JO,4.7
2023-04-01,110099,JO,5.2
2023-05-01,110099,JO,4.8
2023-06-01,110099,JO,4.3
2023-07-01,110099,JO,4.1
2023-08-01,110099,JO,3.9
2023-09-01,110099,JO,4.0
2023-10-01,110099,JO,3.5
2023-11-01,110099,JO,4.5
2023-12-01,110099,JO,4.8
2024-01-01,110099,JO,3.9
2024-02-01,110099,JO,4.4
2024-03-01,110099,JO,4.9
2024-04-01,110099,JO,2.8
2024-05-01,110099,JO,3.9
2024-06-01,110099,JO,2.4
2024-07-01,110099,JO,3.7
2024-08-01,110099,JO,3.6
2024-09-01,110099,JO,3.4
2024-10-01,110099,JO,3.8
2024-11-01,110099,JO,3.4
2024-12-01,110099,JO,3.3
2025-01-01,110099,JO,2.7
2025-02-01,110099,JO,3.0
2025-03-01,110099,JO,1.9
2025-04-01,110099,JO,3.6
2025-05-01,110099,JO,3.1
2025-06-01,110099,JO,3.9
2025-07-01,110099,JO,1.9
2025-08-01,110099,JO,3.4
2025-09-01,110099,JO,3.5
2025-10-01,110099,JO,3.1
2025-11-01,110099,JO,2.9
2025-12-01,110099,JO,3.4
2026-01-01,110099,JO,4.6
2026-02-01,110099,JO,2.7
2026-03-01,110099,JO,3.3
2026-04-01,110099,JO,4.2
2026-05-01,110099,JO,4.6
2026-06-01,110099,JO,3.6
2026-07-01,110099,JO,3.8
2026-08-01,110099,JO,4.0
2017-01-01,110099,LD,1.9
2017-02-01,110099,LD,1.7
2017-03-01,110099,LD,1.3
2017-04-01,110099,LD,1.3
2017-05-01,110099,LD,2.3
2017-06-01,110099,LD,1.5
2017-07-01,110099,LD,1.4
2017-08-01,110099,LD,1.3
2017-09-01,110099,LD,1.0
2017-10-01,110099,LD,1.6
2017-11-01,110099,LD,1.8
2017-12-01,110099,LD,1.6
2018-01-01,110099,LD,1.2
2018-02-01,110099,LD,1.0
2018-03-01,110099,LD,1.2
2018-04-01,110099,LD,1.3
2018-05-01,110099,LD,1.5
2018-06-01,110099,LD,2.0
2018-07-01,110099,LD,1.9
2018-08-01,110099,LD,1.9
2018-09-01,110099,LD,1.9
2018-10-01,110099,LD,1.3
2018-11-01,110099,LD,1.5
2018-12-01,110099,LD,1.3
2019-01-01,110099,LD,1.8
2019-02-01,110099,LD,1.9
2019-03-01,110099,LD,1.7
2019-04-01,110099,LD,1.7
2019-05-01,110099,LD,1.5
2019-06-01,110099,LD,1.1
2019-07-01,110099,LD,1.6
2019-08-01,110099,LD,1.4
2019-09-01,110099,LD,1.7
2019-10-01,110099,LD,1.6
2019-11-01,110099,LD,2.0
2019-12-01,110099,LD,2.4
2020-01-01,110099,LD,1.5
2020-02-01,110099,LD,0.9
2020-03-01,110099,LD,5.5
2020-04-01,110099,LD,10.1
2020-05-01,110099,LD,3.5
2020-06-01,110099,LD,2.5
2020-07-01,110099,LD,2.7
2020-08-01,110099,LD,1.8
2020-09-01,110099,LD,1.7
2020-10-01,110099,LD,1.7
2020-11-01,110099,LD,1.2
2020-12-01,110099,LD,1.7
2021-01-01,110099,LD,1.8
2021-02-01,110099,LD,1.7
2021-03-01,110099,LD,0.8
2021-04-01,110099,LD,1.2
2021-05-01,110099,LD,1.2
2021-06-01,110099,LD,0.7
2021-07-01,110099,LD,1.1
2021-08-01,110099,LD,1.0
2021-09-01,110099,LD,0.4
2021-10-01,110099,LD,1.0
2021-11-01,110099,LD,0.8
2021-12-01,110099,LD,0.8
2022-01-01,110099,LD,1.2
2022-02-01,110099,LD,0.7
2022-03-01,110099,LD,0.6
2022-04-01,110099,LD,0.6
2022-05-01,110099,LD,0.9
2022-06-01,110099,LD,0.5
2022-07-01,110099,LD,0.7
2022-08-01,110099,LD,0.8
2022-09-01,110099,LD,1.0
2022-10-01,110099,LD,0.7
2022-11-01,110099,LD,0.9
2022-12-01,110099,LD,0.8
2023-01-01,110099,LD,0.8
2023-02-01,110099,LD,1.0
2023-03-01,110099,LD,1.6
2023-04-01,110099,LD,1.1
2023-05-01,110099,LD,1.0
2023-06-01,110099,LD,1.3
2023-07-01,110099,LD,1.1
2023-08-01,110099,LD,1.1
2023-09-01,110099,LD,1.2
2023-10-01,110099,LD,1.0
2023-11-01,110099,LD,1.0
2023-12-01,110099,LD,0.8
2024-01-01,110099,LD,1.4
2024-02-01,110099,LD,0.8
2024-03-01,110099,LD,1.2
2024-04-01,110099,LD,0.9
2024-05-01,110099,LD,1.1
2024-06-01,110099,LD,1.1
2024-07-01,110099,LD,0.9
2024-08-01,110099,LD,1.0
2024-09-01,110099,LD,0.8
2024-10-01,110099,LD,1.2
2024-11-01,110099,LD,1.2
2024-12-01,110099,LD,2.0
2025-01-01,110099,LD,0.9
2025-02-01,110099,LD,1.0
2025-03-01,110099,LD,1.2
2025-04-01,110099,LD,1.1
2025-05-01,110099,LD,1.0
2025-06-01,110099,LD,1.4
2025-07-01,110099,LD,1.0
2025-08-01,110099,LD,1.5
2025-09-01,110099,LD,1.1
2025-10-01,110099,LD,0.7
2025-11-01,110099,LD,0.7
2025-12-01,110099,LD,1.0
2026-01-01,110099,LD,0.7
2026-02-01,110099,LD,0.6
2026-03-01,110099,LD,0.9
2026-04-01,110099,LD,0.8
2026-05-01,110099,LD,1.0
2026-06-01,110099,LD,1.5
2026-07-01,110099,LD,1.0
2026-08-01,110099,LD,1.0
2017-01-01,110099,QU,1.9
2017-02-01,110099,QU,2.0
2017-03-01,110099,QU,1.8
2017-04-01,110099,QU,1.3
2017-05-01,110099,QU,2.1
2017-06-01,110099,QU,2.2
2017-07-01,110099,QU,2.5
2017-08-01,110099,QU,1.9
2017-09-01,110099,QU,2.5
2017-10-01,110099,QU,2.7
2017-11-01,110099,QU,2.1
2017-12-01,110099,QU,2.6
2018-01-01,110099,QU,2.8
2018-02-01,110099,QU,2.9
2018-03-01,110099,QU,2.5
2018-04-01,110099,QU,3.0
2018-05-01,110099,QU,3.1
2018-06-01,110099,QU,2.8
2018-07-01,110099,QU,2.9
2018-08-01,110099,QU,2.7
2018-09-01,110099,QU,3.0
2018-10-01,110099,QU,2.5
2018-11-01,110099,QU,2.7
2018-12-01,110099,QU,3.1
2019-01-01,110099,QU,2.1
2019-02-01,110099,QU,2.7
2019-03-01,110099,QU,3.0
2019-04-01,110099,QU,2.4
2019-05-01,110099,QU,2.0
2019-06-01,110099,QU,1.8
2019-07-01,110099,QU,1.9
2019-08-01,110099,QU,1.9
2019-09-01,110099,QU,1.6
2019-10-01,110099,QU,1.7
2019-11-01,110099,QU,1.9
2019-12-01,110099,QU,1.7
2020-01-01,110099,QU,2.3
2020-02-01,110099,QU,1.6
2020-03-01,110099,QU,1.3
2020-04-01,110099,QU,0.9
2020-05-01,110099,QU,1.1
2020-06-01,110099,QU,1.4
2020-07-01,110099,QU,1.4
2020-08-01,110099,QU,1.3
2020-09-01,110099,QU,1.5
2020-10-01,110099,QU,1.5
2020-11-01,110099,QU,1.8
2020-12-01,110099,QU,1.3
2021-01-01,110099,QU,1.3
2021-02-01,110099,QU,2.0
2021-03-01,110099,QU,1.5
2021-04-01,110099,QU,1.8
2021-05-01,110099,QU,1.5
2021-06-01,110099,QU,1.9
2021-07-01,110099,QU,1.6
2021-08-01,110099,QU,1.8
2021-09-01,110099,QU,1.7
2021-10-01,110099,QU,2.0
2021-11-01,110099,QU,1.9
2021-12-01,110099,QU,2.3
2022-01-01,110099,QU,2.0
2022-02-01,110099,QU,1.9
2022-03-01,110099,QU,2.3
2022-04-01,110099,QU,2.2
2022-05-01,110099,QU,2.5
2022-06-01,110099,QU,2.2
2022-07-01,110099,QU,1.9
2022-08-01,110099,QU,2.2
2022-09-01,110099,QU,2.1
2022-10-01,110099,QU,2.1
2022-11-01,110099,QU,1.8
2022-12-01,110099,QU,2.5
2023-01-01,110099,QU,2.3
2023-02-01,110099,QU,2.8
2023-03-01,110099,QU,2.5
2023-04-01,110099,QU,1.7
2023-05-01,110099,QU,2.3
2023-06-01,110099,QU,2.6
2023-07-01,110099,QU,2.3
2023-08-01,110099,QU,2.6
2023-09-01,110099,QU,2.2
2023-10-01,110099,QU,2.3
2023-11-01,110099,QU,2.2
2023-12-01,110099,QU,1.7
2024-01-01,110099,QU,2.4
2024-02-01,110099,QU,2.1
2024-03-01,110099,QU,1.7
2024-04-01,110099,QU,2.1
2024-05-01,110099,QU,2.2
2024-06-01,110099,QU,1.8
2024-07-01,110099,QU,1.6
2024-08-01,110099,QU,1.4
2024-09-01,110099,QU,1.8
2024-10-01,110099,QU,1.8
2024-11-01,110099,QU,1.7
2024-12-01,110099,QU,1.4
2025-01-01,110099,QU,1.8
2025-02-01,110099,QU,1.9
2025-03-01,110099,QU,2.5
2025-04-01,110099,QU,2.0
2025-05-01,110099,QU,2.1
2025-06-01,110099,QU,2.1
2025-07-01,110099,QU,2.3
2025-08-01,110099,QU,2.1
2025-09-01,110099,QU,1.9
2025-10-01,110099,QU,2.0
2025-11-01,110099,QU,2.3
2025-12-01,110099,QU,2.7
2026-01-01,110099,QU,2.1
2026-02-01,110099,QU,2.1
2026-03-01,110099,QU,2.1
2026-04-01,110099,QU,1.9
2026-05-01,110099,QU,2.2
2026-06-01,110099,QU,2.2
2026-07-01,110099,QU,2.6
2026-08-01,110099,QU,2.3
2017-01-01,230000,HI,5.8
2017-02-01,230000,HI,5.5
2017-03-01,230000,HI,5.7
2017-04-01,230000,HI,5.5
2017-05-01,230000,HI,5.7
2017-06-01,230000,HI,5.4
2017-07-01,230000,HI,5.3
2017-08-01,230000,HI,5.6
2017-09-01,230000,HI,5.7
2017-10-01,230000,HI,5.6
2017-11-01,230000,HI,5.1
2017-12-01,230000,HI,4.5
2018-01-01,230000,HI,4.9
2018-02-01,230000,HI,5.9
2018-03-01,230000,HI,5.2
2018-04-01,230000,HI,4.8
2018-05-01,230000,HI,5.5
2018-06-01,230000,HI,5.1
2018-07-01,230000,HI,5.3
2018-08-01,230000,HI,5.2
2018-09-01,230000,HI,5.2
2018-10-01,230000,HI,4.8
2018-11-01,230000,HI,5.3
2018-12-01,230000,HI,5.1
2019-01-01,230000,HI,5.7
2019-02-01,230000,HI,5.0
2019-03-01,230000,HI,5.1
2019-04-01,230000,HI,5.6
2019-05-01,230000,HI,5.1
2019-06-01,230000,HI,5.8
2019-07-01,230000,HI,5.1
2019-08-01,230000,HI,5.5
2019-09-01,230000,HI,5.9
2019-10-01,230000,HI,6.5
2019-11-01,230000,HI,5.5
2019-12-01,230000,HI,5.9
2020-01-01,230000,HI,5.7
2020-02-01,230000,HI,5.0
2020-03-01,230000,HI,5.0
2020-04-01,230000,HI,3.7
2020-05-01,230000,HI,10.8
2020-06-01,230000,HI,7.3
2020-07-01,230000,HI,5.4
2020-08-01,230000,HI,5.2
2020-09-01,230000,HI,5.2
2020-10-01,230000,HI,5.3
2020-11-01,230000,HI,5.2
2020-12-01,230000,HI,5.3
2021-01-01,230000,HI,4.5
2021-02-01,230000,HI,4.9
2021-03-01,230000,HI,5.9
2021-04-01,230000,HI,4.6
2021-05-01,230000,HI,4.3
2021-06-01,230000,HI,4.8
2021-07-01,230000,HI,4.6
2021-08-01,230000,HI,4.9
2021-09-01,230000,HI,4.7
2021-10-01,230000,HI,5.0
2021-11-01,230000,HI,5.9
2021-12-01,230000,HI,5.1
2022-01-01,230000,HI,4.2
2022-02-01,230000,HI,5.2
2022-03-01,230000,HI,5.3
2022-04-01,230000,HI,4.6
2022-05-01,230000,HI,4.9
2022-06-01,230000,HI,4.8
2022-07-01,230000,HI,5.0
2022-08-01,230000,HI,4.9
2022-09-01,230000,HI,4.9
2022-10-01,230000,HI,4.5
2022-11-01,230000,HI,4.1
2022-12-01,230000,HI,4.7
2023-01-01,230000,HI,4.8
2023-02-01,230000,HI,4.4
2023-03-01,230000,HI,5.1
2023-04-01,230000,HI,4.8
2023-05-01,230000,HI,4.6
2023-06-01,230000,HI,4.7
2023-07-01,230000,HI,4.7
2023-08-01,230000,HI,4.5
2023-09-01,230000,HI,3.8
2023-10-01,230000,HI,4.8
2023-11-01,230000,HI,4.6
2023-12-01,230000,HI,4.4
2024-01-01,230000,HI,4.5
2024-02-01,230000,HI,4.6
2024-03-01,230000,HI,4.3
2024-04-01,230000,HI,4.1
2024-05-01,230000,HI,4.7
2024-06-01,230000,HI,3.9
2024-07-01,230000,HI,4.2
2024-08-01,230000,HI,4.1
2024-09-01,230000,HI,4.0
2024-10-01,230000,HI,4.0
2024-11-01,230000,HI,3.9
2024-12-01,230000,HI,3.6
2025-01-01,230000,HI,4.0
2025-02-01,230000,HI,4.2
2025-03-01,230000,HI,3.6
2025-04-01,230000,HI,4.2
2025-05-01,230000,HI,4.2
2025-06-01,230000,HI,4.2
2025-07-01,230000,HI,4.0
2025-08-01,230000,HI,4.1
2025-09-01,230000,HI,4.1
2025-10-01,230000,HI,3.6
2025-11-01,230000,HI,4.0
2025-12-01,230000,HI,3.9
2026-01-01,230000,HI,4.4
2026-02-01,230000,HI,3.5
2026-03-01,230000,HI,3.7
2026-04-01,230000,HI,3.8
2026-05-01,230000,HI,3.4
2026-06-01,230000,HI,3.8
2026-07-01,230000,HI,4.3
2026-08-01,230000,HI,3.7
2017-01-01,230000,JO,2.3
2017-02-01,230000,JO,2.7
2017-03-01,230000,JO,2.5
2017-04-01,230000,JO,2.9
2017-05-01,230000,JO,2.4
2017-06-01,230000,JO,2.8
2017-07-01,230000,JO,2.9
2017-08-01,230000,JO,2.9
2017-09-01,230000,JO,2.7
2017-10-01,230000,JO,2.8
2017-11-01,230000,JO,3.3
2017-12-01,230000,JO,3.2
2018-01-01,230000,JO,3.4
2018-02-01,230000,JO,2.9
2018-03-01,230000,JO,3.0
2018-04-01,230000,JO,3.0
2018-05-01,230000,JO,3.5
2018-06-01,230000,JO,3.8
2018-07-01,230000,JO,3.6
2018-08-01,230000,JO,3.7
2018-09-01,230000,JO,4.1
2018-10-01,230000,JO,3.6
2018-11-01,230000,JO,4.1
2018-12-01,230000,JO,5.1
2019-01-01,230000,JO,4.0
2019-02-01,230000,JO,3.7
2019-03-01,230000,JO,4.6
2019-04-01,230000,JO,5.1
2019-05-01,230000,JO,4.6
2019-06-01,230000,JO,3.9
2019-07-01,230000,JO,4.1
2019-08-01,230000,JO,4.2
2019-09-01,230000,JO,4.2
2019-10-01,230000,JO,4.1
2019-11-01,230000,JO,3.1
2019-12-01,230000,JO,3.3
2020-01-01,230000,JO,3.8
2020-02-01,230000,JO,3.7
2020-03-01,230000,JO,2.9
2020-04-01,230000,JO,3.1
2020-05-01,230000,JO,3.9
2020-06-01,230000,JO,3.1
2020-07-01,230000,JO,4.1
2020-08-01,230000,JO,3.4
2020-09-01,230000,JO,3.0
2020-10-01,230000,JO,3.2
2020-11-01,230000,JO,3.4
2020-12-01,230000,JO,3.3
2021-01-01,230000,JO,4.0
2021-02-01,230000,JO,3.3
2021-03-01,230000,JO,4.5
2021-04-01,230000,JO,4.1
2021-05-01,230000,JO,3.9
2021-06-01,230000,JO,4.2
2021-07-01,230000,JO,4.8
2021-08-01,230000,JO,5.0
2021-09-01,230000,JO,4.6
2021-10-01,230000,JO,5.0
2021-11-01,230000,JO,4.8
2021-12-01,230000,JO,4.7
2022-01-01,230000,JO,5.4
2022-02-01,230000,JO,4.6
2022-03-01,230000,JO,5.6
2022-04-01,230000,JO,5.4
2022-05-01,230000,JO,5.0
2022-06-01,230000,JO,4.9
2022-07-01,230000,JO,4.7
2022-08-01,230000,JO,4.3
2022-09-01,230000,JO,5.3
2022-10-01,230000,JO,4.8
2022-11-01,230000,JO,3.9
2022-12-01,230000,JO,4.8
2023-01-01,230000,JO,3.7
2023-02-01,230000,JO,4.4
2023-03-01,230000,JO,3.7
2023-04-01,230000,JO,4.6
2023-05-01,230000,JO,4.6
2023-06-01,230000,JO,5.0
2023-07-01,230000,JO,4.5
2023-08-01,230000,JO,4.8
2023-09-01,230000,JO,5.0
2023-10-01,230000,JO,4.9
2023-11-01,230000,JO,5.2
2023-12-01,230000,JO,4.8
2024-01-01,230000,JO,4.8
2024-02-01,230000,JO,4.6
2024-03-01,230000,JO,4.0
2024-04-01,230000,JO,3.9
2024-05-01,230000,JO,4.5
2024-06-01,230000,JO,3.4
2024-07-01,230000,JO,2.9
2024-08-01,230000,JO,4.0
2024-09-01,230000,JO,2.9
2024-10-01,230000,JO,2.8
2024-11-01,230000,JO,2.7
2024-12-01,230000,JO,1.6
2025-01-01,230000,JO,2.7
2025-02-01,230000,JO,3.0
2025-03-01,230000,JO,3.3
2025-04-01,230000,JO,2.4
2025-05-01,230000,JO,2.6
2025-06-01,230000,JO,2.6
2025-07-01,230000,JO,3.6
2025-08-01,230000,JO,2.5
2025-09-01,230000,JO,2.4
2025-10-01,230000,JO,2.3
2025-11-01,230000,JO,3.4
2025-12-01,230000,JO,2.9
2026-01-01,230000,JO,2.7
2026-02-01,230000,JO,2.4
2026-03-01,230000,JO,2.7
2026-04-01,230000,JO,3.1
2026-05-01,230000,JO,3.4
2026-06-01,230000,JO,3.5
2026-07-01,230000,JO,3.5
2026-08-01,230000,JO,2.9
2017-01-01,230000,LD,2.7
2017-02-01,230000,LD,2.3
2017-03-01,230000,LD,2.8
2017-04-01,230000,LD,3.0
2017-05-01,230000,LD,3.0
2017-06-01,230000,LD,3.1
2017-07-01,230000,LD,3.2
2017-08-01,230000,LD,2.8
2017-09-01,230000,LD,2.9
2017-10-01,230000,LD,2.6
2017-11-01,230000,LD,2.4
2017-12-01,230000,LD,1.9
2018-01-01,230000,LD,2.4
2018-02-01,230000,LD,2.5
2018-03-01,230000,LD,2.5
2018-04-01,230000,LD,2.2
2018-05-01,230000,LD,2.3
2018-06-01,230000,LD,2.4
2018-07-01,230000,LD,2.2
2018-08-01,230000,LD,2.2
2018-09-01,230000,LD,2.3
2018-10-01,230000,LD,1.9
2018-11-01,230000,LD,2.6
2018-12-01,230000,LD,2.1
2019-01-01,230000,LD,2.5
2019-02-01,230000,LD,2.4
2019-03-01,230000,LD,2.2
2019-04-01,230000,LD,3.2
2019-05-01,230000,LD,2.8
2019-06-01,230000,LD,2.9
2019-07-01,230000,LD,2.5
2019-08-01,230000,LD,2.9
2019-09-01,230000,LD,2.9
2019-10-01,230000,LD,3.5
2019-11-01,230000,LD,3.2
2019-12-01,230000,LD,3.3
2020-01-01,230000,LD,2.3
2020-02-01,230000,LD,2.7
2020-03-01,230000,LD,8.5
2020-04-01,230000,LD,10.9
2020-05-01,230000,LD,2.9
2020-06-01,230000,LD,2.6
2020-07-01,230000,LD,2.7
2020-08-01,230000,LD,2.6
2020-09-01,230000,LD,2.3
2020-10-01,230000,LD,2.5
2020-11-01,230000,LD,2.4
2020-12-01,230000,LD,2.7
2021-01-01,230000,LD,2.4
2021-02-01,230000,LD,3.2
2021-03-01,230000,LD,2.2
2021-04-01,230000,LD,2.0
2021-05-01,230000,LD,2.3
2021-06-01,230000,LD,2.4
2021-07-01,230000,LD,1.7
2021-08-01,230000,LD,2.0
2021-09-01,230000,LD,1.4
2021-10-01,230000,LD,1.8
2021-11-01,230000,LD,2.0
2021-12-01,230000,LD,1.9
2022-01-01,230000,LD,1.8
2022-02-01,230000,LD,1.8
2022-03-01,230000,LD,1.6
2022-04-01,230000,LD,1.4
2022-05-01,230000,LD,1.5
2022-06-01,230000,LD,2.3
2022-07-01,230000,LD,1.9
2022-08-01,230000,LD,1.6
2022-09-01,230000,LD,2.3
2022-10-01,230000,LD,2.1
2022-11-01,230000,LD,1.9
2022-12-01,230000,LD,2.1
2023-01-01,230000,LD,1.9
2023-02-01,230000,LD,2.1
2023-03-01,230000,LD,4.4
2023-04-01,230000,LD,2.5
2023-05-01,230000,LD,1.8
2023-06-01,230000,LD,1.6
2023-07-01,230000,LD,2.0
2023-08-01,230000,LD,2.0
2023-09-01,230000,LD,1.7
2023-10-01,230000,LD,2.1
2023-11-01,230000,LD,2.3
2023-12-01,230000,LD,2.1
2024-01-01,230000,LD,2.2
2024-02-01,230000,LD,2.5
2024-03-01,230000,LD,2.4
2024-04-01,230000,LD,1.6
2024-05-01,230000,LD,2.0
2024-06-01,230000,LD,1.7
2024-07-01,230000,LD,2.0
2024-08-01,230000,LD,2.0
2024-09-01,230000,LD,2.0
2024-10-01,230000,LD,1.9
2024-11-01,230000,LD,1.8
2024-12-01,230000,LD,1.9
2025-01-01,230000,LD,2.0
2025-02-01,230000,LD,1.8
2025-03-01,230000,LD,2.0
2025-04-01,230000,LD,2.1
2025-05-01,230000,LD,2.2
2025-06-01,230000,LD,2.3
2025-07-01,230000,LD,2.4
2025-08-01,230000,LD,2.2
2025-09-01,230000,LD,2.3
2025-10-01,230000,LD,2.0
2025-11-01,230000,LD,1.9
2025-12-01,230000,LD,1.9
2026-01-01,230000,LD,1.9
2026-02-01,230000,LD,1.8
2026-03-01,230000,LD,1.8
2026-04-01,230000,LD,1.5
2026-05-01,230000,LD,2.0
2026-06-01,230000,LD,1.9
2026-07-01,230000,LD,1.9
2026-08-01,230000,LD,1.2
2017-01-01,230000,QU,2.2
2017-02-01,230000,QU,2.3
2017-03-01,230000,QU,2.4
2017-04-01,230000,QU,2.3
2017-05-01,230000,QU,2.1
2017-06-01,230000,QU,2.0
2017-07-01,230000,QU,2.2
2017-08-01,230000,QU,2.2
2017-09-01,230000,QU,2.4
2017-10-01,230000,QU,2.6
2017-11-01,230000,QU,2.0
2017-12-01,230000,QU,2.1
2018-01-01,230000,QU,2.2
2018-02-01,230000,QU,2.1
2018-03-01,230000,QU,2.2
2018-04-01,230000,QU,2.4
2018-05-01,230000,QU,2.3
2018-06-01,230000,QU,2.4
2018-07-01,230000,QU,2.7
2018-08-01,230000,QU,2.4
2018-09-01,230000,QU,2.2
2018-10-01,230000,QU,2.4
2018-11-01,230000,QU,2.5
2018-12-01,230000,QU,2.4
2019-01-01,230000,QU,2.6
2019-02-01,230000,QU,2.7
2019-03-01,230000,QU,1.9
2019-04-01,230000,QU,1.9
2019-05-01,230000,QU,2.2
2019-06-01,230000,QU,2.4
2019-07-01,230000,QU,2.3
2019-08-01,230000,QU,2.3
2019-09-01,230000,QU,2.5
2019-10-01,230000,QU,2.5
2019-11-01,230000,QU,2.2
2019-12-01,230000,QU,2.3
2020-01-01,230000,QU,2.1
2020-02-01,230000,QU,2.0
2020-03-01,230000,QU,1.6
2020-04-01,230000,QU,1.4
2020-05-01,230000,QU,1.5
2020-06-01,230000,QU,1.9
2020-07-01,230000,QU,2.0
2020-08-01,230000,QU,1.4
2020-09-01,230000,QU,2.1
2020-10-01,230000,QU,1.8
2020-11-01,230000,QU,2.1
2020-12-01,230000,QU,2.1
2021-01-01,230000,QU,1.8
2021-02-01,230000,QU,2.3
2021-03-01,230000,QU,2.4
2021-04-01,230000,QU,2.5
2021-05-01,230000,QU,2.2
2021-06-01,230000,QU,2.3
2021-07-01,230000,QU,2.2
2021-08-01,230000,QU,2.5
2021-09-01,230000,QU,2.6
2021-10-01,230000,QU,2.5
2021-11-01,230000,QU,3.0
2021-12-01,230000,QU,2.4
2022-01-01,230000,QU,2.3
2022-02-01,230000,QU,2.3
2022-03-01,230000,QU,3.3
2022-04-01,230000,QU,3.0
2022-05-01,230000,QU,2.6
2022-06-01,230000,QU,2.0
2022-07-01,230000,QU,2.4
2022-08-01,230000,QU,3.0
2022-09-01,230000,QU,2.0
2022-10-01,230000,QU,2.0
2022-11-01,230000,QU,1.7
2022-12-01,230000,QU,2.0
2023-01-01,230000,QU,2.1
2023-02-01,230000,QU,1.9
2023-03-01,230000,QU,1.8
2023-04-01,230000,QU,1.9
2023-05-01,230000,QU,2.5
2023-06-01,230000,QU,2.2
2023-07-01,230000,QU,2.1
2023-08-01,230000,QU,2.1
2023-09-01,230000,QU,1.8
2023-10-01,230000,QU,2.2
2023-11-01,230000,QU,2.1
2023-12-01,230000,QU,1.9
2024-01-01,230000,QU,1.7
2024-02-01,230000,QU,1.7
2024-03-01,230000,QU,1.8
2024-04-01,230000,QU,2.3
2024-05-01,230000,QU,2.3
2024-06-01,230000,QU,1.6
2024-07-01,230000,QU,1.7
2024-08-01,230000,QU,1.5
2024-09-01,230000,QU,1.7
2024-10-01,230000,QU,1.7
2024-11-01,230000,QU,1.8
2024-12-01,230000,QU,1.3
2025-01-01,230000,QU,2.0
2025-02-01,230000,QU,2.1
2025-03-01,230000,QU,2.0
2025-04-01,230000,QU,1.9
2025-05-01,230000,QU,1.9
2025-06-01,230000,QU,1.8
2025-07-01,230000,QU,1.2
2025-08-01,230000,QU,1.8
2025-09-01,230000,QU,1.5
2025-10-01,230000,QU,1.6
2025-11-01,230000,QU,1.6
2025-12-01,230000,QU,1.8
2026-01-01,230000,QU,1.6
2026-02-01,230000,QU,1.6
2026-03-01,230000,QU,1.7
2026-04-01,230000,QU,1.7
2026-05-01,230000,QU,1.4
2026-06-01,230000,QU,1.8
2026-07-01,230000,QU,1.8
2026-08-01,230000,QU,1.8
2017-01-01,300000,HI,2.5
2017-02-01,300000,HI,2.4
2017-03-01,300000,HI,2.6
2017-04-01,300000,HI,2.6
2017-05-01,300000,HI,2.7
2017-06-01,300000,HI,2.7
2017-07-01,300000,HI,2.7
2017-08-01,300000,HI,3.0
2017-09-01,300000,HI,2.6
2017-10-01,300000,HI,2.8
2017-11-01,300000,HI,2.7
2017-12-01,300000,HI,2.8
2018-01-01,300000,HI,2.9
2018-02-01,300000,HI,3.0
2018-03-01,300000,HI,2.8
2018-04-01,300000,HI,2.9
2018-05-01,300000,HI,2.9
2018-06-01,300000,HI,2.9
2018-07-01,300000,HI,3.0
2018-08-01,300000,HI,2.9
2018-09-01,300000,HI,2.6
2018-10-01,300000,HI,3.1
2018-11-01,300000,HI,2.9
2018-12-01,300000,HI,2.7
2019-01-01,300000,HI,2.7
2019-02-01,300000,HI,2.6
2019-03-01,300000,HI,2.7
2019-04-01,300000,HI,2.7
2019-05-01,300000,HI,2.6
2019-06-01,300000,HI,2.5
2019-07-01,300000,HI,2.6
2019-08-01,300000,HI,2.6
2019-09-01,300000,HI,2.7
2019-10-01,300000,HI,2.4
2019-11-01,300000,HI,2.8
2019-12-01,300000,HI,2.6
2020-01-01,300000,HI,2.5
2020-02-01,300000,HI,2.8
2020-03-01,300000,HI,2.4
2020-04-01,300000,HI,3.2
2020-05-01,300000,HI,5.4
2020-06-01,300000,HI,4.0
2020-07-01,300000,HI,2.9
2020-08-01,300000,HI,3.3
2020-09-01,300000,HI,3.2
2020-10-01,300000,HI,3.3
2020-11-01,300000,HI,3.4
2020-12-01,300000,HI,3.7
2021-01-01,300000,HI,2.9
2021-02-01,300000,HI,3.3
2021-03-01,300000,HI,3.6
2021-04-01,300000,HI,3.1
2021-05-01,300000,HI,3.4
2021-06-01,300000,HI,3.7
2021-07-01,300000,HI,3.9
2021-08-01,300000,HI,3.9
2021-09-01,300000,HI,4.0
2021-10-01,300000,HI,4.0
2021-11-01,300000,HI,4.0
2021-12-01,300000,HI,3.9
2022-01-01,300000,HI,3.8
2022-02-01,300000,HI,3.9
2022-03-01,300000,HI,4.1
2022-04-01,300000,HI,3.9
2022-05-01,300000,HI,3.5
2022-06-01,300000,HI,3.8
2022-07-01,300000,HI,3.4
2022-08-01,300000,HI,3.7
2022-09-01,300000,HI,3.1
2022-10-01,300000,HI,3.4
2022-11-01,300000,HI,3.3
2022-12-01,300000,HI,3.2
2023-01-01,300000,HI,3.3
2023-02-01,300000,HI,3.4
2023-03-01,300000,HI,3.1
2023-04-01,300000,HI,2.9
2023-05-01,300000,HI,3.4
2023-06-01,300000,HI,3.1
2023-07-01,300000,HI,3.1
2023-08-01,300000,HI,3.0
2023-09-01,300000,HI,2.9
2023-10-01,300000,HI,2.9
2023-11-01,300000,HI,2.8
2023-12-01,300000,HI,2.8
2024-01-01,300000,HI,2.9
2024-02-01,300000,HI,2.5
2024-03-01,300000,HI,2.5
2024-04-01,300000,HI,2.9
2024-05-01,300000,HI,2.7
2024-06-01,300000,HI,2.6
2024-07-01,300000,HI,2.7
2024-08-01,300000,HI,2.4
2024-09-01,300000,HI,2.7
2024-10-01,300000,HI,2.5
2024-11-01,300000,HI,2.4
2024-12-01,300000,HI,2.4
2025-01-01,300000,HI,2.5
2025-02-01,300000,HI,2.4
2025-03-01,300000,HI,2.4
2025-04-01,300000,HI,2.5
2025-05-01,300000,HI,2.2
2025-06-01,300000,HI,2.3
2025-07-01,300000,HI,2.3
2025-08-01,300000,HI,2.4
2025-09-01,300000,HI,2.4
2025-10-01,300000,HI,2.4
2025-11-01,300000,HI,2.2
2025-12-01,300000,HI,2.2
2026-01-01,300000,HI,2.3
2026-02-01,300000,HI,2.2
2026-03-01,300000,HI,2.4
2026-04-01,300000,HI,2.3
2026-05-01,300000,HI,2.4
2026-06-01,300000,HI,2.6
2026-07-01,300000,HI,2.3
2026-08-01,300000,HI,2.6
2017-01-01,300000,JO,2.9
2017-02-01,300000,JO,2.9
2017-03-01,300000,JO,3.1
2017-04-01,300000,JO,2.9
2017-05-01,300000,JO,2.7
2017-06-01,300000,JO,3.1
2017-07-01,300000,JO,2.9
2017-08-01,300000,JO,3.3
2017-09-01,300000,JO,3.4
2017-10-01,300000,JO,3.3
2017-11-01,300000,JO,3.4
2017-12-01,300000,JO,3.1
2018-01-01,300000,JO,3.4
2018-02-01,300000,JO,3.4
2018-03-01,300000,JO,3.2
2018-04-01,300000,JO,3.4
2018-05-01,300000,JO,3.5
2018-06-01,300000,JO,3.5
2018-07-01,300000,JO,3.5
2018-08-01,300000,JO,3.8
2018-09-01,300000,JO,3.6
2018-10-01,300000,JO,3.8
2018-11-01,300000,JO,3.9
2018-12-01,300000,JO,3.5
2019-01-01,300000,JO,3.2
2019-02-01,300000,JO,3.4
2019-03-01,300000,JO,3.3
2019-04-01,300000,JO,3.4
2019-05-01,300000,JO,3.5
2019-06-01,300000,JO,3.5
2019-07-01,300000,JO,3.4
2019-08-01,300000,JO,3.3
2019-09-01,300000,JO,3.3
2019-10-01,300000,JO,3.0
2019-11-01,300000,JO,3.1
2019-12-01,300000,JO,2.9
2020-01-01,300000,JO,3.1
2020-02-01,300000,JO,3.0
2020-03-01,300000,JO,2.3
2020-04-01,300000,JO,2.6
2020-05-01,300000,JO,2.6
2020-06-01,300000,JO,2.7
2020-07-01,300000,JO,3.2
2020-08-01,300000,JO,3.7
2020-09-01,300000,JO,3.7
2020-10-01,300000,JO,4.1
2020-11-01,300000,JO,3.9
2020-12-01,300000,JO,4.0
2021-01-01,300000,JO,4.1
2021-02-01,300000,JO,4.7
2021-03-01,300000,JO,5.7
2021-04-01,300000,JO,6.5
2021-05-01,300000,JO,6.8
2021-06-01,300000,JO,6.8
2021-07-01,300000,JO,6.8
2021-08-01,300000,JO,6.4
2021-09-01,300000,JO,7.0
2021-10-01,300000,JO,7.1
2021-11-01,300000,JO,6.3
2021-12-01,300000,JO,6.5
2022-01-01,300000,JO,6.7
2022-02-01,300000,JO,6.1
2022-03-01,300000,JO,6.7
2022-04-01,300000,JO,7.5
2022-05-01,300000,JO,5.9
2022-06-01,300000,JO,6.3
2022-07-01,300000,JO,6.4
2022-08-01,300000,JO,6.0
2022-09-01,300000,JO,6.0
2022-10-01,300000,JO,5.5
2022-11-01,300000,JO,5.9
2022-12-01,300000,JO,5.5
2023-01-01,300000,JO,5.3
2023-02-01,300000,JO,4.9
2023-03-01,300000,JO,5.0
2023-04-01,300000,JO,4.8
2023-05-01,300000,JO,4.1
2023-06-01,300000,JO,4.3
2023-07-01,300000,JO,3.8
2023-08-01,300000,JO,4.3
2023-09-01,300000,JO,4.5
2023-10-01,300000,JO,4.2
2023-11-01,300000,JO,4.0
2023-12-01,300000,JO,4.4
2024-01-01,300000,JO,4.1
2024-02-01,300000,JO,4.1
2024-03-01,300000,JO,3.9
2024-04-01,300000,JO,3.7
2024-05-01,300000,JO,4.0
2024-06-01,300000,JO,3.5
2024-07-01,300000,JO,3.6
2024-08-01,300000,JO,3.5
2024-09-01,300000,JO,3.5
2024-10-01,300000,JO,3.3
2024-11-01,300000,JO,3.2
2024-12-01,300000,JO,3.1
2025-01-01,300000,JO,3.4
2025-02-01,300000,JO,3.1
2025-03-01,300000,JO,3.0
2025-04-01,300000,JO,2.9
2025-05-01,300000,JO,3.1
2025-06-01,300000,JO,3.0
2025-07-01,300000,JO,3.3
2025-08-01,300000,JO,3.2
2025-09-01,300000,JO,3.0
2025-10-01,300000,JO,3.3
2025-11-01,300000,JO,3.0
2025-12-01,300000,JO,3.3
2026-01-01,300000,JO,3.9
2026-02-01,300000,JO,3.4
2026-03-01,300000,JO,3.4
2026-04-01,300000,JO,3.8
2026-05-01,300000,JO,3.9
2026-06-01,300000,JO,3.8
2026-07-01,300000,JO,4.4
2026-08-01,300000,JO,4.0
2017-01-01,300000,LD,0.9
2017-02-01,300000,LD,0.7
2017-03-01,300000,LD,0.9
2017-04-01,300000,LD,0.9
2017-05-01,300000,LD,0.8
2017-06-01,300000,LD,0.8
2017-07-01,300000,LD,0.9
2017-08-01,300000,LD,0.8
2017-09-01,300000,LD,0.9
2017-10-01,300000,LD,0.8
2017-11-01,300000,LD,0.9
2017-12-01,300000,LD,0.9
2018-01-01,300000,LD,0.9
2018-02-01,300000,LD,0.9
2018-03-01,300000,LD,0.9
2018-04-01,300000,LD,0.9
2018-05-01,300000,LD,0.9
2018-06-01,300000,LD,0.9
2018-07-01,300000,LD,0.9
2018-08-01,300000,LD,0.9
2018-09-01,300000,LD,0.8
2018-10-01,300000,LD,1.1
2018-11-01,300000,LD,0.9
2018-12-01,300000,LD,0.9
2019-01-01,300000,LD,0.7
2019-02-01,300000,LD,0.8
2019-03-01,300000,LD,0.9
2019-04-01,300000,LD,0.9
2019-05-01,300000,LD,0.9
2019-06-01,300000,LD,0.8
2019-07-01,300000,LD,0.9
2019-08-01,300000,LD,0.8
2019-09-01,300000,LD,0.9
2019-10-01,300000,LD,0.9
2019-11-01,300000,LD,0.8
2019-12-01,300000,LD,0.9
2020-01-01,300000,LD,1.0
2020-02-01,300000,LD,1.0
2020-03-01,300000,LD,5.5
2020-04-01,300000,LD,6.3
2020-05-01,300000,LD,1.3
2020-06-01,300000,LD,1.8
2020-07-01,300000,LD,1.3
2020-08-01,300000,LD,0.9
2020-09-01,300000,LD,0.9
2020-10-01,300000,LD,0.9
2020-11-01,300000,LD,1.0
2020-12-01,300000,LD,1.0
2021-01-01,300000,LD,0.8
2021-02-01,300000,LD,0.6
2021-03-01,300000,LD,0.9
2021-04-01,300000,LD,0.8
2021-05-01,300000,LD,0.8
2021-06-01,300000,LD,0.8
2021-07-01,300000,LD,0.9
2021-08-01,300000,LD,0.9
2021-09-01,300000,LD,0.9
2021-10-01,300000,LD,0.8
2021-11-01,300000,LD,0.7
2021-12-01,300000,LD,0.8
2022-01-01,300000,LD,0.9
2022-02-01,300000,LD,0.8
2022-03-01,300000,LD,0.8
2022-04-01,300000,LD,0.8
2022-05-01,300000,LD,0.8
2022-06-01,300000,LD,0.8
2022-07-01,300000,LD,0.8
2022-08-01,300000,LD,0.9
2022-09-01,300000,LD,0.7
2022-10-01,300000,LD,0.8
2022-11-01,300000,LD,0.9
2022-12-01,300000,LD,0.9
2023-01-01,300000,LD,0.9
2023-02-01,300000,LD,0.9
2023-03-01,300000,LD,1.0
2023-04-01,300000,LD,0.9
2023-05-01,300000,LD,1.1
2023-06-01,300000,LD,0.9
2023-07-01,300000,LD,1.0
2023-08-01,300000,LD,1.0
2023-09-01,300000,LD,1.0
2023-10-01,300000,LD,1.0
2023-11-01,300000,LD,0.8
2023-12-01,300000,LD,0.8
2024-01-01,300000,LD,1.0
2024-02-01,300000,LD,0.9
2024-03-01,300000,LD,1.0
2024-04-01,300000,LD,1.0
2024-05-01,300000,LD,0.9
2024-06-01,300000,LD,0.9
2024-07-01,300000,LD,0.8
2024-08-01,300000,LD,0.8
2024-09-01,300000,LD,1.2
2024-10-01,300000,LD,0.8
2024-11-01,300000,LD,1.0
2024-12-01,300000,LD,0.9
2025-01-01,300000,LD,1.0
2025-02-01,300000,LD,0.9
2025-03-01,300000,LD,0.8
2025-04-01,300000,LD,0.9
2025-05-01,300000,LD,0.9
2025-06-01,300000,LD,0.8
2025-07-01,300000,LD,0.9
2025-08-01,300000,LD,1.0
2025-09-01,300000,LD,0.9
2025-10-01,300000,LD,1.0
2025-11-01,300000,LD,0.8
2025-12-01,300000,LD,0.8
2026-01-01,300000,LD,0.9
2026-02-01,300000,LD,0.8
2026-03-01,300000,LD,0.7
2026-04-01,300000,LD,0.8
2026-05-01,300000,LD,0.8
2026-06-01,300000,LD,0.7
2026-07-01,300000,LD,0.7
2026-08-01,300000,LD,0.8
2017-01-01,300000,QU,1.4
2017-02-01,300000,QU,1.4
2017-03-01,300000,QU,1.5
2017-04-01,300000,QU,1.5
2017-05-01,300000,QU,1.6
2017-06-01,300000,QU,1.6
2017-07-01,300000,QU,1.6
2017-08-01,300000,QU,1.5
2017-09-01,300000,QU,1.5
2017-10-01,300000,QU,1.6
2017-11-01,300000,QU,1.6
2017-12-01,300000,QU,1.7
2018-01-01,300000,QU,1.7
2018-02-01,300000,QU,1.7
2018-03-01,300000,QU,1.7
2018-04-01,300000,QU,1.6
2018-05-01,300000,QU,1.6
2018-06-01,300000,QU,1.6
2018-07-01,300000,QU,1.7
2018-08-01,300000,QU,1.6
2018-09-01,300000,QU,1.6
2018-10-01,300000,QU,1.6
2018-11-01,300000,QU,1.8
2018-12-01,300000,QU,1.5
2019-01-01,300000,QU,1.7
2019-02-01,300000,QU,1.7
2019-03-01,300000,QU,1.7
2019-04-01,300000,QU,1.8
2019-05-01,300000,QU,1.6
2019-06-01,300000,QU,1.6
2019-07-01,300000,QU,1.5
2019-08-01,300000,QU,1.6
2019-09-01,300000,QU,1.7
2019-10-01,300000,QU,1.5
2019-11-01,300000,QU,1.6
2019-12-01,300000,QU,1.6
2020-01-01,300000,QU,1.5
2020-02-01,300000,QU,1.5
2020-03-01,300000,QU,1.2
2020-04-01,300000,QU,0.8
2020-05-01,300000,QU,1.3
2020-06-01,300000,QU,1.5
2020-07-01,300000,QU,1.6
2020-08-01,300000,QU,1.8
2020-09-01,300000,QU,2.0
2020-10-01,300000,QU,2.0
2020-11-01,300000,QU,2.1
2020-12-01,300000,QU,2.1
2021-01-01,300000,QU,2.1
2021-02-01,300000,QU,2.2
2021-03-01,300000,QU,2.2
2021-04-01,300000,QU,2.4
2021-05-01,300000,QU,2.1
2021-06-01,300000,QU,2.4
2021-07-01,300000,QU,2.4
2021-08-01,300000,QU,2.4
2021-09-01,300000,QU,2.7
2021-10-01,300000,QU,2.4
2021-11-01,300000,QU,2.5
2021-12-01,300000,QU,2.6
2022-01-01,300000,QU,2.4
2022-02-01,300000,QU,2.6
2022-03-01,300000,QU,2.7
2022-04-01,300000,QU,2.6
2022-05-01,300000,QU,2.4
2022-06-01,300000,QU,2.5
2022-07-01,300000,QU,2.1
2022-08-01,300000,QU,2.3
2022-09-01,300000,QU,2.0
2022-10-01,300000,QU,2.1
2022-11-01,300000,QU,2.1
2022-12-01,300000,QU,2.0
2023-01-01,300000,QU,2.2
2023-02-01,300000,QU,2.4
2023-03-01,300000,QU,2.1
2023-04-01,300000,QU,1.9
2023-05-01,300000,QU,2.2
2023-06-01,300000,QU,2.0
2023-07-01,300000,QU,1.9
2023-08-01,300000,QU,1.8
2023-09-01,300000,QU,1.8
2023-10-01,300000,QU,1.7
2023-11-01,300000,QU,1.8
2023-12-01,300000,QU,1.8
2024-01-01,300000,QU,1.7
2024-02-01,300000,QU,1.7
2024-03-01,300000,QU,1.4
2024-04-01,300000,QU,1.7
2024-05-01,300000,QU,1.7
2024-06-01,300000,QU,1.6
2024-07-01,300000,QU,1.7
2024-08-01,300000,QU,1.7
2024-09-01,300000,QU,1.5
2024-10-01,300000,QU,1.6
2024-11-01,300000,QU,1.5
2024-12-01,300000,QU,1.5
2025-01-01,300000,QU,1.5
2025-02-01,300000,QU,1.4
2025-03-01,300000,QU,1.5
2025-04-01,300000,QU,1.4
2025-05-01,300000,QU,1.2
2025-06-01,300000,QU,1.4
2025-07-01,300000,QU,1.4
2025-08-01,300000,QU,1.3
2025-09-01,300000,QU,1.4
2025-10-01,300000,QU,1.3
2025-11-01,300000,QU,1.5
2025-12-01,300000,QU,1.4
2026-01-01,300000,QU,1.3
2026-02-01,300000,QU,1.3
2026-03-01,300000,QU,1.3
2026-04-01,300000,QU,1.3
2026-05-01,300000,QU,1.5
2026-06-01,300000,QU,1.5
2026-07-01,300000,QU,1.4
2026-08-01,300000,QU,1.6
2017-01-01,400000,HI,3.9
2017-02-01,400000,HI,4.0
2017-03-01,400000,HI,4.0
2017-04-01,400000,HI,3.7
2017-05-01,400000,HI,3.9
2017-06-01,400000,HI,4.0
2017-07-01,400000,HI,3.6
2017-08-01,400000,HI,3.7
2017-09-01,400000,HI,3.7
2017-10-01,400000,HI,3.7
2017-11-01,400000,HI,3.9
2017-12-01,400000,HI,4.0
2018-01-01,400000,HI,4.1
2018-02-01,400000,HI,3.9
2018-03-01,400000,HI,4.1
2018-04-01,400000,HI,4.2
2018-05-01,400000,HI,4.0
2018-06-01,400000,HI,4.1
2018-07-01,400000,HI,4.0
2018-08-01,400000,HI,4.4
2018-09-01,400000,HI,4.1
2018-10-01,400000,HI,4.5
2018-11-01,400000,HI,4.2
2018-12-01,400000,HI,4.2
2019-01-01,400000,HI,4.1
2019-02-01,400000,HI,4.0
2019-03-01,400000,HI,3.9
2019-04-01,400000,HI,4.2
2019-05-01,400000,HI,4.3
2019-06-01,400000,HI,4.3
2019-07-01,400000,HI,4.5
2019-08-01,400000,HI,4.3
2019-09-01,400000,HI,4.3
2019-10-01,400000,HI,3.9
2019-11-01,400000,HI,4.2
2019-12-01,400000,HI,4.2
2020-01-01,400000,HI,4.5
2020-02-01,400000,HI,4.6
2020-03-01,400000,HI,4.3
2020-04-01,400000,HI,4.4
2020-05-01,400000,HI,6.3
2020-06-01,400000,HI,5.7
2020-07-01,400000,HI,5.1
2020-08-01,400000,HI,4.8
2020-09-01,400000,HI,4.8
2020-10-01,400000,HI,5.0
2020-11-01,400000,HI,4.5
2020-12-01,400000,HI,4.4
2021-01-01,400000,HI,4.5
2021-02-01,400000,HI,4.3
2021-03-01,400000,HI,4.8
2021-04-01,400000,HI,4.6
2021-05-01,400000,HI,4.7
2021-06-01,400000,HI,5.5
2021-07-01,400000,HI,5.0
2021-08-01,400000,HI,5.0
2021-09-01,400000,HI,5.0
2021-10-01,400000,HI,5.0
2021-11-01,400000,HI,5.1
2021-12-01,400000,HI,4.8
2022-01-01,400000,HI,4.7
2022-02-01,400000,HI,5.1
2022-03-01,400000,HI,4.7
2022-04-01,400000,HI,4.7
2022-05-01,400000,HI,4.3
2022-06-01,400000,HI,4.5
2022-07-01,400000,HI,4.4
2022-08-01,400000,HI,4.7
2022-09-01,400000,HI,4.4
2022-10-01,400000,HI,4.2
2022-11-01,400000,HI,4.4
2022-12-01,400000,HI,4.4
2023-01-01,400000,HI,4.9
2023-02-01,400000,HI,4.2
2023-03-01,400000,HI,4.1
2023-04-01,400000,HI,4.2
2023-05-01,400000,HI,4.6
2023-06-01,400000,HI,3.9
2023-07-01,400000,HI,3.9
2023-08-01,400000,HI,4.0
2023-09-01,400000,HI,4.1
2023-10-01,400000,HI,3.9
2023-11-01,400000,HI,3.8
2023-12-01,400000,HI,3.7
2024-01-01,400000,HI,3.4
2024-02-01,400000,HI,3.8
2024-03-01,400000,HI,3.5
2024-04-01,400000,HI,3.9
2024-05-01,400000,HI,3.7
2024-06-01,400000,HI,3.8
2024-07-01,400000,HI,3.8
2024-08-01,400000,HI,3.3
2024-09-01,400000,HI,3.6
2024-10-01,400000,HI,3.5
2024-11-01,400000,HI,3.6
2024-12-01,400000,HI,3.7
2025-01-01,400000,HI,3.6
2025-02-01,400000,HI,3.7
2025-03-01,400000,HI,3.6
2025-04-01,400000,HI,3.3
2025-05-01,400000,HI,3.4
2025-06-01,400000,HI,3.6
2025-07-01,400000,HI,3.5
2025-08-01,400000,HI,3.3
2025-09-01,400000,HI,3.3
2025-10-01,400000,HI,3.5
2025-11-01,400000,HI,3.2
2025-12-01,400000,HI,3.5
2026-01-01,400000,HI,3.5
2026-02-01,400000,HI,3.4
2026-03-01,400000,HI,4.2
2026-04-01,400000,HI,3.9
2026-05-01,400000,HI,3.8
2026-06-01,400000,HI,3.9
2026-07-01,400000,HI,3.8
2026-08-01,400000,HI,3.8
2017-01-01,400000,JO,3.5
2017-02-01,400000,JO,3.7
2017-03-01,400000,JO,3.9
2017-04-01,400000,JO,3.6
2017-05-01,400000,JO,3.7
2017-06-01,400000,JO,3.9
2017-07-01,400000,JO,4.0
2017-08-01,400000,JO,4.4
2017-09-01,400000,JO,4.2
2017-10-01,400000,JO,4.1
2017-11-01,400000,JO,4.5
2017-12-01,400000,JO,4.9
2018-01-01,400000,JO,4.8
2018-02-01,400000,JO,4.5
2018-03-01,400000,JO,4.9
2018-04-01,400000,JO,5.2
2018-05-01,400000,JO,5.1
2018-06-01,400000,JO,5.1
2018-07-01,400000,JO,5.1
2018-08-01,400000,JO,4.5
2018-09-01,400000,JO,5.2
2018-10-01,400000,JO,4.9
2018-11-01,400000,JO,5.4
2018-12-01,400000,JO,4.9
2019-01-01,400000,JO,5.0
2019-02-01,400000,JO,4.4
2019-03-01,400000,JO,4.5
2019-04-01,400000,JO,4.7
2019-05-01,400000,JO,4.5
2019-06-01,400000,JO,4.7
2019-07-01,400000,JO,4.4
2019-08-01,400000,JO,4.5
2019-09-01,400000,JO,4.4
2019-10-01,400000,JO,4.9
2019-11-01,400000,JO,4.3
2019-12-01,400000,JO,4.1
2020-01-01,400000,JO,4.3
2020-02-01,400000,JO,4.2
2020-03-01,400000,JO,3.8
2020-04-01,400000,JO,3.4
2020-05-01,400000,JO,4.1
2020-06-01,400000,JO,4.1
2020-07-01,400000,JO,4.6
2020-08-01,400000,JO,4.5
2020-09-01,400000,JO,4.2
2020-10-01,400000,JO,4.3
2020-11-01,400000,JO,4.4
2020-12-01,400000,JO,4.3
2021-01-01,400000,JO,4.6
2021-02-01,400000,JO,5.0
2021-03-01,400000,JO,5.9
2021-04-01,400000,JO,5.8
2021-05-01,400000,JO,5.8
2021-06-01,400000,JO,6.4
2021-07-01,400000,JO,6.2
2021-08-01,400000,JO,6.7
2021-09-01,400000,JO,6.7
2021-10-01,400000,JO,6.6
2021-11-01,400000,JO,6.7
2021-12-01,400000,JO,6.5
2022-01-01,400000,JO,6.1
2022-02-01,400000,JO,6.5
2022-03-01,400000,JO,7.4
2022-04-01,400000,JO,6.3
2022-05-01,400000,JO,6.4
2022-06-01,400000,JO,5.4
2022-07-01,400000,JO,5.7
2022-08-01,400000,JO,5.3
2022-09-01,400000,JO,5.5
2022-10-01,400000,JO,5.5
2022-11-01,400000,JO,5.2
2022-12-01,400000,JO,5.9
2023-01-01,400000,JO,5.7
2023-02-01,400000,JO,5.6
2023-03-01,400000,JO,4.7
2023-04-01,400000,JO,5.6
2023-05-01,400000,JO,5.1
2023-06-01,400000,JO,4.6
2023-07-01,400000,JO,4.7
2023-08-01,400000,JO,4.1
2023-09-01,400000,JO,4.4
2023-10-01,400000,JO,4.4
2023-11-01,400000,JO,4.4
2023-12-01,400000,JO,4.2
2024-01-01,400000,JO,3.4
2024-02-01,400000,JO,3.5
2024-03-01,400000,JO,3.4
2024-04-01,400000,JO,3.3
2024-05-01,400000,JO,3.4
2024-06-01,400000,JO,3.5
2024-07-01,400000,JO,3.2
2024-08-01,400000,JO,3.6
2024-09-01,400000,JO,3.2
2024-10-01,400000,JO,3.2
2024-11-01,400000,JO,3.2
2024-12-01,400000,JO,3.4
2025-01-01,400000,JO,3.6
2025-02-01,400000,JO,3.4
2025-03-01,400000,JO,3.2
2025-04-01,400000,JO,3.4
2025-05-01,400000,JO,3.1
2025-06-01,400000,JO,3.5
2025-07-01,400000,JO,3.7
2025-08-01,400000,JO,3.8
2025-09-01,400000,JO,3.5
2025-10-01,400000,JO,4.2
2025-11-01,400000,JO,3.7
2025-12-01,400000,JO,3.3
2026-01-01,400000,JO,3.9
2026-02-01,400000,JO,3.8
2026-03-01,400000,JO,3.9
2026-04-01,400000,JO,4.0
2026-05-01,400000,JO,4.2
2026-06-01,400000,JO,4.3
2026-07-01,400000,JO,4.1
2026-08-01,400000,JO,4.3
2017-01-01,400000,LD,1.1
2017-02-01,400000,LD,1.1
2017-03-01,400000,LD,1.2
2017-04-01,400000,LD,1.1
2017-05-01,400000,LD,1.1
2017-06-01,400000,LD,1.3
2017-07-01,400000,LD,1.0
2017-08-01,400000,LD,1.1
2017-09-01,400000,LD,1.0
2017-10-01,400000,LD,1.0
2017-11-01,400000,LD,1.3
2017-12-01,400000,LD,1.2
2018-01-01,400000,LD,1.3
2018-02-01,400000,LD,1.1
2018-03-01,400000,LD,1.2
2018-04-01,400000,LD,1.3
2018-05-01,400000,LD,1.1
2018-06-01,400000,LD,1.2
2018-07-01,400000,LD,1.1
2018-08-01,400000,LD,1.4
2018-09-01,400000,LD,1.3
2018-10-01,400000,LD,1.3
2018-11-01,400000,LD,1.4
2018-12-01,400000,LD,1.3
2019-01-01,400000,LD,1.1
2019-02-01,400000,LD,1.1
2019-03-01,400000,LD,1.1
2019-04-01,400000,LD,1.3
2019-05-01,400000,LD,1.2
2019-06-01,400000,LD,1.1
2019-07-01,400000,LD,1.3
2019-08-01,400000,LD,1.3
2019-09-01,400000,LD,1.4
2019-10-01,400000,LD,1.3
2019-11-01,400000,LD,1.1
2019-12-01,400000,LD,1.2
2020-01-01,400000,LD,1.2
2020-02-01,400000,LD,1.6
2020-03-01,400000,LD,7.5
2020-04-01,400000,LD,6.6
2020-05-01,400000,LD,1.7
2020-06-01,400000,LD,1.6
2020-07-01,400000,LD,1.2
2020-08-01,400000,LD,1.2
2020-09-01,400000,LD,1.1
2020-10-01,400000,LD,1.2
2020-11-01,400000,LD,1.1
2020-12-01,400000,LD,1.0
2021-01-01,400000,LD,1.2
2021-02-01,400000,LD,1.1
2021-03-01,400000,LD,1.0
2021-04-01,400000,LD,0.9
2021-05-01,400000,LD,0.9
2021-06-01,400000,LD,1.0
2021-07-01,400000,LD,1.0
2021-08-01,400000,LD,1.0
2021-09-01,400000,LD,0.8
2021-10-01,400000,LD,0.9
2021-11-01,400000,LD,0.9
2021-12-01,400000,LD,0.7
2022-01-01,400000,LD,0.9
2022-02-01,400000,LD,0.8
2022-03-01,400000,LD,0.9
2022-04-01,400000,LD,0.8
2022-05-01,400000,LD,0.9
2022-06-01,400000,LD,0.8
2022-07-01,400000,LD,1.0
2022-08-01,400000,LD,1.2
2022-09-01,400000,LD,1.1
2022-10-01,400000,LD,0.9
2022-11-01,400000,LD,0.9
2022-12-01,400000,LD,1.0
2023-01-01,400000,LD,1.2
2023-02-01,400000,LD,1.1
2023-03-01,400000,LD,1.1
2023-04-01,400000,LD,1.2
2023-05-01,400000,LD,1.3
2023-06-01,400000,LD,1.1
2023-07-01,400000,LD,1.0
2023-08-01,400000,LD,1.1
2023-09-01,400000,LD,0.9
2023-10-01,400000,LD,0.9
2023-11-01,400000,LD,1.1
2023-12-01,400000,LD,1.1
2024-01-01,400000,LD,1.0
2024-02-01,400000,LD,1.0
2024-03-01,400000,LD,0.9
2024-04-01,400000,LD,1.0
2024-05-01,400000,LD,1.1
2024-06-01,400000,LD,1.2
2024-07-01,400000,LD,1.4
2024-08-01,400000,LD,1.1
2024-09-01,400000,LD,1.1
2024-10-01,400000,LD,1.3
2024-11-01,400000,LD,1.3
2024-12-01,400000,LD,1.3
2025-01-01,400000,LD,1.2
2025-02-01,400000,LD,1.4
2025-03-01,400000,LD,1.2
2025-04-01,400000,LD,1.1
2025-05-01,400000,LD,1.1
2025-06-01,400000,LD,1.1
2025-07-01,400000,LD,1.3
2025-08-01,400000,LD,1.1
2025-09-01,400000,LD,1.1
2025-10-01,400000,LD,1.1
2025-11-01,400000,LD,1.0
2025-12-01,400000,LD,1.1
2026-01-01,400000,LD,1.0
2026-02-01,400000,LD,1.2
2026-03-01,400000,LD,1.3
2026-04-01,400000,LD,1.0
2026-05-01,400000,LD,1.1
2026-06-01,400000,LD,1.1
2026-07-01,400000,LD,1.1
2026-08-01,400000,LD,1.2
2017-01-01,400000,QU,2.4
2017-02-01,400000,QU,2.5
2017-03-01,400000,QU,2.5
2017-04-01,400000,QU,2.2
2017-05-01,400000,QU,2.4
2017-06-01,400000,QU,2.4
2017-07-01,400000,QU,2.4
2017-08-01,400000,QU,2.4
2017-09-01,400000,QU,2.4
2017-10-01,400000,QU,2.4
2017-11-01,400000,QU,2.4
2017-12-01,400000,QU,2.5
2018-01-01,400000,QU,2.4
2018-02-01,400000,QU,2.4
2018-03-01,400000,QU,2.4
2018-04-01,400000,QU,2.6
2018-05-01,400000,QU,2.6
2018-06-01,400000,QU,2.6
2018-07-01,400000,QU,2.6
2018-08-01,400000,QU,2.7
2018-09-01,400000,QU,2.7
2018-10-01,400000,QU,2.7
2018-11-01,400000,QU,2.6
2018-12-01,400000,QU,2.6
2019-01-01,400000,QU,2.5
2019-02-01,400000,QU,2.7
2019-03-01,400000,QU,2.7
2019-04-01,400000,QU,2.6
2019-05-01,400000,QU,2.8
2019-06-01,400000,QU,2.7
2019-07-01,400000,QU,2.8
2019-08-01,400000,QU,2.8
2019-09-01,400000,QU,2.7
2019-10-01,400000,QU,2.4
2019-11-01,400000,QU,3.0
2019-12-01,400000,QU,2.6
2020-01-01,400000,QU,3.0
2020-02-01,400000,QU,2.8
2020-03-01,400000,QU,2.3
2020-04-01,400000,QU,1.6
2020-05-01,400000,QU,2.1
2020-06-01,400000,QU,2.4
2020-07-01,400000,QU,2.8
2020-08-01,400000,QU,2.7
2020-09-01,400000,QU,2.7
2020-10-01,400000,QU,2.8
2020-11-01,400000,QU,2.8
2020-12-01,400000,QU,3.0
2021-01-01,400000,QU,2.9
2021-02-01,400000,QU,2.8
2021-03-01,400000,QU,3.1
2021-04-01,400000,QU,3.4
2021-05-01,400000,QU,3.3
2021-06-01,400000,QU,3.5
2021-07-01,400000,QU,3.5
2021-08-01,400000,QU,3.7
2021-09-01,400000,QU,3.6
2021-10-01,400000,QU,3.4
2021-11-01,400000,QU,3.4
2021-12-01,400000,QU,3.7
2022-01-01,400000,QU,3.6
2022-02-01,400000,QU,3.4
2022-03-01,400000,QU,3.3
2022-04-01,400000,QU,3.5
2022-05-01,400000,QU,3.1
2022-06-01,400000,QU,3.1
2022-07-01,400000,QU,3.1
2022-08-01,400000,QU,3.2
2022-09-01,400000,QU,3.2
2022-10-01,400000,QU,3.1
2022-11-01,400000,QU,3.2
2022-12-01,400000,QU,3.3
2023-01-01,400000,QU,3.3
2023-02-01,400000,QU,2.9
2023-03-01,400000,QU,3.0
2023-04-01,400000,QU,2.8
2023-05-01,400000,QU,3.0
2023-06-01,400000,QU,2.6
2023-07-01,400000,QU,2.7
2023-08-01,400000,QU,2.7
2023-09-01,400000,QU,2.7
2023-10-01,400000,QU,2.6
2023-11-01,400000,QU,2.5
2023-12-01,400000,QU,2.5
2024-01-01,400000,QU,2.3
2024-02-01,400000,QU,2.5
2024-03-01,400000,QU,2.3
2024-04-01,400000,QU,2.5
2024-05-01,400000,QU,2.4
2024-06-01,400000,QU,2.5
2024-07-01,400000,QU,2.5
2024-08-01,400000,QU,2.1
2024-09-01,400000,QU,2.2
2024-10-01,400000,QU,2.2
2024-11-01,400000,QU,2.3
2024-12-01,400000,QU,2.1
2025-01-01,400000,QU,2.2
2025-02-01,400000,QU,2.3
2025-03-01,400000,QU,2.5
2025-04-01,400000,QU,2.0
2025-05-01,400000,QU,2.3
2025-06-01,400000,QU,2.3
2025-07-01,400000,QU,2.1
2025-08-01,400000,QU,2.1
2025-09-01,400000,QU,2.0
2025-10-01,400000,QU,2.2
2025-11-01,400000,QU,2.2
2025-12-01,400000,QU,2.6
2026-01-01,400000,QU,2.3
2026-02-01,400000,QU,2.5
2026-03-01,400000,QU,2.5
2026-04-01,400000,QU,2.4
2026-05-01,400000,QU,2.4
2026-06-01,400000,QU,2.5
2026-07-01,400000,QU,2.6
2026-08-01,400000,QU,2.4
2017-01-01,510000,HI,3.1
2017-02-01,510000,HI,2.9
2017-03-01,510000,HI,2.7
2017-04-01,510000,HI,2.4
2017-05-01,510000,HI,2.8
2017-06-01,510000,HI,2.8
2017-07-01,510000,HI,3.0
2017-08-01,510000,HI,3.2
2017-09-01,510000,HI,3.4
2017-10-01,510000,HI,3.2
2017-11-01,510000,HI,3.1
2017-12-01,510000,HI,3.4
2018-01-01,510000,HI,3.3
2018-02-01,510000,HI,3.3
2018-03-01,510000,HI,3.3
2018-04-01,510000,HI,3.3
2018-05-01,510000,HI,3.4
2018-06-01,510000,HI,3.1
2018-07-01,510000,HI,3.0
2018-08-01,510000,HI,3.1
2018-09-01,510000,HI,3.1
2018-10-01,510000,HI,3.0
2018-11-01,510000,HI,3.5
2018-12-01,510000,HI,2.9
2019-01-01,510000,HI,3.2
2019-02-01,510000,HI,3.2
2019-03-01,510000,HI,3.4
2019-04-01,510000,HI,3.3
2019-05-01,510000,HI,3.5
2019-06-01,510000,HI,3.3
2019-07-01,510000,HI,3.4
2019-08-01,510000,HI,3.2
2019-09-01,510000,HI,3.3
2019-10-01,510000,HI,3.4
2019-11-01,510000,HI,3.2
2019-12-01,510000,HI,3.3
2020-01-01,510000,HI,2.9
2020-02-01,510000,HI,3.3
2020-03-01,510000,HI,2.5
2020-04-01,510000,HI,1.5
2020-05-01,510000,HI,2.6
2020-06-01,510000,HI,2.1
2020-07-01,510000,HI,3.2
2020-08-01,510000,HI,3.4
2020-09-01,510000,HI,3.6
2020-10-01,510000,HI,4.6
2020-11-01,510000,HI,3.3
2020-12-01,510000,HI,3.1
2021-01-01,510000,HI,3.6
2021-02-01,510000,HI,3.3
2021-03-01,510000,HI,3.7
2021-04-01,510000,HI,4.3
2021-05-01,510000,HI,3.6
2021-06-01,510000,HI,3.8
2021-07-01,510000,HI,4.3
2021-08-01,510000,HI,4.0
2021-09-01,510000,HI,4.2
2021-10-01,510000,HI,4.8
2021-11-01,510000,HI,3.7
2021-12-01,510000,HI,3.7
2022-01-01,510000,HI,4.5
2022-02-01,510000,HI,2.6
2022-03-01,510000,HI,3.6
2022-04-01,510000,HI,3.6
2022-05-01,510000,HI,3.6
2022-06-01,510000,HI,3.9
2022-07-01,510000,HI,3.3
2022-08-01,510000,HI,3.7
2022-09-01,510000,HI,3.1
2022-10-01,510000,HI,3.4
2022-11-01,510000,HI,3.5
2022-12-01,510000,HI,2.8
2023-01-01,510000,HI,2.3
2023-02-01,510000,HI,2.7
2023-03-01,510000,HI,3.4
2023-04-01,510000,HI,2.6
2023-05-01,510000,HI,2.1
2023-06-01,510000,HI,2.4
2023-07-01,510000,HI,2.5
2023-08-01,510000,HI,2.1
2023-09-01,510000,HI,2.4
2023-10-01,510000,HI,1.6
2023-11-01,510000,HI,2.4
2023-12-01,510000,HI,2.6
2024-01-01,510000,HI,2.5
2024-02-01,510000,HI,2.8
2024-03-01,510000,HI,2.7
2024-04-01,510000,HI,2.4
2024-05-01,510000,HI,2.7
2024-06-01,510000,HI,2.4
2024-07-01,510000,HI,2.5
2024-08-01,510000,HI,2.7
2024-09-01,510000,HI,2.7
2024-10-01,510000,HI,2.3
2024-11-01,510000,HI,2.5
2024-12-01,510000,HI,2.7
2025-01-01,510000,HI,2.2
2025-02-01,510000,HI,2.6
2025-03-01,510000,HI,2.7
2025-04-01,510000,HI,2.9
2025-05-01,510000,HI,2.7
2025-06-01,510000,HI,2.9
2025-07-01,510000,HI,2.4
2025-08-01,510000,HI,2.4
2025-09-01,510000,HI,2.5
2025-10-01,510000,HI,2.5
2025-11-01,510000,HI,2.7
2025-12-01,510000,HI,3.1
2026-01-01,510000,HI,3.2
2026-02-01,510000,HI,2.5
2026-03-01,510000,HI,3.2
2026-04-01,510000,HI,2.8
2026-05-01,510000,HI,2.8
2026-06-01,510000,HI,2.6
2026-07-01,510000,HI,2.2
2026-08-01,510000,HI,1.6
2017-01-01,510000,JO,3.0
2017-02-01,510000,JO,2.4
2017-03-01,510000,JO,3.0
2017-04-01,510000,JO,3.5
2017-05-01,510000,JO,3.8
2017-06-01,510000,JO,3.8
2017-07-01,510000,JO,3.4
2017-08-01,510000,JO,4.1
2017-09-01,510000,JO,3.6
2017-10-01,510000,JO,3.1
2017-11-01,510000,JO,3.3
2017-12-01,510000,JO,4.3
2018-01-01,510000,JO,4.3
2018-02-01,510000,JO,4.4
2018-03-01,510000,JO,4.4
2018-04-01,510000,JO,5.9
2018-05-01,510000,JO,4.3
2018-06-01,510000,JO,4.5
2018-07-01,510000,JO,5.0
2018-08-01,510000,JO,4.9
2018-09-01,510000,JO,4.1
2018-10-01,510000,JO,4.8
2018-11-01,510000,JO,4.5
2018-12-01,510000,JO,4.3
2019-01-01,510000,JO,4.8
2019-02-01,510000,JO,4.6
2019-03-01,510000,JO,5.1
2019-04-01,510000,JO,3.8
2019-05-01,510000,JO,4.3
2019-06-01,510000,JO,4.3
2019-07-01,510000,JO,5.0
2019-08-01,510000,JO,4.3
2019-09-01,510000,JO,5.8
2019-10-01,510000,JO,4.9
2019-11-01,510000,JO,4.7
2019-12-01,510000,JO,4.6
2020-01-01,510000,JO,4.3
2020-02-01,510000,JO,4.5
2020-03-01,510000,JO,4.0
2020-04-01,510000,JO,4.3
2020-05-01,510000,JO,3.4
2020-06-01,510000,JO,3.9
2020-07-01,510000,JO,2.9
2020-08-01,510000,JO,3.2
2020-09-01,510000,JO,3.9
2020-10-01,510000,JO,4.5
2020-11-01,510000,JO,3.9
2020-12-01,510000,JO,4.3
2021-01-01,510000,JO,5.8
2021-02-01,510000,JO,3.8
2021-03-01,510000,JO,3.7
2021-04-01,510000,JO,4.4
2021-05-01,510000,JO,5.1
2021-06-01,510000,JO,5.5
2021-07-01,510000,JO,7.0
2021-08-01,510000,JO,6.9
2021-09-01,510000,JO,6.5
2021-10-01,510000,JO,6.6
2021-11-01,510000,JO,6.8
2021-12-01,510000,JO,7.7
2022-01-01,510000,JO,7.4
2022-02-01,510000,JO,7.5
2022-03-01,510000,JO,8.0
2022-04-01,510000,JO,8.3
2022-05-01,510000,JO,7.5
2022-06-01,510000,JO,7.6
2022-07-01,510000,JO,6.9
2022-08-01,510000,JO,6.3
2022-09-01,510000,JO,6.5
2022-10-01,510000,JO,6.5
2022-11-01,510000,JO,6.7
2022-12-01,510000,JO,2.5
2023-01-01,510000,JO,3.2
2023-02-01,510000,JO,4.5
2023-03-01,510000,JO,4.5
2023-04-01,510000,JO,4.6
2023-05-01,510000,JO,5.2
2023-06-01,510000,JO,4.9
2023-07-01,510000,JO,4.7
2023-08-01,510000,JO,4.9
2023-09-01,510000,JO,3.1
2023-10-01,510000,JO,3.3
2023-11-01,510000,JO,4.8
2023-12-01,510000,JO,4.5
2024-01-01,510000,JO,5.1
2024-02-01,510000,JO,4.2
2024-03-01,510000,JO,4.7
2024-04-01,510000,JO,2.9
2024-05-01,510000,JO,3.9
2024-06-01,510000,JO,3.6
2024-07-01,510000,JO,3.5
2024-08-01,510000,JO,3.5
2024-09-01,510000,JO,3.8
2024-10-01,510000,JO,5.8
2024-11-01,510000,JO,4.0
2024-12-01,510000,JO,3.5
2025-01-01,510000,JO,3.4
2025-02-01,510000,JO,4.2
2025-03-01,510000,JO,3.9
2025-04-01,510000,JO,4.5
2025-05-01,510000,JO,3.7
2025-06-01,510000,JO,4.1
2025-07-01,510000,JO,5.2
2025-08-01,510000,JO,4.7
2025-09-01,510000,JO,4.0
2025-10-01,510000,JO,3.9
2025-11-01,510000,JO,3.0
2025-12-01,510000,JO,3.8
2026-01-01,510000,JO,3.4
2026-02-01,510000,JO,2.8
2026-03-01,510000,JO,2.9
2026-04-01,510000,JO,2.9
2026-05-01,510000,JO,2.5
2026-06-01,510000,JO,3.1
2026-07-01,510000,JO,2.8
2026-08-01,510000,JO,4.3
2017-01-01,510000,LD,0.9
2017-02-01,510000,LD,0.9
2017-03-01,510000,LD,1.1
2017-04-01,510000,LD,1.0
2017-05-01,510000,LD,1.4
2017-06-01,510000,LD,1.3
2017-07-01,510000,LD,0.9
2017-08-01,510000,LD,1.1
2017-09-01,510000,LD,1.5
2017-10-01,510000,LD,1.4
2017-11-01,510000,LD,0.9
2017-12-01,510000,LD,1.5
2018-01-01,510000,LD,1.4
2018-02-01,510000,LD,1.3
2018-03-01,510000,LD,1.3
2018-04-01,510000,LD,1.2
2018-05-01,510000,LD,1.1
2018-06-01,510000,LD,1.3
2018-07-01,510000,LD,1.0
2018-08-01,510000,LD,1.3
2018-09-01,510000,LD,1.3
2018-10-01,510000,LD,0.8
2018-11-01,510000,LD,1.0
2018-12-01,510000,LD,1.4
2019-01-01,510000,LD,1.4
2019-02-01,510000,LD,1.3
2019-03-01,510000,LD,1.3
2019-04-01,510000,LD,1.3
2019-05-01,510000,LD,1.3
2019-06-01,510000,LD,1.1
2019-07-01,510000,LD,2.0
2019-08-01,510000,LD,1.3
2019-09-01,510000,LD,1.2
2019-10-01,510000,LD,1.2
2019-11-01,510000,LD,1.1
2019-12-01,510000,LD,1.7
2020-01-01,510000,LD,1.0
2020-02-01,510000,LD,1.1
2020-03-01,510000,LD,6.6
2020-04-01,510000,LD,6.4
2020-05-01,510000,LD,1.3
2020-06-01,510000,LD,1.4
2020-07-01,510000,LD,0.9
2020-08-01,510000,LD,1.1
2020-09-01,510000,LD,0.8
2020-10-01,510000,LD,1.3
2020-11-01,510000,LD,1.2
2020-12-01,510000,LD,1.1
2021-01-01,510000,LD,0.9
2021-02-01,510000,LD,1.0
2021-03-01,510000,LD,1.0
2021-04-01,510000,LD,0.9
2021-05-01,510000,LD,1.0
2021-06-01,510000,LD,1.2
2021-07-01,510000,LD,0.9
2021-08-01,510000,LD,1.1
2021-09-01,510000,LD,1.2
2021-10-01,510000,LD,1.1
2021-11-01,510000,LD,1.1
2021-12-01,510000,LD,1.2
2022-01-01,510000,LD,2.0
2022-02-01,510000,LD,0.4
2022-03-01,510000,LD,0.6
2022-04-01,510000,LD,1.1
2022-05-01,510000,LD,0.9
2022-06-01,510000,LD,1.1
2022-07-01,510000,LD,1.3
2022-08-01,510000,LD,1.9
2022-09-01,510000,LD,0.8
2022-10-01,510000,LD,1.6
2022-11-01,510000,LD,1.3
2022-12-01,510000,LD,1.5
2023-01-01,510000,LD,1.5
2023-02-01,510000,LD,1.5
2023-03-01,510000,LD,1.5
2023-04-01,510000,LD,1.0
2023-05-01,510000,LD,1.3
2023-06-01,510000,LD,1.0
2023-07-01,510000,LD,1.6
2023-08-01,510000,LD,0.9
2023-09-01,510000,LD,0.6
2023-10-01,510000,LD,0.6
2023-11-01,510000,LD,0.9
2023-12-01,510000,LD,0.9
2024-01-01,510000,LD,0.6
2024-02-01,510000,LD,0.9
2024-03-01,510000,LD,1.2
2024-04-01,510000,LD,1.0
2024-05-01,510000,LD,1.3
2024-06-01,510000,LD,1.2
2024-07-01,510000,LD,1.5
2024-08-01,510000,LD,1.5
2024-09-01,510000,LD,1.0
2024-10-01,510000,LD,1.4
2024-11-01,510000,LD,1.5
2024-12-01,510000,LD,0.7
2025-01-01,510000,LD,1.0
2025-02-01,510000,LD,1.5
2025-03-01,510000,LD,1.3
2025-04-01,510000,LD,1.4
2025-05-01,510000,LD,1.2
2025-06-01,510000,LD,1.4
2025-07-01,510000,LD,1.4
2025-08-01,510000,LD,1.2
2025-09-01,510000,LD,1.3
2025-10-01,510000,LD,1.3
2025-11-01,510000,LD,1.2
2025-12-01,510000,LD,1.5
2026-01-01,510000,LD,1.8
2026-02-01,510000,LD,1.9
2026-03-01,510000,LD,2.2
2026-04-01,510000,LD,2.0
2026-05-01,510000,LD,1.6
2026-06-01,510000,LD,2.0
2026-07-01,510000,LD,1.4
2026-08-01,510000,LD,1.0
2017-01-01,510000,QU,1.4
2017-02-01,510000,QU,2.0
2017-03-01,510000,QU,1.4
2017-04-01,510000,QU,1.3
2017-05-01,510000,QU,1.0
2017-06-01,510000,QU,1.3
2017-07-01,510000,QU,1.8
2017-08-01,510000,QU,1.6
2017-09-01,510000,QU,1.8
2017-10-01,510000,QU,1.6
2017-11-01,510000,QU,1.7
2017-12-01,510000,QU,1.8
2018-01-01,510000,QU,1.7
2018-02-01,510000,QU,1.7
2018-03-01,510000,QU,1.6
2018-04-01,510000,QU,1.6
2018-05-01,510000,QU,1.8
2018-06-01,510000,QU,1.8
2018-07-01,510000,QU,1.7
2018-08-01,510000,QU,1.6
2018-09-01,510000,QU,1.6
2018-10-01,510000,QU,1.5
2018-11-01,510000,QU,2.0
2018-12-01,510000,QU,1.6
2019-01-01,510000,QU,2.1
2019-02-01,510000,QU,1.5
2019-03-01,510000,QU,1.6
2019-04-01,510000,QU,1.8
2019-05-01,510000,QU,1.8
2019-06-01,510000,QU,1.5
2019-07-01,510000,QU,1.5
2019-08-01,510000,QU,1.7
2019-09-01,510000,QU,1.4
2019-10-01,510000,QU,1.5
2019-11-01,510000,QU,1.4
2019-12-01,510000,QU,1.4
2020-01-01,510000,QU,1.4
2020-02-01,510000,QU,1.6
2020-03-01,510000,QU,1.4
2020-04-01,510000,QU,1.3
2020-05-01,510000,QU,1.0
2020-06-01,510000,QU,1.1
2020-07-01,510000,QU,1.3
2020-08-01,510000,QU,1.3
2020-09-01,510000,QU,1.3
2020-10-01,510000,QU,1.4
2020-11-01,510000,QU,1.4
2020-12-01,510000,QU,1.2
2021-01-01,510000,QU,1.3
2021-02-01,510000,QU,1.5
2021-03-01,510000,QU,2.1
2021-04-01,510000,QU,2.0
2021-05-01,510000,QU,1.8
2021-06-01,510000,QU,1.8
2021-07-01,510000,QU,1.7
2021-08-01,510000,QU,1.8
2021-09-01,510000,QU,1.8
2021-10-01,510000,QU,2.1
2021-11-01,510000,QU,1.8
2021-12-01,510000,QU,1.8
2022-01-01,510000,QU,1.7
2022-02-01,510000,QU,1.6
2022-03-01,510000,QU,1.6
2022-04-01,510000,QU,1.7
2022-05-01,510000,QU,1.9
2022-06-01,510000,QU,1.9
2022-07-01,510000,QU,1.6
2022-08-01,510000,QU,1.8
2022-09-01,510000,QU,2.0
2022-10-01,510000,QU,1.0
2022-11-01,510000,QU,1.5
2022-12-01,510000,QU,1.6
2023-01-01,510000,QU,1.3
2023-02-01,510000,QU,1.6
2023-03-01,510000,QU,1.4
2023-04-01,510000,QU,1.3
2023-05-01,510000,QU,1.0
2023-06-01,510000,QU,1.4
2023-07-01,510000,QU,1.9
2023-08-01,510000,QU,0.8
2023-09-01,510000,QU,1.5
2023-10-01,510000,QU,1.4
2023-11-01,510000,QU,1.5
2023-12-01,510000,QU,1.1
2024-01-01,510000,QU,1.8
2024-02-01,510000,QU,1.6
2024-03-01,510000,QU,1.4
2024-04-01,510000,QU,1.5
2024-05-01,510000,QU,1.7
2024-06-01,510000,QU,1.1
2024-07-01,510000,QU,1.8
2024-08-01,510000,QU,1.5
2024-09-01,510000,QU,1.3
2024-10-01,510000,QU,1.4
2024-11-01,510000,QU,1.2
2024-12-01,510000,QU,1.2
2025-01-01,510000,QU,1.4
2025-02-01,510000,QU,1.2
2025-03-01,510000,QU,1.4
2025-04-01,510000,QU,1.1
2025-05-01,510000,QU,1.3
2025-06-01,510000,QU,1.5
2025-07-01,510000,QU,1.3
2025-08-01,510000,QU,1.2
2025-09-01,510000,QU,0.8
2025-10-01,510000,QU,1.2
2025-11-01,510000,QU,1.5
2025-12-01,510000,QU,1.6
2026-01-01,510000,QU,1.4
2026-02-01,510000,QU,1.5
2026-03-01,510000,QU,1.1
2026-04-01,510000,QU,0.9
2026-05-01,510000,QU,1.2
2026-06-01,510000,QU,1.0
2026-07-01,510000,QU,1.0
2026-08-01,510000,QU,1.1
2017-01-01,510099,HI,2.7
2017-02-01,510099,HI,2.2
2017-03-01,510099,HI,2.7
2017-04-01,510099,HI,2.4
2017-05-01,510099,HI,2.7
2017-06-01,510099,HI,2.5
2017-07-01,510099,HI,2.5
2017-08-01,510099,HI,2.5
2017-09-01,510099,HI,2.3
2017-10-01,510099,HI,2.7
2017-11-01,510099,HI,2.3
2017-12-01,510099,HI,2.3
2018-01-01,510099,HI,2.5
2018-02-01,510099,HI,2.4
2018-03-01,510099,HI,2.2
2018-04-01,510099,HI,2.3
2018-05-01,510099,HI,2.4
2018-06-01,510099,HI,2.6
2018-07-01,510099,HI,2.4
2018-08-01,510099,HI,2.4
2018-09-01,510099,HI,2.7
2018-10-01,510099,HI,2.3
2018-11-01,510099,HI,2.4
2018-12-01,510099,HI,2.5
2019-01-01,510099,HI,2.2
2019-02-01,510099,HI,2.3
2019-03-01,510099,HI,2.2
2019-04-01,510099,HI,2.6
2019-05-01,510099,HI,2.6
2019-06-01,510099,HI,2.5
2019-07-01,510099,HI,2.8
2019-08-01,510099,HI,2.7
2019-09-01,510099,HI,2.6
2019-10-01,510099,HI,2.5
2019-11-01,510099,HI,2.8
2019-12-01,510099,HI,2.5
2020-01-01,510099,HI,2.5
2020-02-01,510099,HI,2.7
2020-03-01,510099,HI,2.7
2020-04-01,510099,HI,1.7
2020-05-01,510099,HI,2.4
2020-06-01,510099,HI,2.4
2020-07-01,510099,HI,2.9
2020-08-01,510099,HI,2.6
2020-09-01,510099,HI,2.9
2020-10-01,510099,HI,2.9
2020-11-01,510099,HI,2.4
2020-12-01,510099,HI,2.3
2021-01-01,510099,HI,2.4
2021-02-01,510099,HI,2.3
2021-03-01,510099,HI,2.5
2021-04-01,510099,HI,2.3
2021-05-01,510099,HI,2.4
2021-06-01,510099,HI,2.6
2021-07-01,510099,HI,2.7
2021-08-01,510099,HI,2.4
2021-09-01,510099,HI,3.2
2021-10-01,510099,HI,2.6
2021-11-01,510099,HI,2.8
2021-12-01,510099,HI,2.8
2022-01-01,510099,HI,2.8
2022-02-01,510099,HI,2.9
2022-03-01,510099,HI,2.8
2022-04-01,510099,HI,3.1
2022-05-01,510099,HI,2.6
2022-06-01,510099,HI,2.6
2022-07-01,510099,HI,2.5
2022-08-01,510099,HI,2.6
2022-09-01,510099,HI,2.5
2022-10-01,510099,HI,2.4
2022-11-01,510099,HI,2.9
2022-12-01,510099,HI,2.4
2023-01-01,510099,HI,2.5
2023-02-01,510099,HI,2.3
2023-03-01,510099,HI,2.1
2023-04-01,510099,HI,2.3
2023-05-01,510099,HI,2.2
2023-06-01,510099,HI,2.0
2023-07-01,510099,HI,2.0
2023-08-01,510099,HI,2.3
2023-09-01,510099,HI,2.0
2023-10-01,510099,HI,2.2
2023-11-01,510099,HI,2.2
2023-12-01,510099,HI,2.2
2024-01-01,510099,HI,2.2
2024-02-01,510099,HI,2.1
2024-03-01,510099,HI,2.0
2024-04-01,510099,HI,2.1
2024-05-01,510099,HI,2.2
2024-06-01,510099,HI,2.5
2024-07-01,510099,HI,2.2
2024-08-01,510099,HI,2.2
2024-09-01,510099,HI,2.2
2024-10-01,510099,HI,2.0
2024-11-01,510099,HI,2.0
2024-12-01,510099,HI,2.3
2025-01-01,510099,HI,2.3
2025-02-01,510099,HI,2.3
2025-03-01,510099,HI,2.6
2025-04-01,510099,HI,2.3
2025-05-01,510099,HI,2.4
2025-06-01,510099,HI,2.2
2025-07-01,510099,HI,2.3
2025-08-01,510099,HI,2.1
2025-09-01,510099,HI,2.3
2025-10-01,510099,HI,2.1
2025-11-01,510099,HI,1.9
2025-12-01,510099,HI,2.3
2026-01-01,510099,HI,1.7
2026-02-01,510099,HI,2.0
2026-03-01,510099,HI,2.2
2026-04-01,510099,HI,2.0
2026-05-01,510099,HI,1.9
2026-06-01,510099,HI,2.0
2026-07-01,510099,HI,1.8
2026-08-01,510099,HI,1.8
2017-01-01,510099,JO,4.4
2017-02-01,510099,JO,3.9
2017-03-01,510099,JO,4.1
2017-04-01,510099,JO,5.0
2017-05-01,510099,JO,4.1
2017-06-01,510099,JO,4.3
2017-07-01,510099,JO,4.0
2017-08-01,510099,JO,3.5
2017-09-01,510099,JO,5.0
2017-10-01,510099,JO,4.6
2017-11-01,510099,JO,4.2
2017-12-01,510099,JO,4.1
2018-01-01,510099,JO,4.4
2018-02-01,510099,JO,4.5
2018-03-01,510099,JO,4.7
2018-04-01,510099,JO,3.4
2018-05-01,510099,JO,4.1
2018-06-01,510099,JO,4.1
2018-07-01,510099,JO,4.8
2018-08-01,510099,JO,4.6
2018-09-01,510099,JO,4.3
2018-10-01,510099,JO,4.5
2018-11-01,510099,JO,4.7
2018-12-01,510099,JO,4.0
2019-01-01,510099,JO,4.4
2019-02-01,510099,JO,3.9
2019-03-01,510099,JO,4.0
2019-04-01,510099,JO,3.9
2019-05-01,510099,JO,4.2
2019-06-01,510099,JO,4.2
2019-07-01,510099,JO,4.2
2019-08-01,510099,JO,4.2
2019-09-01,510099,JO,4.1
2019-10-01,510099,JO,4.6
2019-11-01,510099,JO,3.9
2019-12-01,510099,JO,3.4
2020-01-01,510099,JO,4.4
2020-02-01,510099,JO,4.4
2020-03-01,510099,JO,3.9
2020-04-01,510099,JO,2.9
2020-05-01,510099,JO,3.5
2020-06-01,510099,JO,3.7
2020-07-01,510099,JO,3.3
2020-08-01,510099,JO,3.3
2020-09-01,510099,JO,3.4
2020-10-01,510099,JO,3.5
2020-11-01,510099,JO,3.1
2020-12-01,510099,JO,3.1
2021-01-01,510099,JO,3.4
2021-02-01,510099,JO,3.8
2021-03-01,510099,JO,3.7
2021-04-01,510099,JO,4.7
2021-05-01,510099,JO,4.5
2021-06-01,510099,JO,3.9
2021-07-01,510099,JO,5.9
2021-08-01,510099,JO,5.3
2021-09-01,510099,JO,5.0
2021-10-01,510099,JO,4.8
2021-11-01,510099,JO,5.4
2021-12-01,510099,JO,5.4
2022-01-01,510099,JO,5.5
2022-02-01,510099,JO,5.3
2022-03-01,510099,JO,5.3
2022-04-01,510099,JO,5.8
2022-05-01,510099,JO,6.0
2022-06-01,510099,JO,6.8
2022-07-01,510099,JO,6.6
2022-08-01,510099,JO,5.5
2022-09-01,510099,JO,4.6
2022-10-01,510099,JO,6.6
2022-11-01,510099,JO,5.8
2022-12-01,510099,JO,5.7
2023-01-01,510099,JO,4.5
2023-02-01,510099,JO,4.5
2023-03-01,510099,JO,4.9
2023-04-01,510099,JO,5.0
2023-05-01,510099,JO,4.2
2023-06-01,510099,JO,4.6
2023-07-01,510099,JO,4.6
2023-08-01,510099,JO,6.1
2023-09-01,510099,JO,6.6
2023-10-01,510099,JO,4.3
2023-11-01,510099,JO,4.1
2023-12-01,510099,JO,4.7
2024-01-01,510099,JO,5.0
2024-02-01,510099,JO,6.4
2024-03-01,510099,JO,4.8
2024-04-01,510099,JO,4.6
2024-05-01,510099,JO,4.5
2024-06-01,510099,JO,4.4
2024-07-01,510099,JO,4.0
2024-08-01,510099,JO,3.9
2024-09-01,510099,JO,3.8
2024-10-01,510099,JO,4.5
2024-11-01,510099,JO,4.6
2024-12-01,510099,JO,4.1
2025-01-01,510099,JO,5.2
2025-02-01,510099,JO,4.5
2025-03-01,510099,JO,4.3
2025-04-01,510099,JO,4.4
2025-05-01,510099,JO,5.1
2025-06-01,510099,JO,3.7
2025-07-01,510099,JO,4.1
2025-08-01,510099,JO,3.5
2025-09-01,510099,JO,4.1
2025-10-01,510099,JO,3.2
2025-11-01,510099,JO,3.7
2025-12-01,510099,JO,2.5
2026-01-01,510099,JO,4.5
2026-02-01,510099,JO,4.1
2026-03-01,510099,JO,5.2
2026-04-01,510099,JO,4.2
2026-05-01,510099,JO,3.8
2026-06-01,510099,JO,4.1
2026-07-01,510099,JO,4.2
2026-08-01,510099,JO,4.2
2017-01-01,510099,LD,0.6
2017-02-01,510099,LD,0.8
2017-03-01,510099,LD,0.8
2017-04-01,510099,LD,0.5
2017-05-01,510099,LD,0.6
2017-06-01,510099,LD,0.7
2017-07-01,510099,LD,0.8
2017-08-01,510099,LD,0.8
2017-09-01,510099,LD,0.5
2017-10-01,510099,LD,0.9
2017-11-01,510099,LD,0.6
2017-12-01,510099,LD,0.6
2018-01-01,510099,LD,0.8
2018-02-01,510099,LD,0.5
2018-03-01,510099,LD,0.5
2018-04-01,510099,LD,0.7
2018-05-01,510099,LD,0.7
2018-06-01,510099,LD,0.7
2018-07-01,510099,LD,0.5
2018-08-01,510099,LD,0.5
2018-09-01,510099,LD,0.6
2018-10-01,510099,LD,0.5
2018-11-01,510099,LD,0.7
2018-12-01,510099,LD,0.6
2019-01-01,510099,LD,0.6
2019-02-01,510099,LD,0.7
2019-03-01,510099,LD,0.4
2019-04-01,510099,LD,0.5
2019-05-01,510099,LD,0.6
2019-06-01,510099,LD,0.7
2019-07-01,510099,LD,0.7
2019-08-01,510099,LD,0.7
2019-09-01,510099,LD,0.7
2019-10-01,510099,LD,0.5
2019-11-01,510099,LD,0.5
2019-12-01,510099,LD,0.6
2020-01-01,510099,LD,0.6
2020-02-01,510099,LD,0.7
2020-03-01,510099,LD,2.7
2020-04-01,510099,LD,2.8
2020-05-01,510099,LD,0.7
2020-06-01,510099,LD,1.3
2020-07-01,510099,LD,0.9
2020-08-01,510099,LD,0.6
2020-09-01,510099,LD,0.6
2020-10-01,510099,LD,0.5
2020-11-01,510099,LD,0.6
2020-12-01,510099,LD,0.6
2021-01-01,510099,LD,0.5
2021-02-01,510099,LD,0.6
2021-03-01,510099,LD,0.7
2021-04-01,510099,LD,0.5
2021-05-01,510099,LD,0.5
2021-06-01,510099,LD,0.5
2021-07-01,510099,LD,0.6
2021-08-01,510099,LD,0.5
2021-09-01,510099,LD,0.5
2021-10-01,510099,LD,0.4
2021-11-01,510099,LD,0.3
2021-12-01,510099,LD,0.5
2022-01-01,510099,LD,0.4
2022-02-01,510099,LD,0.5
2022-03-01,510099,LD,0.4
2022-04-01,510099,LD,0.3
2022-05-01,510099,LD,0.6
2022-06-01,510099,LD,0.5
2022-07-01,510099,LD,0.3
2022-08-01,510099,LD,0.6
2022-09-01,510099,LD,0.7
2022-10-01,510099,LD,0.6
2022-11-01,510099,LD,1.1
2022-12-01,510099,LD,0.5
2023-01-01,510099,LD,0.7
2023-02-01,510099,LD,0.4
2023-03-01,510099,LD,0.5
2023-04-01,510099,LD,0.4
2023-05-01,510099,LD,0.5
2023-06-01,510099,LD,0.3
2023-07-01,510099,LD,0.5
2023-08-01,510099,LD,0.6
2023-09-01,510099,LD,0.6
2023-10-01,510099,LD,0.8
2023-11-01,510099,LD,0.7
2023-12-01,510099,LD,0.5
2024-01-01,510099,LD,0.8
2024-02-01,510099,LD,0.5
2024-03-01,510099,LD,0.6
2024-04-01,510099,LD,0.8
2024-05-01,510099,LD,0.7
2024-06-01,510099,LD,0.5
2024-07-01,510099,LD,0.7
2024-08-01,510099,LD,0.9
2024-09-01,510099,LD,0.6
2024-10-01,510099,LD,0.6
2024-11-01,510099,LD,0.7
2024-12-01,510099,LD,0.6
2025-01-01,510099,LD,0.4
2025-02-01,510099,LD,0.6
2025-03-01,510099,LD,0.6
2025-04-01,510099,LD,0.9
2025-05-01,510099,LD,0.6
2025-06-01,510099,LD,0.6
2025-07-01,510099,LD,0.7
2025-08-01,510099,LD,0.7
2025-09-01,510099,LD,0.6
2025-10-01,510099,LD,0.6
2025-11-01,510099,LD,0.6
2025-12-01,510099,LD,0.6
2026-01-01,510099,LD,0.6
2026-02-01,510099,LD,0.5
2026-03-01,510099,LD,0.5
2026-04-01,510099,LD,0.6
2026-05-01,510099,LD,0.4
2026-06-01,510099,LD,0.5
2026-07-01,510099,LD,0.6
2026-08-01,510099,LD,0.6
2017-01-01,510099,QU,1.5
2017-02-01,510099,QU,1.2
2017-03-01,510099,QU,1.3
2017-04-01,510099,QU,1.3
2017-05-01,510099,QU,1.5
2017-06-01,510099,QU,1.3
2017-07-01,510099,QU,1.3
2017-08-01,510099,QU,1.2
2017-09-01,510099,QU,1.3
2017-10-01,510099,QU,1.5
2017-11-01,510099,QU,1.4
2017-12-01,510099,QU,1.4
2018-01-01,510099,QU,1.4
2018-02-01,510099,QU,1.5
2018-03-01,510099,QU,1.3
2018-04-01,510099,QU,1.1
2018-05-01,510099,QU,1.3
2018-06-01,510099,QU,1.4
2018-07-01,510099,QU,1.5
2018-08-01,510099,QU,1.5
2018-09-01,510099,QU,1.4
2018-10-01,510099,QU,1.2
2018-11-01,510099,QU,1.3
2018-12-01,510099,QU,1.5
2019-01-01,510099,QU,1.2
2019-02-01,510099,QU,1.2
2019-03-01,510099,QU,1.3
2019-04-01,510099,QU,1.6
2019-05-01,510099,QU,1.4
2019-06-01,510099,QU,1.5
2019-07-01,510099,QU,1.5
2019-08-01,510099,QU,1.6
2019-09-01,510099,QU,1.5
2019-10-01,510099,QU,1.5
2019-11-01,510099,QU,1.8
2019-12-01,510099,QU,1.5
2020-01-01,510099,QU,1.5
2020-02-01,510099,QU,1.5
2020-03-01,510099,QU,1.3
2020-04-01,510099,QU,0.7
2020-05-01,510099,QU,1.2
2020-06-01,510099,QU,1.1
2020-07-01,510099,QU,1.1
2020-08-01,510099,QU,1.5
2020-09-01,510099,QU,1.4
2020-10-01,510099,QU,1.5
2020-11-01,510099,QU,1.4
2020-12-01,510099,QU,1.3
2021-01-01,510099,QU,1.5
2021-02-01,510099,QU,1.4
2021-03-01,510099,QU,1.4
2021-04-01,510099,QU,1.5
2021-05-01,510099,QU,1.4
2021-06-01,510099,QU,1.5
2021-07-01,510099,QU,1.5
2021-08-01,510099,QU,1.4
2021-09-01,510099,QU,1.7
2021-10-01,510099,QU,1.5
2021-11-01,510099,QU,1.7
2021-12-01,510099,QU,1.6
2022-01-01,510099,QU,1.9
2022-02-01,510099,QU,1.7
2022-03-01,510099,QU,1.8
2022-04-01,510099,QU,2.1
2022-05-01,510099,QU,1.5
2022-06-01,510099,QU,1.6
2022-07-01,510099,QU,1.9
2022-08-01,510099,QU,1.6
2022-09-01,510099,QU,1.5
2022-10-01,510099,QU,1.6
2022-11-01,510099,QU,1.4
2022-12-01,510099,QU,1.5
2023-01-01,510099,QU,1.5
2023-02-01,510099,QU,1.3
2023-03-01,510099,QU,1.2
2023-04-01,510099,QU,1.6
2023-05-01,510099,QU,1.5
2023-06-01,510099,QU,1.3
2023-07-01,510099,QU,1.2
2023-08-01,510099,QU,1.5
2023-09-01,510099,QU,1.3
2023-10-01,510099,QU,1.4
2023-11-01,510099,QU,1.4
2023-12-01,510099,QU,1.4
2024-01-01,510099,QU,1.2
2024-02-01,510099,QU,1.4
2024-03-01,510099,QU,1.2
2024-04-01,510099,QU,1.2
2024-05-01,510099,QU,1.3
2024-06-01,510099,QU,1.6
2024-07-01,510099,QU,1.2
2024-08-01,510099,QU,1.0
2024-09-01,510099,QU,1.4
2024-10-01,510099,QU,1.2
2024-11-01,510099,QU,1.2
2024-12-01,510099,QU,1.3
2025-01-01,510099,QU,1.4
2025-02-01,510099,QU,1.3
2025-03-01,510099,QU,1.5
2025-04-01,510099,QU,1.4
2025-05-01,510099,QU,1.5
2025-06-01,510099,QU,1.2
2025-07-01,510099,QU,1.4
2025-08-01,510099,QU,1.3
2025-09-01,510099,QU,1.4
2025-10-01,510099,QU,1.2
2025-11-01,510099,QU,1.1
2025-12-01,510099,QU,1.3
2026-01-01,510099,QU,1.1
2026-02-01,510099,QU,1.1
2026-03-01,510099,QU,1.5
2026-04-01,510099,QU,1.2
2026-05-01,510099,QU,1.3
2026-06-01,510099,QU,1.0
2026-07-01,510099,QU,1.1
2026-08-01,510099,QU,1.0
2017-01-01,540099,HI,5.5
2017-02-01,540099,HI,5.2
2017-03-01,540099,HI,5.1
2017-04-01,540099,HI,5.0
2017-05-01,540099,HI,5.4
2017-06-01,540099,HI,6.1
2017-07-01,540099,HI,5.7
2017-08-01,540099,HI,5.6
2017-09-01,540099,HI,5.6
2017-10-01,540099,HI,5.7
2017-11-01,540099,HI,5.4
2017-12-01,540099,HI,5.2
2018-01-01,540099,HI,5.2
2018-02-01,540099,HI,5.6
2018-03-01,540099,HI,5.6
2018-04-01,540099,HI,5.4
2018-05-01,540099,HI,5.6
2018-06-01,540099,HI,5.7
2018-07-01,540099,HI,5.3
2018-08-01,540099,HI,5.3
2018-09-01,540099,HI,5.2
2018-10-01,540099,HI,5.6
2018-11-01,540099,HI,5.4
2018-12-01,540099,HI,5.5
2019-01-01,540099,HI,5.0
2019-02-01,540099,HI,5.6
2019-03-01,540099,HI,5.6
2019-04-01,540099,HI,5.9
2019-05-01,540099,HI,5.3
2019-06-01,540099,HI,5.2
2019-07-01,540099,HI,5.4
2019-08-01,540099,HI,5.4
2019-09-01,540099,HI,5.4
2019-10-01,540099,HI,5.2
2019-11-01,540099,HI,5.3
2019-12-01,540099,HI,5.4
2020-01-01,540099,HI,5.4
2020-02-01,540099,HI,5.2
2020-03-01,540099,HI,5.2
2020-04-01,540099,HI,4.3
2020-05-01,540099,HI,5.2
2020-06-01,540099,HI,6.0
2020-07-01,540099,HI,5.7
2020-08-01,540099,HI,5.8
2020-09-01,540099,HI,5.7
2020-10-01,540099,HI,5.5
2020-11-01,540099,HI,6.0
2020-12-01,540099,HI,5.7
2021-01-01,540099,HI,5.7
2021-02-01,540099,HI,5.6
2021-03-01,540099,HI,5.5
2021-04-01,540099,HI,5.6
2021-05-01,540099,HI,5.5
2021-06-01,540099,HI,5.8
2021-07-01,540099,HI,6.2
2021-08-01,540099,HI,5.7
2021-09-01,540099,HI,6.2
2021-10-01,540099,HI,6.3
2021-11-01,540099,HI,6.4
2021-12-01,540099,HI,6.0
2022-01-01,540099,HI,5.7
2022-02-01,540099,HI,6.2
2022-03-01,540099,HI,5.9
2022-04-01,540099,HI,5.8
2022-05-01,540099,HI,5.9
2022-06-01,540099,HI,5.7
2022-07-01,540099,HI,5.6
2022-08-01,540099,HI,5.2
2022-09-01,540099,HI,5.2
2022-10-01,540099,HI,5.1
2022-11-01,540099,HI,5.0
2022-12-01,540099,HI,4.7
2023-01-01,540099,HI,4.8
2023-02-01,540099,HI,4.6
2023-03-01,540099,HI,4.6
2023-04-01,540099,HI,5.1
2023-05-01,540099,HI,4.5
2023-06-01,540099,HI,4.6
2023-07-01,540099,HI,4.5
2023-08-01,540099,HI,4.5
2023-09-01,540099,HI,4.4
2023-10-01,540099,HI,4.7
2023-11-01,540099,HI,3.9
2023-12-01,540099,HI,4.7
2024-01-01,540099,HI,4.7
2024-02-01,540099,HI,4.6
2024-03-01,540099,HI,4.7
2024-04-01,540099,HI,4.4
2024-05-01,540099,HI,4.5
2024-06-01,540099,HI,4.1
2024-07-01,540099,HI,4.0
2024-08-01,540099,HI,4.4
2024-09-01,540099,HI,4.4
2024-10-01,540099,HI,4.2
2024-11-01,540099,HI,4.0
2024-12-01,540099,HI,4.4
2025-01-01,540099,HI,4.3
2025-02-01,540099,HI,4.6
2025-03-01,540099,HI,4.7
2025-04-01,540099,HI,4.9
2025-05-01,540099,HI,4.6
2025-06-01,540099,HI,4.6
2025-07-01,540099,HI,4.7
2025-08-01,540099,HI,4.6
2025-09-01,540099,HI,4.5
2025-10-01,540099,HI,4.4
2025-11-01,540099,HI,4.4
2025-12-01,540099,HI,4.2
2026-01-01,540099,HI,4.5
2026-02-01,540099,HI,4.0
2026-03-01,540099,HI,4.7
2026-04-01,540099,HI,4.3
2026-05-01,540099,HI,4.8
2026-06-01,540099,HI,4.8
2026-07-01,540099,HI,4.0
2026-08-01,540099,HI,4.2
2017-01-01,540099,JO,4.6
2017-02-01,540099,JO,4.6
2017-03-01,540099,JO,4.7
2017-04-01,540099,JO,4.9
2017-05-01,540099,JO,4.7
2017-06-01,540099,JO,5.7
2017-07-01,540099,JO,5.2
2017-08-01,540099,JO,5.1
2017-09-01,540099,JO,5.1
2017-10-01,540099,JO,6.0
2017-11-01,540099,JO,4.8
2017-12-01,540099,JO,4.5
2018-01-01,540099,JO,5.1
2018-02-01,540099,JO,5.1
2018-03-01,540099,JO,5.4
2018-04-01,540099,JO,5.4
2018-05-01,540099,JO,5.6
2018-06-01,540099,JO,5.7
2018-07-01,540099,JO,5.6
2018-08-01,540099,JO,5.9
2018-09-01,540099,JO,6.0
2018-10-01,540099,JO,6.0
2018-11-01,540099,JO,6.0
2018-12-01,540099,JO,6.0
2019-01-01,540099,JO,6.2
2019-02-01,540099,JO,6.1
2019-03-01,540099,JO,6.0
2019-04-01,540099,JO,5.2
2019-05-01,540099,JO,5.6
2019-06-01,540099,JO,5.6
2019-07-01,540099,JO,5.5
2019-08-01,540099,JO,5.6
2019-09-01,540099,JO,5.5
2019-10-01,540099,JO,5.3
2019-11-01,540099,JO,5.3
2019-12-01,540099,JO,5.5
2020-01-01,540099,JO,5.7
2020-02-01,540099,JO,5.7
2020-03-01,540099,JO,4.9
2020-04-01,540099,JO,4.1
2020-05-01,540099,JO,4.9
2020-06-01,540099,JO,5.2
2020-07-01,540099,JO,5.4
2020-08-01,540099,JO,5.4
2020-09-01,540099,JO,5.9
2020-10-01,540099,JO,5.8
2020-11-01,540099,JO,6.1
2020-12-01,540099,JO,6.5
2021-01-01,540099,JO,6.4
2021-02-01,540099,JO,6.6
2021-03-01,540099,JO,6.9
2021-04-01,540099,JO,7.6
2021-05-01,540099,JO,8.1
2021-06-01,540099,JO,8.3
2021-07-01,540099,JO,8.8
2021-08-01,540099,JO,8.7
2021-09-01,540099,JO,8.3
2021-10-01,540099,JO,8.8
2021-11-01,540099,JO,8.5
2021-12-01,540099,JO,8.6
2022-01-01,540099,JO,8.6
2022-02-01,540099,JO,9.6
2022-03-01,540099,JO,9.9
2022-04-01,540099,JO,9.3
2022-05-01,540099,JO,9.0
2022-06-01,540099,JO,9.2
2022-07-01,540099,JO,8.5
2022-08-01,540099,JO,7.3
2022-09-01,540099,JO,8.6
2022-10-01,540099,JO,7.2
2022-11-01,540099,JO,8.5
2022-12-01,540099,JO,8.5
2023-01-01,540099,JO,8.1
2023-02-01,540099,JO,7.5
2023-03-01,540099,JO,7.4
2023-04-01,540099,JO,7.3
2023-05-01,540099,JO,6.7
2023-06-01,540099,JO,6.3
2023-07-01,540099,JO,5.2
2023-08-01,540099,JO,6.4
2023-09-01,540099,JO,6.2
2023-10-01,540099,JO,6.1
2023-11-01,540099,JO,5.5
2023-12-01,540099,JO,5.7
2024-01-01,540099,JO,6.0
2024-02-01,540099,JO,5.9
2024-03-01,540099,JO,5.5
2024-04-01,540099,JO,5.2
2024-05-01,540099,JO,5.5
2024-06-01,540099,JO,4.6
2024-07-01,540099,JO,5.5
2024-08-01,540099,JO,5.5
2024-09-01,540099,JO,5.2
2024-10-01,540099,JO,5.3
2024-11-01,540099,JO,6.3
2024-12-01,540099,JO,5.4
2025-01-01,540099,JO,5.3
2025-02-01,540099,JO,5.2
2025-03-01,540099,JO,5.1
2025-04-01,540099,JO,5.6
2025-05-01,540099,JO,5.2
2025-06-01,540099,JO,5.6
2025-07-01,540099,JO,5.2
2025-08-01,540099,JO,4.7
2025-09-01,540099,JO,5.4
2025-10-01,540099,JO,5.4
2025-11-01,540099,JO,5.5
2025-12-01,540099,JO,5.0
2026-01-01,540099,JO,5.1
2026-02-01,540099,JO,5.5
2026-03-01,540099,JO,4.5
2026-04-01,540099,JO,6.2
2026-05-01,540099,JO,5.8
2026-06-01,540099,JO,5.1
2026-07-01,540099,JO,5.5
2026-08-01,540099,JO,5.0
2017-01-01,540099,LD,1.9
2017-02-01,540099,LD,2.0
2017-03-01,540099,LD,1.8
2017-04-01,540099,LD,1.8
2017-05-01,540099,LD,2.1
2017-06-01,540099,LD,2.6
2017-07-01,540099,LD,2.3
2017-08-01,540099,LD,1.9
2017-09-01,540099,LD,2.1
2017-10-01,540099,LD,2.0
2017-11-01,540099,LD,1.6
2017-12-01,540099,LD,1.8
2018-01-01,540099,LD,1.9
2018-02-01,540099,LD,2.1
2018-03-01,540099,LD,2.1
2018-04-01,540099,LD,1.6
2018-05-01,540099,LD,2.0
2018-06-01,540099,LD,2.1
2018-07-01,540099,LD,1.9
2018-08-01,540099,LD,1.9
2018-09-01,540099,LD,1.8
2018-10-01,540099,LD,2.0
2018-11-01,540099,LD,2.1
2018-12-01,540099,LD,2.2
2019-01-01,540099,LD,1.7
2019-02-01,540099,LD,1.9
2019-03-01,540099,LD,1.9
2019-04-01,540099,LD,2.3
2019-05-01,540099,LD,2.1
2019-06-01,540099,LD,1.8
2019-07-01,540099,LD,1.9
2019-08-01,540099,LD,1.9
2019-09-01,540099,LD,2.1
2019-10-01,540099,LD,1.9
2019-11-01,540099,LD,2.0
2019-12-01,540099,LD,2.2
2020-01-01,540099,LD,1.9
2020-02-01,540099,LD,1.9
2020-03-01,540099,LD,5.9
2020-04-01,540099,LD,6.4
2020-05-01,540099,LD,2.4
2020-06-01,540099,LD,2.2
2020-07-01,540099,LD,2.1
2020-08-01,540099,LD,1.9
2020-09-01,540099,LD,1.7
2020-10-01,540099,LD,1.7
2020-11-01,540099,LD,2.2
2020-12-01,540099,LD,1.8
2021-01-01,540099,LD,1.7
2021-02-01,540099,LD,2.0
2021-03-01,540099,LD,1.9
2021-04-01,540099,LD,1.6
2021-05-01,540099,LD,1.5
2021-06-01,540099,LD,1.4
2021-07-01,540099,LD,2.0
2021-08-01,540099,LD,1.3
2021-09-01,540099,LD,1.9
2021-10-01,540099,LD,1.4
2021-11-01,540099,LD,1.6
2021-12-01,540099,LD,1.7
2022-01-01,540099,LD,1.4
2022-02-01,540099,LD,1.8
2022-03-01,540099,LD,1.8
2022-04-01,540099,LD,1.4
2022-05-01,540099,LD,1.8
2022-06-01,540099,LD,1.8
2022-07-01,540099,LD,1.5
2022-08-01,540099,LD,1.8
2022-09-01,540099,LD,1.4
2022-10-01,540099,LD,1.8
2022-11-01,540099,LD,1.5
2022-12-01,540099,LD,1.5
2023-01-01,540099,LD,2.2
2023-02-01,540099,LD,1.6
2023-03-01,540099,LD,1.8
2023-04-01,540099,LD,1.8
2023-05-01,540099,LD,1.2
2023-06-01,540099,LD,1.8
2023-07-01,540099,LD,1.9
2023-08-01,540099,LD,1.7
2023-09-01,540099,LD,1.6
2023-10-01,540099,LD,1.7
2023-11-01,540099,LD,1.4
2023-12-01,540099,LD,2.0
2024-01-01,540099,LD,2.2
2024-02-01,540099,LD,1.7
2024-03-01,540099,LD,1.6
2024-04-01,540099,LD,1.4
2024-05-01,540099,LD,1.7
2024-06-01,540099,LD,1.5
2024-07-01,540099,LD,1.6
2024-08-01,540099,LD,1.9
2024-09-01,540099,LD,2.2
2024-10-01,540099,LD,1.8
2024-11-01,540099,LD,1.8
2024-12-01,540099,LD,1.6
2025-01-01,540099,LD,2.0
2025-02-01,540099,LD,2.1
2025-03-01,540099,LD,1.7
2025-04-01,540099,LD,2.1
2025-05-01,540099,LD,1.8
2025-06-01,540099,LD,2.6
2025-07-01,540099,LD,1.9
2025-08-01,540099,LD,2.2
2025-09-01,540099,LD,2.0
2025-10-01,540099,LD,2.1
2025-11-01,540099,LD,2.2
2025-12-01,540099,LD,1.9
2026-01-01,540099,LD,1.8
2026-02-01,540099,LD,1.9
2026-03-01,540099,LD,2.5
2026-04-01,540099,LD,2.0
2026-05-01,540099,LD,2.1
2026-06-01,540099,LD,2.2
2026-07-01,540099,LD,2.0
2026-08-01,540099,LD,1.7
2017-01-01,540099,QU,3.2
2017-02-01,540099,QU,2.8
2017-03-01,540099,QU,2.9
2017-04-01,540099,QU,2.8
2017-05-01,540099,QU,2.8
2017-06-01,540099,QU,3.0
2017-07-01,540099,QU,2.9
2017-08-01,540099,QU,3.2
2017-09-01,540099,QU,3.3
2017-10-01,540099,QU,3.2
2017-11-01,540099,QU,3.3
2017-12-01,540099,QU,3.1
2018-01-01,540099,QU,2.7
2018-02-01,540099,QU,3.1
2018-03-01,540099,QU,3.1
2018-04-01,540099,QU,3.2
2018-05-01,540099,QU,3.0
2018-06-01,540099,QU,3.1
2018-07-01,540099,QU,3.1
2018-08-01,540099,QU,2.9
2018-09-01,540099,QU,2.8
2018-10-01,540099,QU,3.1
2018-11-01,540099,QU,3.0
2018-12-01,540099,QU,3.0
2019-01-01,540099,QU,3.0
2019-02-01,540099,QU,3.1
2019-03-01,540099,QU,3.2
2019-04-01,540099,QU,3.1
2019-05-01,540099,QU,2.9
2019-06-01,540099,QU,3.0
2019-07-01,540099,QU,3.3
2019-08-01,540099,QU,3.0
2019-09-01,540099,QU,3.0
2019-10-01,540099,QU,2.9
2019-11-01,540099,QU,2.9
2019-12-01,540099,QU,3.0
2020-01-01,540099,QU,3.2
2020-02-01,540099,QU,3.0
2020-03-01,540099,QU,2.9
2020-04-01,540099,QU,1.9
2020-05-01,540099,QU,2.2
2020-06-01,540099,QU,2.0
2020-07-01,540099,QU,2.6
2020-08-01,540099,QU,2.7
2020-09-01,540099,QU,3.2
2020-10-01,540099,QU,3.0
2020-11-01,540099,QU,2.7
2020-12-01,540099,QU,2.8
2021-01-01,540099,QU,2.9
2021-02-01,540099,QU,3.1
2021-03-01,540099,QU,3.0
2021-04-01,540099,QU,3.4
2021-05-01,540099,QU,3.3
2021-06-01,540099,QU,3.5
2021-07-01,540099,QU,3.2
2021-08-01,540099,QU,3.4
2021-09-01,540099,QU,3.5
2021-10-01,540099,QU,3.4
2021-11-01,540099,QU,3.8
2021-12-01,540099,QU,3.5
2022-01-01,540099,QU,3.6
2022-02-01,540099,QU,3.3
2022-03-01,540099,QU,3.5
2022-04-01,540099,QU,3.8
2022-05-01,540099,QU,3.5
2022-06-01,540099,QU,3.4
2022-07-01,540099,QU,3.5
2022-08-01,540099,QU,3.1
2022-09-01,540099,QU,3.3
2022-10-01,540099,QU,2.8
2022-11-01,540099,QU,3.2
2022-12-01,540099,QU,3.1
2023-01-01,540099,QU,2.4
2023-02-01,540099,QU,2.8
2023-03-01,540099,QU,2.7
2023-04-01,540099,QU,2.6
2023-05-01,540099,QU,2.8
2023-06-01,540099,QU,2.6
2023-07-01,540099,QU,2.6
2023-08-01,540099,QU,2.6
2023-09-01,540099,QU,2.6
2023-10-01,540099,QU,2.8
2023-11-01,540099,QU,2.7
2023-12-01,540099,QU,2.4
2024-01-01,540099,QU,2.2
2024-02-01,540099,QU,2.7
2024-03-01,540099,QU,3.0
2024-04-01,540099,QU,2.3
2024-05-01,540099,QU,2.2
2024-06-01,540099,QU,2.6
2024-07-01,540099,QU,2.2
2024-08-01,540099,QU,2.4
2024-09-01,540099,QU,2.3
2024-10-01,540099,QU,2.4
2024-11-01,540099,QU,2.2
2024-12-01,540099,QU,2.6
2025-01-01,540099,QU,2.4
2025-02-01,540099,QU,2.3
2025-03-01,540099,QU,2.9
2025-04-01,540099,QU,2.3
2025-05-01,540099,QU,2.4
2025-06-01,540099,QU,1.9
2025-07-01,540099,QU,2.6
2025-08-01,540099,QU,2.5
2025-09-01,540099,QU,2.4
2025-10-01,540099,QU,2.4
2025-11-01,540099,QU,2.1
2025-12-01,540099,QU,1.9
2026-01-01,540099,QU,2.2
2026-02-01,540099,QU,2.0
2026-03-01,540099,QU,2.0
2026-04-01,540099,QU,1.9
2026-05-01,540099,QU,2.2
2026-06-01,540099,QU,2.1
2026-07-01,540099,QU,1.8
2026-08-01,540099,QU,2.1
2017-01-01,600000,HI,2.8
2017-02-01,600000,HI,2.7
2017-03-01,600000,HI,2.9
2017-04-01,600000,HI,2.9
2017-05-01,600000,HI,2.9
2017-06-01,600000,HI,2.8
2017-07-01,600000,HI,2.9
2017-08-01,600000,HI,3.0
2017-09-01,600000,HI,2.8
2017-10-01,600000,HI,2.9
2017-11-01,600000,HI,3.0
2017-12-01,600000,HI,2.9
2018-01-01,600000,HI,2.9
2018-02-01,600000,HI,2.8
2018-03-01,600000,HI,2.9
2018-04-01,600000,HI,2.8
2018-05-01,600000,HI,3.1
2018-06-01,600000,HI,3.1
2018-07-01,600000,HI,2.9
2018-08-01,600000,HI,3.1
2018-09-01,600000,HI,2.9
2018-10-01,600000,HI,3.1
2018-11-01,600000,HI,3.1
2018-12-01,600000,HI,3.2
2019-01-01,600000,HI,3.1
2019-02-01,600000,HI,3.0
2019-03-01,600000,HI,3.1
2019-04-01,600000,HI,3.1
2019-05-01,600000,HI,2.9
2019-06-01,600000,HI,2.8
2019-07-01,600000,HI,3.0
2019-08-01,600000,HI,2.9
2019-09-01,600000,HI,3.0
2019-10-01,600000,HI,3.0
2019-11-01,600000,HI,3.0
2019-12-01,600000,HI,3.0
2020-01-01,600000,HI,3.2
2020-02-01,600000,HI,3.1
2020-03-01,600000,HI,2.8
2020-04-01,600000,HI,2.4
2020-05-01,600000,HI,5.2
2020-06-01,600000,HI,4.0
2020-07-01,600000,HI,3.7
2020-08-01,600000,HI,3.1
2020-09-01,600000,HI,3.3
2020-10-01,600000,HI,3.2
2020-11-01,600000,HI,3.1
2020-12-01,600000,HI,3.1
2021-01-01,600000,HI,2.9
2021-02-01,600000,HI,3.0
2021-03-01,600000,HI,3.3
2021-04-01,600000,HI,3.1
2021-05-01,600000,HI,3.1
2021-06-01,600000,HI,3.3
2021-07-01,600000,HI,3.2
2021-08-01,600000,HI,3.4
2021-09-01,600000,HI,3.6
2021-10-01,600000,HI,3.6
2021-11-01,600000,HI,3.6
2021-12-01,600000,HI,3.6
2022-01-01,600000,HI,3.5
2022-02-01,600000,HI,3.7
2022-03-01,600000,HI,3.4
2022-04-01,600000,HI,3.5
2022-05-01,600000,HI,3.5
2022-06-01,600000,HI,3.6
2022-07-01,600000,HI,3.7
2022-08-01,600000,HI,3.5
2022-09-01,600000,HI,3.4
2022-10-01,600000,HI,3.3
2022-11-01,600000,HI,3.4
2022-12-01,600000,HI,3.6
2023-01-01,600000,HI,3.7
2023-02-01,600000,HI,3.4
2023-03-01,600000,HI,3.5
2023-04-01,600000,HI,3.1
2023-05-01,600000,HI,3.8
2023-06-01,600000,HI,3.8
2023-07-01,600000,HI,3.5
2023-08-01,600000,HI,3.7
2023-09-01,600000,HI,3.4
2023-10-01,600000,HI,3.5
2023-11-01,600000,HI,3.5
2023-12-01,600000,HI,3.2
2024-01-01,600000,HI,3.3
2024-02-01,600000,HI,3.3
2024-03-01,600000,HI,3.3
2024-04-01,600000,HI,3.4
2024-05-01,600000,HI,3.3
2024-06-01,600000,HI,3.1
2024-07-01,600000,HI,3.4
2024-08-01,600000,HI,3.0
2024-09-01,600000,HI,3.3
2024-10-01,600000,HI,3.2
2024-11-01,600000,HI,3.1
2024-12-01,600000,HI,3.1
2025-01-01,600000,HI,3.0
2025-02-01,600000,HI,3.0
2025-03-01,600000,HI,3.0
2025-04-01,600000,HI,3.1
2025-05-01,600000,HI,2.8
2025-06-01,600000,HI,2.9
2025-07-01,600000,HI,2.9
2025-08-01,600000,HI,2.9
2025-09-01,600000,HI,3.3
2025-10-01,600000,HI,3.0
2025-11-01,600000,HI,2.8
2025-12-01,600000,HI,3.0
2026-01-01,600000,HI,2.9
2026-02-01,600000,HI,2.6
2026-03-01,600000,HI,2.9
2026-04-01,600000,HI,2.6
2026-05-01,600000,HI,2.6
2026-06-01,600000,HI,2.9
2026-07-01,600000,HI,2.8
2026-08-01,600000,HI,2.9
2017-01-01,600000,JO,4.8
2017-02-01,600000,JO,5.1
2017-03-01,600000,JO,4.6
2017-04-01,600000,JO,4.6
2017-05-01,600000,JO,4.5
2017-06-01,600000,JO,4.8
2017-07-01,600000,JO,4.7
2017-08-01,600000,JO,4.8
2017-09-01,600000,JO,4.7
2017-10-01,600000,JO,4.6
2017-11-01,600000,JO,4.6
2017-12-01,600000,JO,4.7
2018-01-01,600000,JO,4.7
2018-02-01,600000,JO,4.8
2018-03-01,600000,JO,5.0
2018-04-01,600000,JO,4.9
2018-05-01,600000,JO,4.9
2018-06-01,600000,JO,5.1
2018-07-01,600000,JO,5.0
2018-08-01,600000,JO,5.0
2018-09-01,600000,JO,5.1
2018-10-01,600000,JO,5.0
2018-11-01,600000,JO,5.0
2018-12-01,600000,JO,5.2
2019-01-01,600000,JO,5.4
2019-02-01,600000,JO,4.8
2019-03-01,600000,JO,5.3
2019-04-01,600000,JO,5.5
2019-05-01,600000,JO,5.4
2019-06-01,600000,JO,5.1
2019-07-01,600000,JO,5.1
2019-08-01,600000,JO,5.2
2019-09-01,600000,JO,4.8
2019-10-01,600000,JO,5.1
2019-11-01,600000,JO,5.0
2019-12-01,600000,JO,4.8
2020-01-01,600000,JO,5.1
2020-02-01,600000,JO,5.0
2020-03-01,600000,JO,4.5
2020-04-01,600000,JO,4.2
2020-05-01,600000,JO,4.3
2020-06-01,600000,JO,4.7
2020-07-01,600000,JO,4.9
2020-08-01,600000,JO,5.1
2020-09-01,600000,JO,5.0
2020-10-01,600000,JO,5.3
2020-11-01,600000,JO,5.3
2020-12-01,600000,JO,5.1
2021-01-01,600000,JO,5.5
2021-02-01,600000,JO,6.4
2021-03-01,600000,JO,5.8
2021-04-01,600000,JO,6.3
2021-05-01,600000,JO,6.9
2021-06-01,600000,JO,7.1
2021-07-01,600000,JO,7.3
2021-08-01,600000,JO,7.0
2021-09-01,600000,JO,7.5
2021-10-01,600000,JO,8.1
2021-11-01,600000,JO,8.1
2021-12-01,600000,JO,8.3
2022-01-01,600000,JO,8.0
2022-02-01,600000,JO,8.4
2022-03-01,600000,JO,8.7
2022-04-01,600000,JO,8.3
2022-05-01,600000,JO,8.3
2022-06-01,600000,JO,8.2
2022-07-01,600000,JO,8.6
2022-08-01,600000,JO,7.9
2022-09-01,600000,JO,8.3
2022-10-01,600000,JO,8.1
2022-11-01,600000,JO,7.7
2022-12-01,600000,JO,7.8
2023-01-01,600000,JO,7.4
2023-02-01,600000,JO,6.9
2023-03-01,600000,JO,7.1
2023-04-01,600000,JO,7.0
2023-05-01,600000,JO,6.9
2023-06-01,600000,JO,7.1
2023-07-01,600000,JO,7.1
2023-08-01,600000,JO,7.5
2023-09-01,600000,JO,7.1
2023-10-01,600000,JO,6.7
2023-11-01,600000,JO,6.8
2023-12-01,600000,JO,7.2
2024-01-01,600000,JO,7.1
2024-02-01,600000,JO,6.9
2024-03-01,600000,JO,6.7
2024-04-01,600000,JO,6.1
2024-05-01,600000,JO,6.5
2024-06-01,600000,JO,6.4
2024-07-01,600000,JO,6.0
2024-08-01,600000,JO,5.9
2024-09-01,600000,JO,5.2
2024-10-01,600000,JO,5.7
2024-11-01,600000,JO,6.0
2024-12-01,600000,JO,5.5
2025-01-01,600000,JO,5.7
2025-02-01,600000,JO,5.7
2025-03-01,600000,JO,5.1
2025-04-01,600000,JO,5.8
2025-05-01,600000,JO,6.1
2025-06-01,600000,JO,5.5
2025-07-01,600000,JO,5.0
2025-08-01,600000,JO,5.2
2025-09-01,600000,JO,5.3
2025-10-01,600000,JO,5.1
2025-11-01,600000,JO,5.1
2025-12-01,600000,JO,4.9
2026-01-01,600000,JO,5.0
2026-02-01,600000,JO,4.7
2026-03-01,600000,JO,5.1
2026-04-01,600000,JO,5.6
2026-05-01,600000,JO,5.4
2026-06-01,600000,JO,5.1
2026-07-01,600000,JO,5.4
2026-08-01,600000,JO,5.0
2017-01-01,600000,LD,0.5
2017-02-01,600000,LD,0.6
2017-03-01,600000,LD,0.7
2017-04-01,600000,LD,0.7
2017-05-01,600000,LD,0.8
2017-06-01,600000,LD,0.7
2017-07-01,600000,LD,0.8
2017-08-01,600000,LD,1.1
2017-09-01,600000,LD,0.7
2017-10-01,600000,LD,0.7
2017-11-01,600000,LD,0.8
2017-12-01,600000,LD,0.8
2018-01-01,600000,LD,0.8
2018-02-01,600000,LD,0.7
2018-03-01,600000,LD,0.9
2018-04-01,600000,LD,0.7
2018-05-01,600000,LD,0.7
2018-06-01,600000,LD,0.8
2018-07-01,600000,LD,0.8
2018-08-01,600000,LD,0.7
2018-09-01,600000,LD,0.7
2018-10-01,600000,LD,0.7
2018-11-01,600000,LD,0.8
2018-12-01,600000,LD,0.7
2019-01-01,600000,LD,0.8
2019-02-01,600000,LD,0.8
2019-03-01,600000,LD,0.7
2019-04-01,600000,LD,0.8
2019-05-01,600000,LD,0.7
2019-06-01,600000,LD,0.7
2019-07-01,600000,LD,0.7
2019-08-01,600000,LD,0.6
2019-09-01,600000,LD,0.7
2019-10-01,600000,LD,0.7
2019-11-01,600000,LD,0.7
2019-12-01,600000,LD,0.6
2020-01-01,600000,LD,0.7
2020-02-01,600000,LD,0.7
2020-03-01,600000,LD,6.4
2020-04-01,600000,LD,4.9
2020-05-01,600000,LD,1.2
2020-06-01,600000,LD,1.0
2020-07-01,600000,LD,0.8
2020-08-01,600000,LD,0.8
2020-09-01,600000,LD,0.6
2020-10-01,600000,LD,0.7
2020-11-01,600000,LD,0.9
2020-12-01,600000,LD,0.7
2021-01-01,600000,LD,0.6
2021-02-01,600000,LD,0.7
2021-03-01,600000,LD,0.6
2021-04-01,600000,LD,0.6
2021-05-01,600000,LD,0.6
2021-06-01,600000,LD,0.6
2021-07-01,600000,LD,0.4
2021-08-01,600000,LD,0.5
2021-09-01,600000,LD,0.6
2021-10-01,600000,LD,0.5
2021-11-01,600000,LD,0.6
2021-12-01,600000,LD,0.9
2022-01-01,600000,LD,0.7
2022-02-01,600000,LD,0.6
2022-03-01,600000,LD,0.6
2022-04-01,600000,LD,0.6
2022-05-01,600000,LD,0.7
2022-06-01,600000,LD,0.6
2022-07-01,600000,LD,0.7
2022-08-01,600000,LD,0.5
2022-09-01,600000,LD,0.6
2022-10-01,600000,LD,0.5
2022-11-01,600000,LD,0.5
2022-12-01,600000,LD,0.6
2023-01-01,600000,LD,0.6
2023-02-01,600000,LD,0.6
2023-03-01,600000,LD,0.8
2023-04-01,600000,LD,0.6
2023-05-01,600000,LD,0.6
2023-06-01,600000,LD,0.8
2023-07-01,600000,LD,0.7
2023-08-01,600000,LD,0.8
2023-09-01,600000,LD,0.6
2023-10-01,600000,LD,0.7
2023-11-01,600000,LD,0.7
2023-12-01,600000,LD,0.7
2024-01-01,600000,LD,0.6
2024-02-01,600000,LD,0.6
2024-03-01,600000,LD,0.7
2024-04-01,600000,LD,0.7
2024-05-01,600000,LD,0.7
2024-06-01,600000,LD,0.6
2024-07-01,600000,LD,0.7
2024-08-01,600000,LD,0.7
2024-09-01,600000,LD,0.7
2024-10-01,600000,LD,0.7
2024-11-01,600000,LD,0.8
2024-12-01,600000,LD,0.7
2025-01-01,600000,LD,0.7
2025-02-01,600000,LD,0.7
2025-03-01,600000,LD,0.6
2025-04-01,600000,LD,0.8
2025-05-01,600000,LD,0.6
2025-06-01,600000,LD,0.7
2025-07-01,600000,LD,0.7
2025-08-01,600000,LD,0.7
2025-09-01,600000,LD,0.8
2025-10-01,600000,LD,0.9
2025-11-01,600000,LD,0.7
2025-12-01,600000,LD,0.7
2026-01-01,600000,LD,0.7
2026-02-01,600000,LD,0.7
2026-03-01,600000,LD,0.7
2026-04-01,600000,LD,0.7
2026-05-01,600000,LD,0.8
2026-06-01,600000,LD,0.7
2026-07-01,600000,LD,0.7
2026-08-01,600000,LD,0.8
2017-01-01,600000,QU,1.8
2017-02-01,600000,QU,1.7
2017-03-01,600000,QU,1.8
2017-04-01,600000,QU,1.8
2017-05-01,600000,QU,1.8
2017-06-01,600000,QU,1.9
2017-07-01,600000,QU,1.7
2017-08-01,600000,QU,1.7
2017-09-01,600000,QU,1.7
2017-10-01,600000,QU,1.9
2017-11-01,600000,QU,1.8
2017-12-01,600000,QU,1.7
2018-01-01,600000,QU,1.6
2018-02-01,600000,QU,1.7
2018-03-01,600000,QU,1.8
2018-04-01,600000,QU,1.9
2018-05-01,600000,QU,2.1
2018-06-01,600000,QU,1.9
2018-07-01,600000,QU,1.9
2018-08-01,600000,QU,2.0
2018-09-01,600000,QU,1.8
2018-10-01,600000,QU,2.0
2018-11-01,600000,QU,2.1
2018-12-01,600000,QU,2.1
2019-01-01,600000,QU,2.0
2019-02-01,600000,QU,2.0
2019-03-01,600000,QU,2.0
2019-04-01,600000,QU,1.9
2019-05-01,600000,QU,1.7
2019-06-01,600000,QU,1.8
2019-07-01,600000,QU,2.0
2019-08-01,600000,QU,2.0
2019-09-01,600000,QU,1.9
2019-10-01,600000,QU,1.9
2019-11-01,600000,QU,1.8
2019-12-01,600000,QU,2.0
2020-01-01,600000,QU,2.0
2020-02-01,600000,QU,2.1
2020-03-01,600000,QU,1.9
2020-04-01,600000,QU,1.7
2020-05-01,600000,QU,1.6
2020-06-01,600000,QU,1.9
2020-07-01,600000,QU,2.0
2020-08-01,600000,QU,1.8
2020-09-01,600000,QU,2.0
2020-10-01,600000,QU,2.1
2020-11-01,600000,QU,1.8
2020-12-01,600000,QU,2.1
2021-01-01,600000,QU,2.0
2021-02-01,600000,QU,2.0
2021-03-01,600000,QU,2.2
2021-04-01,600000,QU,2.2
2021-05-01,600000,QU,2.2
2021-06-01,600000,QU,2.3
2021-07-01,600000,QU,2.5
2021-08-01,600000,QU,2.5
2021-09-01,600000,QU,2.8
2021-10-01,600000,QU,2.5
2021-11-01,600000,QU,2.8
2021-12-01,600000,QU,2.4
2022-01-01,600000,QU,2.7
2022-02-01,600000,QU,2.6
2022-03-01,600000,QU,2.4
2022-04-01,600000,QU,2.5
2022-05-01,600000,QU,2.5
2022-06-01,600000,QU,2.4
2022-07-01,600000,QU,2.2
2022-08-01,600000,QU,2.4
2022-09-01,600000,QU,2.3
2022-10-01,600000,QU,2.3
2022-11-01,600000,QU,2.5
2022-12-01,600000,QU,2.6
2023-01-01,600000,QU,2.5
2023-02-01,600000,QU,2.5
2023-03-01,600000,QU,2.4
2023-04-01,600000,QU,2.1
2023-05-01,600000,QU,2.6
2023-06-01,600000,QU,2.4
2023-07-01,600000,QU,2.0
2023-08-01,600000,QU,2.2
2023-09-01,600000,QU,2.1
2023-10-01,600000,QU,2.2
2023-11-01,600000,QU,2.3
2023-12-01,600000,QU,2.0
2024-01-01,600000,QU,2.0
2024-02-01,600000,QU,2.2
2024-03-01,600000,QU,2.1
2024-04-01,600000,QU,2.2
2024-05-01,600000,QU,2.2
2024-06-01,600000,QU,2.0
2024-07-01,600000,QU,2.3
2024-08-01,600000,QU,1.9
2024-09-01,600000,QU,1.9
2024-10-01,600000,QU,2.0
2024-11-01,600000,QU,1.9
2024-12-01,600000,QU,1.9
2025-01-01,600000,QU,2.0
2025-02-01,600000,QU,1.8
2025-03-01,600000,QU,2.0
2025-04-01,600000,QU,2.0
2025-05-01,600000,QU,1.9
2025-06-01,600000,QU,1.9
2025-07-01,600000,QU,1.8
2025-08-01,600000,QU,2.1
2025-09-01,600000,QU,2.1
2025-10-01,600000,QU,1.9
2025-11-01,600000,QU,1.8
2025-12-01,600000,QU,1.9
2026-01-01,600000,QU,1.7
2026-02-01,600000,QU,1.7
2026-03-01,600000,QU,1.9
2026-04-01,600000,QU,1.8
2026-05-01,600000,QU,1.7
2026-06-01,600000,QU,1.8
2026-07-01,600000,QU,1.9
2026-08-01,600000,QU,1.9
2017-01-01,700000,HI,6.5
2017-02-01,700000,HI,6.4
2017-03-01,700000,HI,6.4
2017-04-01,700000,HI,6.4
2017-05-01,700000,HI,6.3
2017-06-01,700000,HI,6.4
2017-07-01,700000,HI,6.3
2017-08-01,700000,HI,6.3
2017-09-01,700000,HI,6.3
2017-10-01,700000,HI,6.3
2017-11-01,700000,HI,6.4
2017-12-01,700000,HI,6.1
2018-01-01,700000,HI,6.3
2018-02-01,700000,HI,6.5
2018-03-01,700000,HI,6.4
2018-04-01,700000,HI,6.4
2018-05-01,700000,HI,6.9
2018-06-01,700000,HI,6.4
2018-07-01,700000,HI,6.7
2018-08-01,700000,HI,6.5
2018-09-01,700000,HI,6.4
2018-10-01,700000,HI,6.8
2018-11-01,700000,HI,6.5
2018-12-01,700000,HI,6.3
2019-01-01,700000,HI,7.0
2019-02-01,700000,HI,6.7
2019-03-01,700000,HI,6.6
2019-04-01,700000,HI,7.0
2019-05-01,700000,HI,6.4
2019-06-01,700000,HI,6.8
2019-07-01,700000,HI,6.8
2019-08-01,700000,HI,6.9
2019-09-01,700000,HI,7.0
2019-10-01,700000,HI,6.7
2019-11-01,700000,HI,6.5
2019-12-01,700000,HI,7.1
2020-01-01,700000,HI,6.7
2020-02-01,700000,HI,6.5
2020-03-01,700000,HI,4.0
2020-04-01,700000,HI,4.8
2020-05-01,700000,HI,18.9
2020-06-01,700000,HI,17.0
2020-07-01,700000,HI,11.1
2020-08-01,700000,HI,7.9
2020-09-01,700000,HI,8.1
2020-10-01,700000,HI,8.4
2020-11-01,700000,HI,7.9
2020-12-01,700000,HI,6.5
2021-01-01,700000,HI,7.0
2021-02-01,700000,HI,8.5
2021-03-01,700000,HI,8.2
2021-04-01,700000,HI,9.5
2021-05-01,700000,HI,8.8
2021-06-01,700000,HI,8.6
2021-07-01,700000,HI,9.9
2021-08-01,700000,HI,8.2
2021-09-01,700000,HI,8.1
2021-10-01,700000,HI,7.9
2021-11-01,700000,HI,8.2
2021-12-01,700000,HI,8.2
2022-01-01,700000,HI,7.9
2022-02-01,700000,HI,7.6
2022-03-01,700000,HI,7.7
2022-04-01,700000,HI,7.5
2022-05-01,700000,HI,7.6
2022-06-01,700000,HI,7.4
2022-07-01,700000,HI,7.4
2022-08-01,700000,HI,7.4
2022-09-01,700000,HI,7.1
2022-10-01,700000,HI,7.5
2022-11-01,700000,HI,7.1
2022-12-01,700000,HI,7.0
2023-01-01,700000,HI,7.2
2023-02-01,700000,HI,7.0
2023-03-01,700000,HI,6.6
2023-04-01,700000,HI,6.3
2023-05-01,700000,HI,6.5
2023-06-01,700000,HI,6.7
2023-07-01,700000,HI,6.1
2023-08-01,700000,HI,6.5
2023-09-01,700000,HI,7.1
2023-10-01,700000,HI,6.4
2023-11-01,700000,HI,6.0
2023-12-01,700000,HI,6.0
2024-01-01,700000,HI,6.2
2024-02-01,700000,HI,6.0
2024-03-01,700000,HI,6.1
2024-04-01,700000,HI,5.7
2024-05-01,700000,HI,5.4
2024-06-01,700000,HI,4.7
2024-07-01,700000,HI,5.5
2024-08-01,700000,HI,5.6
2024-09-01,700000,HI,5.7
2024-10-01,700000,HI,5.4
2024-11-01,700000,HI,5.6
2024-12-01,700000,HI,5.3
2025-01-01,700000,HI,5.1
2025-02-01,700000,HI,4.9
2025-03-01,700000,HI,5.3
2025-04-01,700000,HI,5.6
2025-05-01,700000,HI,6.4
2025-06-01,700000,HI,6.1
2025-07-01,700000,HI,5.6
2025-08-01,700000,HI,5.6
2025-09-01,700000,HI,5.5
2025-10-01,700000,HI,5.6
2025-11-01,700000,HI,5.8
2025-12-01,700000,HI,6.2
2026-01-01,700000,HI,6.4
2026-02-01,700000,HI,5.4
2026-03-01,700000,HI,5.9
2026-04-01,700000,HI,5.7
2026-05-01,700000,HI,5.6
2026-06-01,700000,HI,5.1
2026-07-01,700000,HI,5.4
2026-08-01,700000,HI,5.3
2017-01-01,700000,JO,4.4
2017-02-01,700000,JO,5.3
2017-03-01,700000,JO,4.5
2017-04-01,700000,JO,5.0
2017-05-01,700000,JO,5.0
2017-06-01,700000,JO,5.0
2017-07-01,700000,JO,5.1
2017-08-01,700000,JO,5.3
2017-09-01,700000,JO,4.7
2017-10-01,700000,JO,4.7
2017-11-01,700000,JO,5.1
2017-12-01,700000,JO,5.2
2018-01-01,700000,JO,5.4
2018-02-01,700000,JO,5.3
2018-03-01,700000,JO,5.4
2018-04-01,700000,JO,5.6
2018-05-01,700000,JO,5.7
2018-06-01,700000,JO,6.1
2018-07-01,700000,JO,5.9
2018-08-01,700000,JO,5.8
2018-09-01,700000,JO,6.2
2018-10-01,700000,JO,5.8
2018-11-01,700000,JO,5.9
2018-12-01,700000,JO,6.1
2019-01-01,700000,JO,6.4
2019-02-01,700000,JO,5.7
2019-03-01,700000,JO,5.7
2019-04-01,700000,JO,5.8
2019-05-01,700000,JO,5.8
2019-06-01,700000,JO,5.4
2019-07-01,700000,JO,5.5
2019-08-01,700000,JO,5.5
2019-09-01,700000,JO,5.8
2019-10-01,700000,JO,5.6
2019-11-01,700000,JO,5.5
2019-12-01,700000,JO,5.2
2020-01-01,700000,JO,5.1
2020-02-01,700000,JO,5.3
2020-03-01,700000,JO,3.9
2020-04-01,700000,JO,3.5
2020-05-01,700000,JO,6.7
2020-06-01,700000,JO,6.9
2020-07-01,700000,JO,5.9
2020-08-01,700000,JO,5.7
2020-09-01,700000,JO,5.8
2020-10-01,700000,JO,5.8
2020-11-01,700000,JO,6.0
2020-12-01,700000,JO,5.9
2021-01-01,700000,JO,5.5
2021-02-01,700000,JO,6.8
2021-03-01,700000,JO,7.6
2021-04-01,700000,JO,8.8
2021-05-01,700000,JO,9.4
2021-06-01,700000,JO,10.1
2021-07-01,700000,JO,11.0
2021-08-01,700000,JO,10.6
2021-09-01,700000,JO,9.6
2021-10-01,700000,JO,9.7
2021-11-01,700000,JO,9.6
2021-12-01,700000,JO,10.0
2022-01-01,700000,JO,9.5
2022-02-01,700000,JO,9.9
2022-03-01,700000,JO,9.6
2022-04-01,700000,JO,9.4
2022-05-01,700000,JO,9.3
2022-06-01,700000,JO,9.1
2022-07-01,700000,JO,9.2
2022-08-01,700000,JO,8.4
2022-09-01,700000,JO,8.5
2022-10-01,700000,JO,8.7
2022-11-01,700000,JO,8.6
2022-12-01,700000,JO,9.6
2023-01-01,700000,JO,8.5
2023-02-01,700000,JO,8.0
2023-03-01,700000,JO,8.1
2023-04-01,700000,JO,7.7
2023-05-01,700000,JO,7.3
2023-06-01,700000,JO,6.8
2023-07-01,700000,JO,6.8
2023-08-01,700000,JO,6.6
2023-09-01,700000,JO,7.4
2023-10-01,700000,JO,6.4
2023-11-01,700000,JO,6.5
2023-12-01,700000,JO,5.4
2024-01-01,700000,JO,6.2
2024-02-01,700000,JO,6.2
2024-03-01,700000,JO,6.7
2024-04-01,700000,JO,5.9
2024-05-01,700000,JO,4.7
2024-06-01,700000,JO,5.1
2024-07-01,700000,JO,5.4
2024-08-01,700000,JO,5.3
2024-09-01,700000,JO,5.0
2024-10-01,700000,JO,5.7
2024-11-01,700000,JO,5.7
2024-12-01,700000,JO,6.8
2025-01-01,700000,JO,5.7
2025-02-01,700000,JO,5.6
2025-03-01,700000,JO,5.3
2025-04-01,700000,JO,4.7
2025-05-01,700000,JO,6.0
2025-06-01,700000,JO,5.6
2025-07-01,700000,JO,5.4
2025-08-01,700000,JO,5.9
2025-09-01,700000,JO,6.4
2025-10-01,700000,JO,6.0
2025-11-01,700000,JO,4.9
2025-12-01,700000,JO,5.3
2026-01-01,700000,JO,6.2
2026-02-01,700000,JO,5.3
2026-03-01,700000,JO,4.9
2026-04-01,700000,JO,4.7
2026-05-01,700000,JO,5.1
2026-06-01,700000,JO,4.6
2026-07-01,700000,JO,4.3
2026-08-01,700000,JO,4.7
2017-01-01,700000,LD,2.3
2017-02-01,700000,LD,2.1
2017-03-01,700000,LD,2.0
2017-04-01,700000,LD,1.6
2017-05-01,700000,LD,1.6
2017-06-01,700000,LD,2.1
2017-07-01,700000,LD,2.3
2017-08-01,700000,LD,2.1
2017-09-01,700000,LD,2.1
2017-10-01,700000,LD,2.1
2017-11-01,700000,LD,2.0
2017-12-01,700000,LD,1.7
2018-01-01,700000,LD,2.4
2018-02-01,700000,LD,2.0
2018-03-01,700000,LD,1.9
2018-04-01,700000,LD,1.9
2018-05-01,700000,LD,2.0
2018-06-01,700000,LD,1.8
2018-07-01,700000,LD,2.1
2018-08-01,700000,LD,1.8
2018-09-01,700000,LD,1.9
2018-10-01,700000,LD,2.0
2018-11-01,700000,LD,2.0
2018-12-01,700000,LD,1.8
2019-01-01,700000,LD,1.6
2019-02-01,700000,LD,1.6
2019-03-01,700000,LD,1.7
2019-04-01,700000,LD,2.0
2019-05-01,700000,LD,1.6
2019-06-01,700000,LD,1.9
2019-07-01,700000,LD,1.9
2019-08-01,700000,LD,1.6
2019-09-01,700000,LD,2.1
2019-10-01,700000,LD,1.5
2019-11-01,700000,LD,1.8
2019-12-01,700000,LD,2.0
2020-01-01,700000,LD,1.8
2020-02-01,700000,LD,1.8
2020-03-01,700000,LD,31.9
2020-04-01,700000,LD,25.9
2020-05-01,700000,LD,2.6
2020-06-01,700000,LD,2.7
2020-07-01,700000,LD,2.4
2020-08-01,700000,LD,1.5
2020-09-01,700000,LD,1.6
2020-10-01,700000,LD,1.4
2020-11-01,700000,LD,3.7
2020-12-01,700000,LD,4.0
2021-01-01,700000,LD,1.6
2021-02-01,700000,LD,1.5
2021-03-01,700000,LD,1.4
2021-04-01,700000,LD,1.5
2021-05-01,700000,LD,1.3
2021-06-01,700000,LD,1.0
2021-07-01,700000,LD,1.1
2021-08-01,700000,LD,1.5
2021-09-01,700000,LD,1.4
2021-10-01,700000,LD,1.3
2021-11-01,700000,LD,1.2
2021-12-01,700000,LD,1.1
2022-01-01,700000,LD,1.3
2022-02-01,700000,LD,1.5
2022-03-01,700000,LD,1.1
2022-04-01,700000,LD,1.3
2022-05-01,700000,LD,1.2
2022-06-01,700000,LD,1.5
2022-07-01,700000,LD,1.4
2022-08-01,700000,LD,1.4
2022-09-01,700000,LD,1.0
2022-10-01,700000,LD,1.4
2022-11-01,700000,LD,1.2
2022-12-01,700000,LD,1.3
2023-01-01,700000,LD,1.4
2023-02-01,700000,LD,1.0
2023-03-01,700000,LD,1.6
2023-04-01,700000,LD,1.2
2023-05-01,700000,LD,1.4
2023-06-01,700000,LD,1.5
2023-07-01,700000,LD,1.4
2023-08-01,700000,LD,1.4
2023-09-01,700000,LD,1.5
2023-10-01,700000,LD,1.4
2023-11-01,700000,LD,1.3
2023-12-01,700000,LD,1.4
2024-01-01,700000,LD,1.2
2024-02-01,700000,LD,1.8
2024-03-01,700000,LD,1.8
2024-04-01,700000,LD,1.6
2024-05-01,700000,LD,1.8
2024-06-01,700000,LD,1.1
2024-07-01,700000,LD,1.4
2024-08-01,700000,LD,1.2
2024-09-01,700000,LD,1.4
2024-10-01,700000,LD,1.2
2024-11-01,700000,LD,2.0
2024-12-01,700000,LD,1.7
2025-01-01,700000,LD,1.5
2025-02-01,700000,LD,1.7
2025-03-01,700000,LD,1.2
2025-04-01,700000,LD,1.5
2025-05-01,700000,LD,1.4
2025-06-01,700000,LD,1.4
2025-07-01,700000,LD,1.4
2025-08-01,700000,LD,1.8
2025-09-01,700000,LD,1.7
2025-10-01,700000,LD,1.8
2025-11-01,700000,LD,1.3
2025-12-01,700000,LD,1.4
2026-01-01,700000,LD,1.6
2026-02-01,700000,LD,1.7
2026-03-01,700000,LD,1.6
2026-04-01,700000,LD,1.7
2026-05-01,700000,LD,1.5
2026-06-01,700000,LD,1.6
2026-07-01,700000,LD,1.6
2026-08-01,700000,LD,1.5
2017-01-01,700000,QU,4.2
2017-02-01,700000,QU,4.0
2017-03-01,700000,QU,4.1
2017-04-01,700000,QU,4.1
2017-05-01,700000,QU,4.1
2017-06-01,700000,QU,4.1
2017-07-01,700000,QU,3.8
2017-08-01,700000,QU,3.8
2017-09-01,700000,QU,3.9
2017-10-01,700000,QU,4.0
2017-11-01,700000,QU,4.1
2017-12-01,700000,QU,4.2
2018-01-01,700000,QU,3.8
2018-02-01,700000,QU,4.3
2018-03-01,700000,QU,4.4
2018-04-01,700000,QU,4.4
2018-05-01,700000,QU,4.3
2018-06-01,700000,QU,4.2
2018-07-01,700000,QU,4.5
2018-08-01,700000,QU,4.4
2018-09-01,700000,QU,4.5
2018-10-01,700000,QU,4.3
2018-11-01,700000,QU,4.3
2018-12-01,700000,QU,4.2
2019-01-01,700000,QU,4.6
2019-02-01,700000,QU,4.8
2019-03-01,700000,QU,4.6
2019-04-01,700000,QU,4.6
2019-05-01,700000,QU,4.6
2019-06-01,700000,QU,4.8
2019-07-01,700000,QU,4.8
2019-08-01,700000,QU,4.8
2019-09-01,700000,QU,4.4
2019-10-01,700000,QU,4.6
2019-11-01,700000,QU,4.5
2019-12-01,700000,QU,4.5
2020-01-01,700000,QU,4.4
2020-02-01,700000,QU,4.2
2020-03-01,700000,QU,3.2
2020-04-01,700000,QU,3.8
2020-05-01,700000,QU,3.5
2020-06-01,700000,QU,3.7
2020-07-01,700000,QU,4.1
2020-08-01,700000,QU,3.6
2020-09-01,700000,QU,4.0
2020-10-01,700000,QU,4.3
2020-11-01,700000,QU,4.6
2020-12-01,700000,QU,5.1
2021-01-01,700000,QU,5.0
2021-02-01,700000,QU,4.4
2021-03-01,700000,QU,5.5
2021-04-01,700000,QU,5.8
2021-05-01,700000,QU,5.7
2021-06-01,700000,QU,5.8
2021-07-01,700000,QU,5.6
2021-08-01,700000,QU,5.6
2021-09-01,700000,QU,5.7
2021-10-01,700000,QU,5.2
2021-11-01,700000,QU,5.9
2021-12-01,700000,QU,5.5
2022-01-01,700000,QU,5.6
2022-02-01,700000,QU,5.1
2022-03-01,700000,QU,6.0
2022-04-01,700000,QU,5.5
2022-05-01,700000,QU,5.8
2022-06-01,700000,QU,5.4
2022-07-01,700000,QU,5.2
2022-08-01,700000,QU,5.5
2022-09-01,700000,QU,5.4
2022-10-01,700000,QU,5.5
2022-11-01,700000,QU,5.4
2022-12-01,700000,QU,5.2
2023-01-01,700000,QU,4.9
2023-02-01,700000,QU,5.3
2023-03-01,700000,QU,4.7
2023-04-01,700000,QU,4.8
2023-05-01,700000,QU,4.8
2023-06-01,700000,QU,4.9
2023-07-01,700000,QU,4.5
2023-08-01,700000,QU,4.8
2023-09-01,700000,QU,5.2
2023-10-01,700000,QU,4.4
2023-11-01,700000,QU,4.4
2023-12-01,700000,QU,4.4
2024-01-01,700000,QU,4.6
2024-02-01,700000,QU,4.3
2024-03-01,700000,QU,4.0
2024-04-01,700000,QU,4.1
2024-05-01,700000,QU,3.8
2024-06-01,700000,QU,3.6
2024-07-01,700000,QU,4.0
2024-08-01,700000,QU,4.2
2024-09-01,700000,QU,3.7
2024-10-01,700000,QU,4.0
2024-11-01,700000,QU,3.5
2024-12-01,700000,QU,3.4
2025-01-01,700000,QU,3.5
2025-02-01,700000,QU,3.6
2025-03-01,700000,QU,3.9
2025-04-01,700000,QU,4.0
2025-05-01,700000,QU,4.5
2025-06-01,700000,QU,5.0
2025-07-01,700000,QU,4.3
2025-08-01,700000,QU,3.5
2025-09-01,700000,QU,3.0
2025-10-01,700000,QU,3.1
2025-11-01,700000,QU,4.3
2025-12-01,700000,QU,4.4
2026-01-01,700000,QU,4.4
2026-02-01,700000,QU,3.8
2026-03-01,700000,QU,3.8
2026-04-01,700000,QU,3.7
2026-05-01,700000,QU,3.9
2026-06-01,700000,QU,3.9
2026-07-01,700000,QU,3.5
2026-08-01,700000,QU,3.3
2017-01-01,810000,HI,4.2
2017-02-01,810000,HI,4.0
2017-03-01,810000,HI,3.6
2017-04-01,810000,HI,4.0
2017-05-01,810000,HI,3.6
2017-06-01,810000,HI,3.8
2017-07-01,810000,HI,4.2
2017-08-01,810000,HI,4.1
2017-09-01,810000,HI,3.5
2017-10-01,810000,HI,4.1
2017-11-01,810000,HI,3.5
2017-12-01,810000,HI,3.8
2018-01-01,810000,HI,3.5
2018-02-01,810000,HI,3.2
2018-03-01,810000,HI,3.7
2018-04-01,810000,HI,3.8
2018-05-01,810000,HI,4.1
2018-06-01,810000,HI,3.4
2018-07-01,810000,HI,3.3
2018-08-01,810000,HI,3.9
2018-09-01,810000,HI,3.8
2018-10-01,810000,HI,3.8
2018-11-01,810000,HI,4.4
2018-12-01,810000,HI,3.7
2019-01-01,810000,HI,3.8
2019-02-01,810000,HI,3.4
2019-03-01,810000,HI,3.6
2019-04-01,810000,HI,3.7
2019-05-01,810000,HI,3.6
2019-06-01,810000,HI,3.9
2019-07-01,810000,HI,3.8
2019-08-01,810000,HI,3.7
2019-09-01,810000,HI,3.6
2019-10-01,810000,HI,3.7
2019-11-01,810000,HI,3.4
2019-12-01,810000,HI,4.0
2020-01-01,810000,HI,3.8
2020-02-01,810000,HI,4.0
2020-03-01,810000,HI,2.6
2020-04-01,810000,HI,3.4
2020-05-01,810000,HI,12.8
2020-06-01,810000,HI,7.5
2020-07-01,810000,HI,3.9
2020-08-01,810000,HI,4.2
2020-09-01,810000,HI,4.4
2020-10-01,810000,HI,4.4
2020-11-01,810000,HI,4.1
2020-12-01,810000,HI,3.3
2021-01-01,810000,HI,3.9
2021-02-01,810000,HI,4.5
2021-03-01,810000,HI,4.0
2021-04-01,810000,HI,4.5
2021-05-01,810000,HI,4.0
2021-06-01,810000,HI,4.4
2021-07-01,810000,HI,4.7
2021-08-01,810000,HI,3.8
2021-09-01,810000,HI,4.1
2021-10-01,810000,HI,4.0
2021-11-01,810000,HI,4.4
2021-12-01,810000,HI,4.5
2022-01-01,810000,HI,3.6
2022-02-01,810000,HI,4.5
2022-03-01,810000,HI,4.0
2022-04-01,810000,HI,3.9
2022-05-01,810000,HI,4.0
2022-06-01,810000,HI,3.8
2022-07-01,810000,HI,3.8
2022-08-01,810000,HI,4.0
2022-09-01,810000,HI,4.1
2022-10-01,810000,HI,3.9
2022-11-01,810000,HI,3.6
2022-12-01,810000,HI,4.3
2023-01-01,810000,HI,3.5
2023-02-01,810000,HI,3.6
2023-03-01,810000,HI,4.1
2023-04-01,810000,HI,3.6
2023-05-01,810000,HI,3.7
2023-06-01,810000,HI,4.2
2023-07-01,810000,HI,3.5
2023-08-01,810000,HI,3.6
2023-09-01,810000,HI,3.7
2023-10-01,810000,HI,3.4
2023-11-01,810000,HI,3.6
2023-12-01,810000,HI,3.4
2024-01-01,810000,HI,3.8
2024-02-01,810000,HI,3.7
2024-03-01,810000,HI,2.8
2024-04-01,810000,HI,3.4
2024-05-01,810000,HI,3.7
2024-06-01,810000,HI,3.5
2024-07-01,810000,HI,3.8
2024-08-01,810000,HI,3.8
2024-09-01,810000,HI,4.2
2024-10-01,810000,HI,4.2
2024-11-01,810000,HI,3.8
2024-12-01,810000,HI,3.9
2025-01-01,810000,HI,4.1
2025-02-01,810000,HI,3.9
2025-03-01,810000,HI,4.1
2025-04-01,810000,HI,3.7
2025-05-01,810000,HI,3.2
2025-06-01,810000,HI,2.5
2025-07-01,810000,HI,3.2
2025-08-01,810000,HI,3.2
2025-09-01,810000,HI,3.0
2025-10-01,810000,HI,3.4
2025-11-01,810000,HI,3.5
2025-12-01,810000,HI,3.2
2026-01-01,810000,HI,3.3
2026-02-01,810000,HI,3.5
2026-03-01,810000,HI,3.9
2026-04-01,810000,HI,3.5
2026-05-01,810000,HI,3.4
2026-06-01,810000,HI,3.8
2026-07-01,810000,HI,4.1
2026-08-01,810000,HI,4.0
2017-01-01,810000,JO,4.0
2017-02-01,810000,JO,4.4
2017-03-01,810000,JO,4.9
2017-04-01,810000,JO,6.2
2017-05-01,810000,JO,4.2
2017-06-01,810000,JO,4.2
2017-07-01,810000,JO,5.5
2017-08-01,810000,JO,4.2
2017-09-01,810000,JO,4.8
2017-10-01,810000,JO,4.5
2017-11-01,810000,JO,4.2
2017-12-01,810000,JO,3.1
2018-01-01,810000,JO,3.5
2018-02-01,810000,JO,3.9
2018-03-01,810000,JO,3.7
2018-04-01,810000,JO,3.7
2018-05-01,810000,JO,4.3
2018-06-01,810000,JO,3.8
2018-07-01,810000,JO,3.7
2018-08-01,810000,JO,3.8
2018-09-01,810000,JO,4.0
2018-10-01,810000,JO,4.8
2018-11-01,810000,JO,4.5
2018-12-01,810000,JO,4.5
2019-01-01,810000,JO,2.9
2019-02-01,810000,JO,3.9
2019-03-01,810000,JO,4.0
2019-04-01,810000,JO,4.0
2019-05-01,810000,JO,4.4
2019-06-01,810000,JO,4.1
2019-07-01,810000,JO,4.2
2019-08-01,810000,JO,4.2
2019-09-01,810000,JO,4.3
2019-10-01,810000,JO,4.3
2019-11-01,810000,JO,3.6
2019-12-01,810000,JO,4.1
2020-01-01,810000,JO,4.3
2020-02-01,810000,JO,3.4
2020-03-01,810000,JO,2.9
2020-04-01,810000,JO,2.5
2020-05-01,810000,JO,3.9
2020-06-01,810000,JO,4.8
2020-07-01,810000,JO,4.6
2020-08-01,810000,JO,4.0
2020-09-01,810000,JO,4.1
2020-10-01,810000,JO,4.2
2020-11-01,810000,JO,4.2
2020-12-01,810000,JO,4.0
2021-01-01,810000,JO,4.3
2021-02-01,810000,JO,5.7
2021-03-01,810000,JO,4.5
2021-04-01,810000,JO,5.9
2021-05-01,810000,JO,8.3
2021-06-01,810000,JO,7.1
2021-07-01,810000,JO,7.4
2021-08-01,810000,JO,7.0
2021-09-01,810000,JO,7.7
2021-10-01,810000,JO,7.5
2021-11-01,810000,JO,7.7
2021-12-01,810000,JO,7.6
2022-01-01,810000,JO,7.4
2022-02-01,810000,JO,6.9
2022-03-01,810000,JO,6.9
2022-04-01,810000,JO,7.1
2022-05-01,810000,JO,6.6
2022-06-01,810000,JO,7.2
2022-07-01,810000,JO,7.2
2022-08-01,810000,JO,4.0
2022-09-01,810000,JO,4.1
2022-10-01,810000,JO,4.8
2022-11-01,810000,JO,5.0
2022-12-01,810000,JO,5.4
2023-01-01,810000,JO,6.2
2023-02-01,810000,JO,6.1
2023-03-01,810000,JO,5.9
2023-04-01,810000,JO,6.7
2023-05-01,810000,JO,5.9
2023-06-01,810000,JO,6.2
2023-07-01,810000,JO,5.0
2023-08-01,810000,JO,6.2
2023-09-01,810000,JO,5.2
2023-10-01,810000,JO,5.0
2023-11-01,810000,JO,5.2
2023-12-01,810000,JO,4.5
2024-01-01,810000,JO,4.9
2024-02-01,810000,JO,5.0
2024-03-01,810000,JO,4.6
2024-04-01,810000,JO,4.8
2024-05-01,810000,JO,4.2
2024-06-01,810000,JO,4.6
2024-07-01,810000,JO,5.2
2024-08-01,810000,JO,4.5
2024-09-01,810000,JO,4.9
2024-10-01,810000,JO,4.9
2024-11-01,810000,JO,4.7
2024-12-01,810000,JO,4.2
2025-01-01,810000,JO,4.7
2025-02-01,810000,JO,4.5
2025-03-01,810000,JO,5.5
2025-04-01,810000,JO,4.1
2025-05-01,810000,JO,4.6
2025-06-01,810000,JO,3.8
2025-07-01,810000,JO,4.3
2025-08-01,810000,JO,4.4
2025-09-01,810000,JO,4.1
2025-10-01,810000,JO,3.8
2025-11-01,810000,JO,4.1
2025-12-01,810000,JO,4.3
2026-01-01,810000,JO,4.2
2026-02-01,810000,JO,5.0
2026-03-01,810000,JO,4.7
2026-04-01,810000,JO,5.4
2026-05-01,810000,JO,4.6
2026-06-01,810000,JO,4.8
2026-07-01,810000,JO,4.5
2026-08-01,810000,JO,3.8
2017-01-01,810000,LD,1.6
2017-02-01,810000,LD,1.4
2017-03-01,810000,LD,1.6
2017-04-01,810000,LD,1.7
2017-05-01,810000,LD,1.3
2017-06-01,810000,LD,1.1
2017-07-01,810000,LD,1.5
2017-08-01,810000,LD,1.3
2017-09-01,810000,LD,1.2
2017-10-01,810000,LD,1.8
2017-11-01,810000,LD,1.4
2017-12-01,810000,LD,1.7
2018-01-01,810000,LD,1.3
2018-02-01,810000,LD,1.0
2018-03-01,810000,LD,0.6
2018-04-01,810000,LD,1.4
2018-05-01,810000,LD,1.6
2018-06-01,810000,LD,1.4
2018-07-01,810000,LD,1.5
2018-08-01,810000,LD,1.4
2018-09-01,810000,LD,1.4
2018-10-01,810000,LD,1.3
2018-11-01,810000,LD,1.4
2018-12-01,810000,LD,1.6
2019-01-01,810000,LD,1.0
2019-02-01,810000,LD,1.1
2019-03-01,810000,LD,0.9
2019-04-01,810000,LD,1.0
2019-05-01,810000,LD,1.1
2019-06-01,810000,LD,1.4
2019-07-01,810000,LD,0.9
2019-08-01,810000,LD,1.7
2019-09-01,810000,LD,1.3
2019-10-01,810000,LD,0.6
2019-11-01,810000,LD,0.7
2019-12-01,810000,LD,1.4
2020-01-01,810000,LD,1.9
2020-02-01,810000,LD,1.3
2020-03-01,810000,LD,15.3
2020-04-01,810000,LD,18.3
2020-05-01,810000,LD,1.7
2020-06-01,810000,LD,1.9
2020-07-01,810000,LD,1.1
2020-08-01,810000,LD,0.5
2020-09-01,810000,LD,1.2
2020-10-01,810000,LD,1.1
2020-11-01,810000,LD,1.4
2020-12-01,810000,LD,1.4
2021-01-01,810000,LD,1.7
2021-02-01,810000,LD,1.5
2021-03-01,810000,LD,1.2
2021-04-01,810000,LD,1.3
2021-05-01,810000,LD,1.0
2021-06-01,810000,LD,1.1
2021-07-01,810000,LD,1.3
2021-08-01,810000,LD,0.9
2021-09-01,810000,LD,1.0
2021-10-01,810000,LD,0.9
2021-11-01,810000,LD,1.1
2021-12-01,810000,LD,1.1
2022-01-01,810000,LD,0.9
2022-02-01,810000,LD,0.7
2022-03-01,810000,LD,1.1
2022-04-01,810000,LD,1.1
2022-05-01,810000,LD,1.5
2022-06-01,810000,LD,1.1
2022-07-01,810000,LD,1.0
2022-08-01,810000,LD,1.0
2022-09-01,810000,LD,0.8
2022-10-01,810000,LD,1.1
2022-11-01,810000,LD,1.0
2022-12-01,810000,LD,0.8
2023-01-01,810000,LD,1.1
2023-02-01,810000,LD,1.1
2023-03-01,810000,LD,1.2
2023-04-01,810000,LD,1.0
2023-05-01,810000,LD,0.6
2023-06-01,810000,LD,1.6
2023-07-01,810000,LD,0.9
2023-08-01,810000,LD,1.2
2023-09-01,810000,LD,0.9
2023-10-01,810000,LD,1.1
2023-11-01,810000,LD,1.0
2023-12-01,810000,LD,1.0
2024-01-01,810000,LD,0.7
2024-02-01,810000,LD,0.7
2024-03-01,810000,LD,0.8
2024-04-01,810000,LD,0.5
2024-05-01,810000,LD,1.3
2024-06-01,810000,LD,0.9
2024-07-01,810000,LD,1.2
2024-08-01,810000,LD,1.0
2024-09-01,810000,LD,1.2
2024-10-01,810000,LD,1.0
2024-11-01,810000,LD,0.9
2024-12-01,810000,LD,0.8
2025-01-01,810000,LD,1.1
2025-02-01,810000,LD,1.2
2025-03-01,810000,LD,1.1
2025-04-01,810000,LD,1.1
2025-05-01,810000,LD,0.9
2025-06-01,810000,LD,0.8
2025-07-01,810000,LD,1.1
2025-08-01,810000,LD,0.9
2025-09-01,810000,LD,1.0
2025-10-01,810000,LD,1.0
2025-11-01,810000,LD,0.8
2025-12-01,810000,LD,0.9
2026-01-01,810000,LD,0.9
2026-02-01,810000,LD,0.8
2026-03-01,810000,LD,1.1
2026-04-01,810000,LD,0.9
2026-05-01,810000,LD,0.9
2026-06-01,810000,LD,1.0
2026-07-01,810000,LD,1.1
2026-08-01,810000,LD,1.1
2017-01-01,810000,QU,2.1
2017-02-01,810000,QU,2.3
2017-03-01,810000,QU,1.9
2017-04-01,810000,QU,2.0
2017-05-01,810000,QU,2.1
2017-06-01,810000,QU,2.4
2017-07-01,810000,QU,2.3
2017-08-01,810000,QU,2.3
2017-09-01,810000,QU,2.2
2017-10-01,810000,QU,2.0
2017-11-01,810000,QU,1.6
2017-12-01,810000,QU,1.9
2018-01-01,810000,QU,1.9
2018-02-01,810000,QU,1.9
2018-03-01,810000,QU,2.8
2018-04-01,810000,QU,2.1
2018-05-01,810000,QU,2.1
2018-06-01,810000,QU,1.7
2018-07-01,810000,QU,2.0
2018-08-01,810000,QU,2.3
2018-09-01,810000,QU,2.5
2018-10-01,810000,QU,2.2
2018-11-01,810000,QU,2.6
2018-12-01,810000,QU,1.8
2019-01-01,810000,QU,2.4
2019-02-01,810000,QU,1.9
2019-03-01,810000,QU,2.2
2019-04-01,810000,QU,2.4
2019-05-01,810000,QU,2.5
2019-06-01,810000,QU,2.2
2019-07-01,810000,QU,2.5
2019-08-01,810000,QU,1.9
2019-09-01,810000,QU,2.0
2019-10-01,810000,QU,2.9
2019-11-01,810000,QU,2.2
2019-12-01,810000,QU,2.4
2020-01-01,810000,QU,1.7
2020-02-01,810000,QU,2.2
2020-03-01,810000,QU,0.9
2020-04-01,810000,QU,1.1
2020-05-01,810000,QU,0.7
2020-06-01,810000,QU,1.7
2020-07-01,810000,QU,2.0
2020-08-01,810000,QU,1.4
2020-09-01,810000,QU,1.9
2020-10-01,810000,QU,1.9
2020-11-01,810000,QU,2.3
2020-12-01,810000,QU,1.9
2021-01-01,810000,QU,1.8
2021-02-01,810000,QU,2.2
2021-03-01,810000,QU,2.2
2021-04-01,810000,QU,2.4
2021-05-01,810000,QU,2.6
2021-06-01,810000,QU,2.1
2021-07-01,810000,QU,2.3
2021-08-01,810000,QU,2.3
2021-09-01,810000,QU,2.5
2021-10-01,810000,QU,2.4
2021-11-01,810000,QU,2.4
2021-12-01,810000,QU,2.5
2022-01-01,810000,QU,2.8
2022-02-01,810000,QU,2.6
2022-03-01,810000,QU,2.4
2022-04-01,810000,QU,2.4
2022-05-01,810000,QU,2.3
2022-06-01,810000,QU,2.7
2022-07-01,810000,QU,2.1
2022-08-01,810000,QU,3.1
2022-09-01,810000,QU,2.6
2022-10-01,810000,QU,2.5
2022-11-01,810000,QU,2.0
2022-12-01,810000,QU,2.8
2023-01-01,810000,QU,2.1
2023-02-01,810000,QU,2.1
2023-03-01,810000,QU,2.3
2023-04-01,810000,QU,2.1
2023-05-01,810000,QU,2.8
2023-06-01,810000,QU,2.3
2023-07-01,810000,QU,2.1
2023-08-01,810000,QU,1.9
2023-09-01,810000,QU,2.2
2023-10-01,810000,QU,1.8
2023-11-01,810000,QU,2.0
2023-12-01,810000,QU,2.1
2024-01-01,810000,QU,2.8
2024-02-01,810000,QU,2.4
2024-03-01,810000,QU,1.3
2024-04-01,810000,QU,2.4
2024-05-01,810000,QU,2.4
2024-06-01,810000,QU,2.5
2024-07-01,810000,QU,2.5
2024-08-01,810000,QU,3.2
2024-09-01,810000,QU,2.5
2024-10-01,810000,QU,2.8
2024-11-01,810000,QU,2.5
2024-12-01,810000,QU,2.7
2025-01-01,810000,QU,3.2
2025-02-01,810000,QU,2.6
2025-03-01,810000,QU,2.7
2025-04-01,810000,QU,2.5
2025-05-01,810000,QU,2.2
2025-06-01,810000,QU,2.0
2025-07-01,810000,QU,1.7
2025-08-01,810000,QU,2.0
2025-09-01,810000,QU,1.7
2025-10-01,810000,QU,2.1
2025-11-01,810000,QU,2.2
2025-12-01,810000,QU,2.1
2026-01-01,810000,QU,2.3
2026-02-01,810000,QU,2.4
2026-03-01,810000,QU,2.4
2026-04-01,810000,QU,2.0
2026-05-01,810000,QU,2.7
2026-06-01,810000,QU,3.0
2026-07-01,810000,QU,2.4
2026-08-01,810000,QU,2.7
2017-01-01,900000,HI,1.6
2017-02-01,900000,HI,1.6
2017-03-01,900000,HI,1.5
2017-04-01,900000,HI,1.5
2017-05-01,900000,HI,1.6
2017-06-01,900000,HI,1.5
2017-07-01,900000,HI,1.6
2017-08-01,900000,HI,1.4
2017-09-01,900000,HI,1.6
2017-10-01,900000,HI,1.6
2017-11-01,900000,HI,1.7
2017-12-01,900000,HI,1.6
2018-01-01,900000,HI,1.5
2018-02-01,900000,HI,1.6
2018-03-01,900000,HI,1.5
2018-04-01,900000,HI,1.6
2018-05-01,900000,HI,1.6
2018-06-01,900000,HI,1.7
2018-07-01,900000,HI,1.5
2018-08-01,900000,HI,1.7
2018-09-01,900000,HI,1.5
2018-10-01,900000,HI,1.5
2018-11-01,900000,HI,1.6
2018-12-01,900000,HI,1.6
2019-01-01,900000,HI,1.7
2019-02-01,900000,HI,1.6
2019-03-01,900000,HI,1.6
2019-04-01,900000,HI,1.6
2019-05-01,900000,HI,1.4
2019-06-01,900000,HI,1.6
2019-07-01,900000,HI,1.5
2019-08-01,900000,HI,1.8
2019-09-01,900000,HI,1.6
2019-10-01,900000,HI,1.6
2019-11-01,900000,HI,1.7
2019-12-01,900000,HI,1.6
2020-01-01,900000,HI,1.7
2020-02-01,900000,HI,1.8
2020-03-01,900000,HI,1.7
2020-04-01,900000,HI,1.0
2020-05-01,900000,HI,1.2
2020-06-01,900000,HI,1.2
2020-07-01,900000,HI,1.5
2020-08-01,900000,HI,2.4
2020-09-01,900000,HI,1.5
2020-10-01,900000,HI,1.6
2020-11-01,900000,HI,1.5
2020-12-01,900000,HI,1.5
2021-01-01,900000,HI,1.7
2021-02-01,900000,HI,1.5
2021-03-01,900000,HI,1.8
2021-04-01,900000,HI,1.6
2021-05-01,900000,HI,1.5
2021-06-01,900000,HI,1.8
2021-07-01,900000,HI,1.7
2021-08-01,900000,HI,1.8
2021-09-01,900000,HI,1.6
2021-10-01,900000,HI,1.7
2021-11-01,900000,HI,1.8
2021-12-01,900000,HI,1.8
2022-01-01,900000,HI,1.8
2022-02-01,900000,HI,1.8
2022-03-01,900000,HI,1.8
2022-04-01,900000,HI,1.8
2022-05-01,900000,HI,1.8
2022-06-01,900000,HI,1.9
2022-07-01,900000,HI,2.1
2022-08-01,900000,HI,1.8
2022-09-01,900000,HI,1.8
2022-10-01,900000,HI,1.7
2022-11-01,900000,HI,2.0
2022-12-01,900000,HI,1.8
2023-01-01,900000,HI,2.0
2023-02-01,900000,HI,1.7
2023-03-01,900000,HI,1.7
2023-04-01,900000,HI,1.7
2023-05-01,900000,HI,1.8
2023-06-01,900000,HI,1.7
2023-07-01,900000,HI,1.7
2023-08-01,900000,HI,1.7
2023-09-01,900000,HI,1.6
2023-10-01,900000,HI,1.7
2023-11-01,900000,HI,1.6
2023-12-01,900000,HI,1.8
2024-01-01,900000,HI,1.7
2024-02-01,900000,HI,1.7
2024-03-01,900000,HI,1.7
2024-04-01,900000,HI,1.5
2024-05-01,900000,HI,1.6
2024-06-01,900000,HI,1.4
2024-07-01,900000,HI,1.7
2024-08-01,900000,HI,1.5
2024-09-01,900000,HI,1.5
2024-10-01,900000,HI,1.5
2024-11-01,900000,HI,1.4
2024-12-01,900000,HI,1.5
2025-01-01,900000,HI,1.5
2025-02-01,900000,HI,1.4
2025-03-01,900000,HI,1.4
2025-04-01,900000,HI,1.5
2025-05-01,900000,HI,1.4
2025-06-01,900000,HI,1.4
2025-07-01,900000,HI,1.3
2025-08-01,900000,HI,1.3
2025-09-01,900000,HI,1.5
2025-10-01,900000,HI,1.4
2025-11-01,900000,HI,1.2
2025-12-01,900000,HI,1.3
2026-01-01,900000,HI,1.4
2026-02-01,900000,HI,1.4
2026-03-01,900000,HI,1.4
2026-04-01,900000,HI,1.4
2026-05-01,900000,HI,1.5
2026-06-01,900000,HI,1.4
2026-07-01,900000,HI,1.3
2026-08-01,900000,HI,1.5
2017-01-01,900000,JO,2.2
2017-02-01,900000,JO,2.2
2017-03-01,900000,JO,2.2
2017-04-01,900000,JO,2.4
2017-05-01,900000,JO,2.4
2017-06-01,900000,JO,2.5
2017-07-01,900000,JO,2.4
2017-08-01,900000,JO,2.2
2017-09-01,900000,JO,2.5
2017-10-01,900000,JO,2.4
2017-11-01,900000,JO,2.3
2017-12-01,900000,JO,2.5
2018-01-01,900000,JO,2.6
2018-02-01,900000,JO,2.6
2018-03-01,900000,JO,2.7
2018-04-01,900000,JO,2.6
2018-05-01,900000,JO,2.6
2018-06-01,900000,JO,2.8
2018-07-01,900000,JO,2.8
2018-08-01,900000,JO,3.1
2018-09-01,900000,JO,2.7
2018-10-01,900000,JO,2.7
2018-11-01,900000,JO,2.9
2018-12-01,900000,JO,2.9
2019-01-01,900000,JO,3.0
2019-02-01,900000,JO,3.0
2019-03-01,900000,JO,3.1
2019-04-01,900000,JO,3.1
2019-05-01,900000,JO,2.9
2019-06-01,900000,JO,3.2
2019-07-01,900000,JO,2.8
2019-08-01,900000,JO,3.2
2019-09-01,900000,JO,3.2
2019-10-01,900000,JO,3.3
2019-11-01,900000,JO,3.3
2019-12-01,900000,JO,3.2
2020-01-01,900000,JO,3.5
2020-02-01,900000,JO,3.3
2020-03-01,900000,JO,3.0
2020-04-01,900000,JO,2.9
2020-05-01,900000,JO,2.8
2020-06-01,900000,JO,3.0
2020-07-01,900000,JO,3.7
2020-08-01,900000,JO,3.1
2020-09-01,900000,JO,3.1
2020-10-01,900000,JO,3.2
2020-11-01,900000,JO,3.0
2020-12-01,900000,JO,3.0
2021-01-01,900000,JO,3.2
2021-02-01,900000,JO,3.2
2021-03-01,900000,JO,3.8
2021-04-01,900000,JO,4.1
2021-05-01,900000,JO,4.1
2021-06-01,900000,JO,4.1
2021-07-01,900000,JO,3.9
2021-08-01,900000,JO,3.9
2021-09-01,900000,JO,4.1
2021-10-01,900000,JO,4.1
2021-11-01,900000,JO,4.3
2021-12-01,900000,JO,4.7
2022-01-01,900000,JO,4.5
2022-02-01,900000,JO,4.6
2022-03-01,900000,JO,4.4
2022-04-01,900000,JO,4.5
2022-05-01,900000,JO,4.7
2022-06-01,900000,JO,4.3
2022-07-01,900000,JO,5.2
2022-08-01,900000,JO,4.1
2022-09-01,900000,JO,4.6
2022-10-01,900000,JO,4.2
2022-11-01,900000,JO,4.6
2022-12-01,900000,JO,4.4
2023-01-01,900000,JO,4.6
2023-02-01,900000,JO,4.2
2023-03-01,900000,JO,4.4
2023-04-01,900000,JO,4.5
2023-05-01,900000,JO,4.5
2023-06-01,900000,JO,4.7
2023-07-01,900000,JO,4.2
2023-08-01,900000,JO,4.4
2023-09-01,900000,JO,4.1
2023-10-01,900000,JO,4.0
2023-11-01,900000,JO,4.3
2023-12-01,900000,JO,4.1
2024-01-01,900000,JO,3.7
2024-02-01,900000,JO,3.8
2024-03-01,900000,JO,4.1
2024-04-01,900000,JO,3.6
2024-05-01,900000,JO,4.2
2024-06-01,900000,JO,4.0
2024-07-01,900000,JO,3.8
2024-08-01,900000,JO,3.9
2024-09-01,900000,JO,3.6
2024-10-01,900000,JO,3.7
2024-11-01,900000,JO,3.6
2024-12-01,900000,JO,3.6
2025-01-01,900000,JO,3.6
2025-02-01,900000,JO,3.6
2025-03-01,900000,JO,3.4
2025-04-01,900000,JO,3.3
2025-05-01,900000,JO,3.3
2025-06-01,900000,JO,3.5
2025-07-01,900000,JO,3.2
2025-08-01,900000,JO,3.0
2025-09-01,900000,JO,3.1
2025-10-01,900000,JO,3.3
2025-11-01,900000,JO,2.7
2025-12-01,900000,JO,3.0
2026-01-01,900000,JO,3.1
2026-02-01,900000,JO,3.0
2026-03-01,900000,JO,3.0
2026-04-01,900000,JO,3.3
2026-05-01,900000,JO,3.4
2026-06-01,900000,JO,3.2
2026-07-01,900000,JO,3.2
2026-08-01,900000,JO,3.0
2017-01-01,900000,LD,0.5
2017-02-01,900000,LD,0.5
2017-03-01,900000,LD,0.4
2017-04-01,900000,LD,0.5
2017-05-01,900000,LD,0.6
2017-06-01,900000,LD,0.5
2017-07-01,900000,LD,0.5
2017-08-01,900000,LD,0.5
2017-09-01,900000,LD,0.5
2017-10-01,900000,LD,0.5
2017-11-01,900000,LD,0.4
2017-12-01,900000,LD,0.6
2018-01-01,900000,LD,0.5
2018-02-01,900000,LD,0.5
2018-03-01,900000,LD,0.5
2018-04-01,900000,LD,0.4
2018-05-01,900000,LD,0.4
2018-06-01,900000,LD,0.4
2018-07-01,900000,LD,0.6
2018-08-01,900000,LD,0.5
2018-09-01,900000,LD,0.5
2018-10-01,900000,LD,0.5
2018-11-01,900000,LD,0.5
2018-12-01,900000,LD,0.4
2019-01-01,900000,LD,0.6
2019-02-01,900000,LD,0.6
2019-03-01,900000,LD,0.5
2019-04-01,900000,LD,0.5
2019-05-01,900000,LD,0.4
2019-06-01,900000,LD,0.4
2019-07-01,900000,LD,0.4
2019-08-01,900000,LD,0.4
2019-09-01,900000,LD,0.5
2019-10-01,900000,LD,0.5
2019-11-01,900000,LD,0.4
2019-12-01,900000,LD,0.4
2020-01-01,900000,LD,0.4
2020-02-01,900000,LD,0.4
2020-03-01,900000,LD,1.0
2020-04-01,900000,LD,1.2
2020-05-01,900000,LD,0.8
2020-06-01,900000,LD,0.8
2020-07-01,900000,LD,0.5
2020-08-01,900000,LD,0.4
2020-09-01,900000,LD,0.7
2020-10-01,900000,LD,1.1
2020-11-01,900000,LD,0.9
2020-12-01,900000,LD,0.4
2021-01-01,900000,LD,0.4
2021-02-01,900000,LD,0.3
2021-03-01,900000,LD,0.4
2021-04-01,900000,LD,0.3
2021-05-01,900000,LD,0.3
2021-06-01,900000,LD,0.3
2021-07-01,900000,LD,0.4
2021-08-01,900000,LD,0.3
2021-09-01,900000,LD,0.4
2021-10-01,900000,LD,0.4
2021-11-01,900000,LD,0.3
2021-12-01,900000,LD,0.3
2022-01-01,900000,LD,0.4
2022-02-01,900000,LD,0.4
2022-03-01,900000,LD,0.4
2022-04-01,900000,LD,0.3
2022-05-01,900000,LD,0.3
2022-06-01,900000,LD,0.4
2022-07-01,900000,LD,0.3
2022-08-01,900000,LD,0.4
2022-09-01,900000,LD,0.4
2022-10-01,900000,LD,0.3
2022-11-01,900000,LD,0.3
2022-12-01,900000,LD,0.4
2023-01-01,900000,LD,0.4
2023-02-01,900000,LD,0.4
2023-03-01,900000,LD,0.4
2023-04-01,900000,LD,0.4
2023-05-01,900000,LD,0.4
2023-06-01,900000,LD,0.4
2023-07-01,900000,LD,0.4
2023-08-01,900000,LD,0.4
2023-09-01,900000,LD,0.3
2023-10-01,900000,LD,0.3
2023-11-01,900000,LD,0.4
2023-12-01,900000,LD,0.4
2024-01-01,900000,LD,0.3
2024-02-01,900000,LD,0.4
2024-03-01,900000,LD,0.3
2024-04-01,900000,LD,0.4
2024-05-01,900000,LD,0.4
2024-06-01,900000,LD,0.4
2024-07-01,900000,LD,0.4
2024-08-01,900000,LD,0.4
2024-09-01,900000,LD,0.3
2024-10-01,900000,LD,0.3
2024-11-01,900000,LD,0.3
2024-12-01,900000,LD,0.3
2025-01-01,900000,LD,0.3
2025-02-01,900000,LD,0.4
2025-03-01,900000,LD,0.4
2025-04-01,900000,LD,0.3
2025-05-01,900000,LD,0.4
2025-06-01,900000,LD,0.3
2025-07-01,900000,LD,0.3
2025-08-01,900000,LD,0.4
2025-09-01,900000,LD,0.3
2025-10-01,900000,LD,0.4
2025-11-01,900000,LD,0.3
2025-12-01,900000,LD,0.3
2026-01-01,900000,LD,0.3
2026-02-01,900000,LD,0.3
2026-03-01,900000,LD,0.3
2026-04-01,900000,LD,0.3
2026-05-01,900000,LD,0.4
2026-06-01,900000,LD,0.4
2026-07-01,900000,LD,0.4
2026-08-01,900000,LD,0.3
2017-01-01,900000,QU,0.8
2017-02-01,900000,QU,0.8
2017-03-01,900000,QU,0.8
2017-04-01,900000,QU,0.7
2017-05-01,900000,QU,0.7
2017-06-01,900000,QU,0.7
2017-07-01,900000,QU,0.7
2017-08-01,900000,QU,0.8
2017-09-01,900000,QU,0.8
2017-10-01,900000,QU,0.7
2017-11-01,900000,QU,0.8
2017-12-01,900000,QU,0.8
2018-01-01,900000,QU,0.8
2018-02-01,900000,QU,0.7
2018-03-01,900000,QU,0.8
2018-04-01,900000,QU,0.8
2018-05-01,900000,QU,0.8
2018-06-01,900000,QU,0.8
2018-07-01,900000,QU,0.8
2018-08-01,900000,QU,0.7
2018-09-01,900000,QU,0.8
2018-10-01,900000,QU,0.8
2018-11-01,900000,QU,0.9
2018-12-01,900000,QU,0.8
2019-01-01,900000,QU,0.9
2019-02-01,900000,QU,0.8
2019-03-01,900000,QU,0.8
2019-04-01,900000,QU,0.8
2019-05-01,900000,QU,0.9
2019-06-01,900000,QU,0.7
2019-07-01,900000,QU,0.8
2019-08-01,900000,QU,0.8
2019-09-01,900000,QU,0.8
2019-10-01,900000,QU,0.8
2019-11-01,900000,QU,0.8
2019-12-01,900000,QU,0.9
2020-01-01,900000,QU,0.8
2020-02-01,900000,QU,0.8
2020-03-01,900000,QU,1.0
2020-04-01,900000,QU,0.8
2020-05-01,900000,QU,0.9
2020-06-01,900000,QU,0.8
2020-07-01,900000,QU,0.9
2020-08-01,900000,QU,1.0
2020-09-01,900000,QU,0.9
2020-10-01,900000,QU,1.0
2020-11-01,900000,QU,0.8
2020-12-01,900000,QU,0.8
2021-01-01,900000,QU,0.7
2021-02-01,900000,QU,0.8
2021-03-01,900000,QU,0.8
2021-04-01,900000,QU,0.9
2021-05-01,900000,QU,0.7
2021-06-01,900000,QU,0.8
2021-07-01,900000,QU,1.0
2021-08-01,900000,QU,0.8
2021-09-01,900000,QU,1.0
2021-10-01,900000,QU,1.2
2021-11-01,900000,QU,1.1
2021-12-01,900000,QU,1.0
2022-01-01,900000,QU,1.1
2022-02-01,900000,QU,1.2
2022-03-01,900000,QU,1.1
2022-04-01,900000,QU,1.1
2022-05-01,900000,QU,1.0
2022-06-01,900000,QU,1.1
2022-07-01,900000,QU,0.8
2022-08-01,900000,QU,1.1
2022-09-01,900000,QU,1.1
2022-10-01,900000,QU,1.0
2022-11-01,900000,QU,1.0
2022-12-01,900000,QU,1.0
2023-01-01,900000,QU,0.9
2023-02-01,900000,QU,0.9
2023-03-01,900000,QU,1.0
2023-04-01,900000,QU,0.8
2023-05-01,900000,QU,0.9
2023-06-01,900000,QU,0.8
2023-07-01,900000,QU,0.9
2023-08-01,900000,QU,0.9
2023-09-01,900000,QU,0.8
2023-10-01,900000,QU,0.8
2023-11-01,900000,QU,0.9
2023-12-01,900000,QU,0.9
2024-01-01,900000,QU,0.9
2024-02-01,900000,QU,0.8
2024-03-01,900000,QU,0.7
2024-04-01,900000,QU,0.9
2024-05-01,900000,QU,0.9
2024-06-01,900000,QU,0.8
2024-07-01,900000,QU,0.7
2024-08-01,900000,QU,0.8
2024-09-01,900000,QU,0.8
2024-10-01,900000,QU,0.8
2024-11-01,900000,QU,0.8
2024-12-01,900000,QU,0.8
2025-01-01,900000,QU,0.8
2025-02-01,900000,QU,0.8
2025-03-01,900000,QU,0.8
2025-04-01,900000,QU,0.8
2025-05-01,900000,QU,0.8
2025-06-01,900000,QU,0.7
2025-07-01,900000,QU,0.8
2025-08-01,900000,QU,0.8
2025-09-01,900000,QU,1.0
2025-10-01,900000,QU,0.8
2025-11-01,900000,QU,0.7
2025-12-01,900000,QU,0.8
2026-01-01,900000,QU,0.8
2026-02-01,900000,QU,0.8
2026-03-01,900000,QU,0.7
2026-04-01,900000,QU,0.8
2026-05-01,900000,QU,0.8
2026-06-01,900000,QU,0.8
2026-07-01,900000,QU,0.8
2026-08-01,900000,QU,0.7
