series_id,year,period,value
JTS000000000000000JOR,2026,M08,4.3
JTS000000000000000JOR,2026,M07,4.4
JTS000000000000000JOR,2026,M06,4.3
JTS000000000000000JOR,2026,M05,4.5
JTS000000000000000JOR,2026,M04,4.6
JTS000000000000000JOR,2026,M03,4.2
JTS000000000000000JOR,2026,M02,4.2
JTS000000000000000JOR,2026,M01,4.4
JTS000000000000000JOR,2025,M12,4.0
JTS000000000000000JOR,2025,M11,4.1
JTS000000000000000JOR,2025,M10,4.3
JTS000000000000000JOR,2025,M09,4.3
JTS000000000000000JOR,2025,M08,4.2
JTS000000000000000JOR,2025,M07,4.3
JTS000000000000000JOR,2025,M06,4.3
JTS000000000000000JOR,2025,M05,4.4
JTS000000000000000JOR,2025,M04,4.3
JTS000000000000000JOR,2025,M03,4.2
JTS000000000000000JOR,2025,M02,4.4
JTS000000000000000JOR,2025,M01,4.5
JTS000000000000000JOR,2024,M12,4.4
JTS000000000000000JOR,2024,M11,4.6
JTS000000000000000JOR,2024,M10,4.5
JTS000000000000000JOR,2024,M09,4.2
JTS000000000000000JOR,2024,M08,4.6
JTS000000000000000JOR,2024,M07,4.5
JTS000000000000000JOR,2024,M06,4.5
JTS000000000000000JOR,2024,M05,4.7
JTS000000000000000JOR,2024,M04,4.6
JTS000000000000000JOR,2024,M03,5.0
JTS000000000000000JOR,2024,M02,5.1
JTS000000000000000JOR,2024,M01,5.1
JTS000000000000000JOR,2023,M12,5.2
JTS000000000000000JOR,2023,M11,5.2
JTS000000000000000JOR,2023,M10,5.2
JTS000000000000000JOR,2023,M09,5.6
JTS000000000000000JOR,2023,M08,5.6
JTS000000000000000JOR,2023,M07,5.3
JTS000000000000000JOR,2023,M06,5.6
JTS000000000000000JOR,2023,M05,5.7
JTS000000000000000JOR,2023,M04,6.0
JTS000000000000000JOR,2023,M03,5.9
JTS000000000000000JOR,2023,M02,6.0
JTS000000000000000JOR,2023,M01,6.2
JTS000000000000000JOR,2022,M12,6.6
JTS000000000000000JOR,2022,M11,6.4
JTS000000000000000JOR,2022,M10,6.4
JTS000000000000000JOR,2022,M09,6.6
JTS000000000000000JOR,2022,M08,6.2
JTS000000000000000JOR,2022,M07,7.0
JTS000000000000000JOR,2022,M06,6.9
JTS000000000000000JOR,2022,M05,7.1
JTS000000000000000JOR,2022,M04,7.3
JTS000000000000000JOR,2022,M03,7.5
JTS000000000000000JOR,2022,M02,7.2
JTS000000000000000JOR,2022,M01,7.0
JTS000000000000000JOR,2021,M12,7.1
JTS000000000000000JOR,2021,M11,7.0
JTS000000000000000JOR,2021,M10,7.0
JTS000000000000000JOR,2021,M09,6.8
JTS000000000000000JOR,2021,M08,6.9
JTS000000000000000JOR,2021,M07,7.0
JTS000000000000000JOR,2021,M06,6.6
JTS000000000000000JOR,2021,M05,6.4
JTS000000000000000JOR,2021,M04,6.1
JTS000000000000000JOR,2021,M03,5.6
JTS000000000000000JOR,2021,M02,5.2
JTS000000000000000JOR,2021,M01,4.8
JTS000000000000000JOR,2020,M12,4.5
JTS000000000000000JOR,2020,M11,4.6
JTS000000000000000JOR,2020,M10,4.6
JTS000000000000000JOR,2020,M09,4.4
JTS000000000000000JOR,2020,M08,4.4
JTS000000000000000JOR,2020,M07,4.5
JTS000000000000000JOR,2020,M06,4.3
JTS000000000000000JOR,2020,M05,4.0
JTS000000000000000JOR,2020,M04,3.4
JTS000000000000000JOR,2020,M03,3.8
JTS000000000000000JOR,2020,M02,4.4
JTS000000000000000JOR,2020,M01,4.5
JTS000000000000000JOR,2019,M12,4.2
JTS000000000000000JOR,2019,M11,4.3
JTS000000000000000JOR,2019,M10,4.6
JTS000000000000000JOR,2019,M09,4.5
JTS000000000000000JOR,2019,M08,4.5
JTS000000000000000JOR,2019,M07,4.5
JTS000000000000000JOR,2019,M06,4.6
JTS000000000000000JOR,2019,M05,4.6
JTS000000000000000JOR,2019,M04,4.6
JTS000000000000000JOR,2019,M03,4.6
JTS000000000000000JOR,2019,M02,4.5
JTS000000000000000JOR,2019,M01,4.8
JTS000000000000000JOR,2018,M12,4.8
JTS000000000000000JOR,2018,M11,4.8
JTS000000000000000JOR,2018,M10,4.7
JTS000000000000000JOR,2018,M09,4.7
JTS000000000000000JOR,2018,M08,4.6
JTS000000000000000JOR,2018,M07,4.6
JTS000000000000000JOR,2018,M06,4.6
JTS000000000000000JOR,2018,M05,4.5
JTS000000000000000JOR,2018,M04,4.4
JTS000000000000000JOR,2018,M03,4.4
JTS000000000000000JOR,2018,M02,4.2
JTS000000000000000JOR,2018,M01,4.3
JTS000000000000000JOR,2017,M12,4.1
JTS000000000000000JOR,2017,M11,4.1
JTS000000000000000JOR,2017,M10,4.2
JTS000000000000000JOR,2017,M09,4.1
JTS000000000000000JOR,2017,M08,4.1
JTS000000000000000JOR,2017,M07,4.1
JTS000000000000000JOR,2017,M06,4.1
JTS000000000000000JOR,2017,M05,3.8
JTS000000000000000JOR,2017,M04,4.0
JTS000000000000000JOR,2017,M03,3.8
JTS000000000000000JOR,2017,M02,3.9
JTS000000000000000JOR,2017,M01,3.7
JTS000000000000000HIR,2026,M08,3.3
JTS000000000000000HIR,2026,M07,3.2
JTS000000000000000HIR,2026,M06,3.4
JTS000000000000000HIR,2026,M05,3.3
JTS000000000000000HIR,2026,M04,3.3
JTS000000000000000HIR,2026,M03,3.5
JTS000000000000000HIR,2026,M02,3.1
JTS000000000000000HIR,2026,M01,3.4
JTS000000000000000HIR,2025,M12,3.3
JTS000000000000000HIR,2025,M11,3.2
JTS000000000000000HIR,2025,M10,3.3
JTS000000000000000HIR,2025,M09,3.3
JTS000000000000000HIR,2025,M08,3.2
JTS000000000000000HIR,2025,M07,3.3
JTS000000000000000HIR,2025,M06,3.4
JTS000000000000000HIR,2025,M05,3.4
JTS000000000000000HIR,2025,M04,3.4
JTS000000000000000HIR,2025,M03,3.4
JTS000000000000000HIR,2025,M02,3.3
JTS000000000000000HIR,2025,M01,3.3
JTS000000000000000HIR,2024,M12,3.3
JTS000000000000000HIR,2024,M11,3.3
JTS000000000000000HIR,2024,M10,3.3
JTS000000000000000HIR,2024,M09,3.4
JTS000000000000000HIR,2024,M08,3.3
JTS000000000000000HIR,2024,M07,3.4
JTS000000000000000HIR,2024,M06,3.3
JTS000000000000000HIR,2024,M05,3.5
JTS000000000000000HIR,2024,M04,3.5
JTS000000000000000HIR,2024,M03,3.5
JTS000000000000000HIR,2024,M02,3.6
JTS000000000000000HIR,2024,M01,3.6
JTS000000000000000HIR,2023,M12,3.6
JTS000000000000000HIR,2023,M11,3.5
JTS000000000000000HIR,2023,M10,3.7
JTS000000000000000HIR,2023,M09,3.7
JTS000000000000000HIR,2023,M08,3.7
JTS000000000000000HIR,2023,M07,3.6
JTS000000000000000HIR,2023,M06,3.8
JTS000000000000000HIR,2023,M05,3.9
JTS000000000000000HIR,2023,M04,3.8
JTS000000000000000HIR,2023,M03,3.8
JTS000000000000000HIR,2023,M02,3.9
JTS000000000000000HIR,2023,M01,4.1
JTS000000000000000HIR,2022,M12,4.0
JTS000000000000000HIR,2022,M11,4.0
JTS000000000000000HIR,2022,M10,4.0
JTS000000000000000HIR,2022,M09,4.0
JTS000000000000000HIR,2022,M08,4.2
JTS000000000000000HIR,2022,M07,4.2
JTS000000000000000HIR,2022,M06,4.3
JTS000000000000000HIR,2022,M05,4.2
JTS000000000000000HIR,2022,M04,4.3
JTS000000000000000HIR,2022,M03,4.4
JTS000000000000000HIR,2022,M02,4.5
JTS000000000000000HIR,2022,M01,4.3
JTS000000000000000HIR,2021,M12,4.5
JTS000000000000000HIR,2021,M11,4.6
JTS000000000000000HIR,2021,M10,4.5
JTS000000000000000HIR,2021,M09,4.5
JTS000000000000000HIR,2021,M08,4.3
JTS000000000000000HIR,2021,M07,4.6
JTS000000000000000HIR,2021,M06,4.5
JTS000000000000000HIR,2021,M05,4.1
JTS000000000000000HIR,2021,M04,4.2
JTS000000000000000HIR,2021,M03,4.3
JTS000000000000000HIR,2021,M02,4.1
JTS000000000000000HIR,2021,M01,3.9
JTS000000000000000HIR,2020,M12,3.9
JTS000000000000000HIR,2020,M11,4.1
JTS000000000000000HIR,2020,M10,4.3
JTS000000000000000HIR,2020,M09,4.2
JTS000000000000000HIR,2020,M08,4.3
JTS000000000000000HIR,2020,M07,4.5
JTS000000000000000HIR,2020,M06,5.4
JTS000000000000000HIR,2020,M05,6.1
JTS000000000000000HIR,2020,M04,3.1
JTS000000000000000HIR,2020,M03,3.4
JTS000000000000000HIR,2020,M02,3.9
JTS000000000000000HIR,2020,M01,3.9
JTS000000000000000HIR,2019,M12,3.9
JTS000000000000000HIR,2019,M11,3.9
JTS000000000000000HIR,2019,M10,3.8
JTS000000000000000HIR,2019,M09,3.9
JTS000000000000000HIR,2019,M08,3.9
JTS000000000000000HIR,2019,M07,3.9
JTS000000000000000HIR,2019,M06,3.8
JTS000000000000000HIR,2019,M05,3.8
JTS000000000000000HIR,2019,M04,4.0
JTS000000000000000HIR,2019,M03,3.8
JTS000000000000000HIR,2019,M02,3.8
JTS000000000000000HIR,2019,M01,3.9
JTS000000000000000HIR,2018,M12,3.9
JTS000000000000000HIR,2018,M11,3.9
JTS000000000000000HIR,2018,M10,4.0
JTS000000000000000HIR,2018,M09,3.8
JTS000000000000000HIR,2018,M08,3.9
JTS000000000000000HIR,2018,M07,3.8
JTS000000000000000HIR,2018,M06,3.9
JTS000000000000000HIR,2018,M05,3.9
JTS000000000000000HIR,2018,M04,3.8
JTS000000000000000HIR,2018,M03,3.8
JTS000000000000000HIR,2018,M02,3.8
JTS000000000000000HIR,2018,M01,3.7
JTS000000000000000HIR,2017,M12,3.7
JTS000000000000000HIR,2017,M11,3.7
JTS000000000000000HIR,2017,M10,3.8
JTS000000000000000HIR,2017,M09,3.7
JTS000000000000000HIR,2017,M08,3.8
JTS000000000000000HIR,2017,M07,3.7
JTS000000000000000HIR,2017,M06,3.8
JTS000000000000000HIR,2017,M05,3.7
JTS000000000000000HIR,2017,M04,3.6
JTS000000000000000HIR,2017,M03,3.7
JTS000000000000000HIR,2017,M02,3.7
JTS000000000000000HIR,2017,M01,3.8
JTS000000000000000QUR,2026,M08,1.9
JTS000000000000000QUR,2026,M07,1.9
JTS000000000000000QUR,2026,M06,2.0
JTS000000000000000QUR,2026,M05,2.0
JTS000000000000000QUR,2026,M04,1.9
JTS000000000000000QUR,2026,M03,2.0
JTS000000000000000QUR,2026,M02,1.9
JTS000000000000000QUR,2026,M01,2.0
JTS000000000000000QUR,2025,M12,2.0
JTS000000000000000QUR,2025,M11,2.0
JTS000000000000000QUR,2025,M10,1.9
JTS000000000000000QUR,2025,M09,1.9
JTS000000000000000QUR,2025,M08,2.0
JTS000000000000000QUR,2025,M07,2.0
JTS000000000000000QUR,2025,M06,2.1
JTS000000000000000QUR,2025,M05,2.1
JTS000000000000000QUR,2025,M04,2.0
JTS000000000000000QUR,2025,M03,2.2
JTS000000000000000QUR,2025,M02,2.0
JTS000000000000000QUR,2025,M01,2.0
JTS000000000000000QUR,2024,M12,1.9
JTS000000000000000QUR,2024,M11,1.9
JTS000000000000000QUR,2024,M10,2.0
JTS000000000000000QUR,2024,M09,2.0
JTS000000000000000QUR,2024,M08,2.1
JTS000000000000000QUR,2024,M07,2.1
JTS000000000000000QUR,2024,M06,2.1
JTS000000000000000QUR,2024,M05,2.1
JTS000000000000000QUR,2024,M04,2.2
JTS000000000000000QUR,2024,M03,2.1
JTS000000000000000QUR,2024,M02,2.2
JTS000000000000000QUR,2024,M01,2.1
JTS000000000000000QUR,2023,M12,2.2
JTS000000000000000QUR,2023,M11,2.3
JTS000000000000000QUR,2023,M10,2.3
JTS000000000000000QUR,2023,M09,2.3
JTS000000000000000QUR,2023,M08,2.3
JTS000000000000000QUR,2023,M07,2.3
JTS000000000000000QUR,2023,M06,2.4
JTS000000000000000QUR,2023,M05,2.6
JTS000000000000000QUR,2023,M04,2.3
JTS000000000000000QUR,2023,M03,2.4
JTS000000000000000QUR,2023,M02,2.5
JTS000000000000000QUR,2023,M01,2.5
JTS000000000000000QUR,2022,M12,2.7
JTS000000000000000QUR,2022,M11,2.6
JTS000000000000000QUR,2022,M10,2.6
JTS000000000000000QUR,2022,M09,2.7
JTS000000000000000QUR,2022,M08,2.8
JTS000000000000000QUR,2022,M07,2.6
JTS000000000000000QUR,2022,M06,2.7
JTS000000000000000QUR,2022,M05,2.8
JTS000000000000000QUR,2022,M04,3.0
JTS000000000000000QUR,2022,M03,2.9
JTS000000000000000QUR,2022,M02,2.8
JTS000000000000000QUR,2022,M01,2.9
JTS000000000000000QUR,2021,M12,2.9
JTS000000000000000QUR,2021,M11,3.0
JTS000000000000000QUR,2021,M10,2.8
JTS000000000000000QUR,2021,M09,2.9
JTS000000000000000QUR,2021,M08,2.8
JTS000000000000000QUR,2021,M07,2.8
JTS000000000000000QUR,2021,M06,2.8
JTS000000000000000QUR,2021,M05,2.6
JTS000000000000000QUR,2021,M04,2.7
JTS000000000000000QUR,2021,M03,2.5
JTS000000000000000QUR,2021,M02,2.4
JTS000000000000000QUR,2021,M01,2.3
JTS000000000000000QUR,2020,M12,2.4
JTS000000000000000QUR,2020,M11,2.2
JTS000000000000000QUR,2020,M10,2.3
JTS000000000000000QUR,2020,M09,2.2
JTS000000000000000QUR,2020,M08,2.1
JTS000000000000000QUR,2020,M07,2.2
JTS000000000000000QUR,2020,M06,1.9
JTS000000000000000QUR,2020,M05,1.7
JTS000000000000000QUR,2020,M04,1.5
JTS000000000000000QUR,2020,M03,1.9
JTS000000000000000QUR,2020,M02,2.3
JTS000000000000000QUR,2020,M01,2.3
JTS000000000000000QUR,2019,M12,2.3
JTS000000000000000QUR,2019,M11,2.3
JTS000000000000000QUR,2019,M10,2.3
JTS000000000000000QUR,2019,M09,2.3
JTS000000000000000QUR,2019,M08,2.3
JTS000000000000000QUR,2019,M07,2.4
JTS000000000000000QUR,2019,M06,2.3
JTS000000000000000QUR,2019,M05,2.3
JTS000000000000000QUR,2019,M04,2.3
JTS000000000000000QUR,2019,M03,2.3
JTS000000000000000QUR,2019,M02,2.4
JTS000000000000000QUR,2019,M01,2.3
JTS000000000000000QUR,2018,M12,2.3
JTS000000000000000QUR,2018,M11,2.3
JTS000000000000000QUR,2018,M10,2.3
JTS000000000000000QUR,2018,M09,2.3
JTS000000000000000QUR,2018,M08,2.3
JTS000000000000000QUR,2018,M07,2.3
JTS000000000000000QUR,2018,M06,2.3
JTS000000000000000QUR,2018,M05,2.3
JTS000000000000000QUR,2018,M04,2.3
JTS000000000000000QUR,2018,M03,2.2
JTS000000000000000QUR,2018,M02,2.2
JTS000000000000000QUR,2018,M01,2.0
JTS000000000000000QUR,2017,M12,2.2
JTS000000000000000QUR,2017,M11,2.2
JTS000000000000000QUR,2017,M10,2.2
JTS000000000000000QUR,2017,M09,2.2
JTS000000000000000QUR,2017,M08,2.1
JTS000000000000000QUR,2017,M07,2.1
JTS000000000000000QUR,2017,M06,2.2
JTS000000000000000QUR,2017,M05,2.1
JTS000000000000000QUR,2017,M04,2.1
JTS000000000000000QUR,2017,M03,2.2
JTS000000000000000QUR,2017,M02,2.1
JTS000000000000000QUR,2017,M01,2.2
JTS000000000000000LDR,2026,M08,1.0
JTS000000000000000LDR,2026,M07,1.1
JTS000000000000000LDR,2026,M06,1.1
JTS000000000000000LDR,2026,M05,1.1
JTS000000000000000LDR,2026,M04,1.0
JTS000000000000000LDR,2026,M03,1.2
JTS000000000000000LDR,2026,M02,1.1
JTS000000000000000LDR,2026,M01,1.0
JTS000000000000000LDR,2025,M12,1.1
JTS000000000000000LDR,2025,M11,1.0
JTS000000000000000LDR,2025,M10,1.2
JTS000000000000000LDR,2025,M09,1.1
JTS000000000000000LDR,2025,M08,1.2
JTS000000000000000LDR,2025,M07,1.1
JTS000000000000000LDR,2025,M06,1.2
JTS000000000000000LDR,2025,M05,1.1
JTS000000000000000LDR,2025,M04,1.1
JTS000000000000000LDR,2025,M03,1.0
JTS000000000000000LDR,2025,M02,1.2
JTS000000000000000LDR,2025,M01,1.1
JTS000000000000000LDR,2024,M12,1.1
JTS000000000000000LDR,2024,M11,1.2
JTS000000000000000LDR,2024,M10,1.0
JTS000000000000000LDR,2024,M09,1.1
JTS000000000000000LDR,2024,M08,1.1
JTS000000000000000LDR,2024,M07,1.1
JTS000000000000000LDR,2024,M06,0.9
JTS000000000000000LDR,2024,M05,1.1
JTS000000000000000LDR,2024,M04,1.0
JTS000000000000000LDR,2024,M03,1.0
JTS000000000000000LDR,2024,M02,1.1
JTS000000000000000LDR,2024,M01,1.0
JTS000000000000000LDR,2023,M12,1.1
JTS000000000000000LDR,2023,M11,1.0
JTS000000000000000LDR,2023,M10,1.0
JTS000000000000000LDR,2023,M09,1.0
JTS000000000000000LDR,2023,M08,1.1
JTS000000000000000LDR,2023,M07,1.1
JTS000000000000000LDR,2023,M06,1.1
JTS000000000000000LDR,2023,M05,1.0
JTS000000000000000LDR,2023,M04,1.1
JTS000000000000000LDR,2023,M03,1.2
JTS000000000000000LDR,2023,M02,1.0
JTS000000000000000LDR,2023,M01,1.1
JTS000000000000000LDR,2022,M12,1.0
JTS000000000000000LDR,2022,M11,1.0
JTS000000000000000LDR,2022,M10,1.0
JTS000000000000000LDR,2022,M09,0.9
JTS000000000000000LDR,2022,M08,1.0
JTS000000000000000LDR,2022,M07,1.0
JTS000000000000000LDR,2022,M06,1.0
JTS000000000000000LDR,2022,M05,1.0
JTS000000000000000LDR,2022,M04,0.9
JTS000000000000000LDR,2022,M03,0.9
JTS000000000000000LDR,2022,M02,0.9
JTS000000000000000LDR,2022,M01,0.9
JTS000000000000000LDR,2021,M12,0.9
JTS000000000000000LDR,2021,M11,0.9
JTS000000000000000LDR,2021,M10,0.9
JTS000000000000000LDR,2021,M09,1.0
JTS000000000000000LDR,2021,M08,0.9
JTS000000000000000LDR,2021,M07,1.0
JTS000000000000000LDR,2021,M06,0.9
JTS000000000000000LDR,2021,M05,0.9
JTS000000000000000LDR,2021,M04,1.0
JTS000000000000000LDR,2021,M03,1.0
JTS000000000000000LDR,2021,M02,1.1
JTS000000000000000LDR,2021,M01,1.1
JTS000000000000000LDR,2020,M12,1.3
JTS000000000000000LDR,2020,M11,1.5
JTS000000000000000LDR,2020,M10,1.2
JTS000000000000000LDR,2020,M09,1.1
JTS000000000000000LDR,2020,M08,1.1
JTS000000000000000LDR,2020,M07,1.3
JTS000000000000000LDR,2020,M06,1.6
JTS000000000000000LDR,2020,M05,1.6
JTS000000000000000LDR,2020,M04,7.0
JTS000000000000000LDR,2020,M03,8.6
JTS000000000000000LDR,2020,M02,1.3
JTS000000000000000LDR,2020,M01,1.2
JTS000000000000000LDR,2019,M12,1.3
JTS000000000000000LDR,2019,M11,1.2
JTS000000000000000LDR,2019,M10,1.2
JTS000000000000000LDR,2019,M09,1.3
JTS000000000000000LDR,2019,M08,1.2
JTS000000000000000LDR,2019,M07,1.2
JTS000000000000000LDR,2019,M06,1.2
JTS000000000000000LDR,2019,M05,1.2
JTS000000000000000LDR,2019,M04,1.3
JTS000000000000000LDR,2019,M03,1.1
JTS000000000000000LDR,2019,M02,1.2
JTS000000000000000LDR,2019,M01,1.1
JTS000000000000000LDR,2018,M12,1.2
JTS000000000000000LDR,2018,M11,1.3
JTS000000000000000LDR,2018,M10,1.2
JTS000000000000000LDR,2018,M09,1.2
JTS000000000000000LDR,2018,M08,1.2
JTS000000000000000LDR,2018,M07,1.2
JTS000000000000000LDR,2018,M06,1.2
JTS000000000000000LDR,2018,M05,1.2
JTS000000000000000LDR,2018,M04,1.2
JTS000000000000000LDR,2018,M03,1.2
JTS000000000000000LDR,2018,M02,1.2
JTS000000000000000LDR,2018,M01,1.3
JTS000000000000000LDR,2017,M12,1.2
JTS000000000000000LDR,2017,M11,1.2
JTS000000000000000LDR,2017,M10,1.2
JTS000000000000000LDR,2017,M09,1.2
JTS000000000000000LDR,2017,M08,1.3
JTS000000000000000LDR,2017,M07,1.3
JTS000000000000000LDR,2017,M06,1.3
JTS000000000000000LDR,2017,M05,1.2
JTS000000000000000LDR,2017,M04,1.2
JTS000000000000000LDR,2017,M03,1.2
JTS000000000000000LDR,2017,M02,1.2
JTS000000000000000LDR,2017,M01,1.2
JTS100000000000000JOR,2026,M08,4.5
JTS100000000000000JOR,2026,M07,4.6
JTS100000000000000JOR,2026,M06,4.5
JTS100000000000000JOR,2026,M05,4.7
JTS100000000000000JOR,2026,M04,4.8
JTS100000000000000JOR,2026,M03,4.4
JTS100000000000000JOR,2026,M02,4.4
JTS100000000000000JOR,2026,M01,4.6
JTS100000000000000JOR,2025,M12,4.1
JTS100000000000000JOR,2025,M11,4.4
JTS100000000000000JOR,2025,M10,4.5
JTS100000000000000JOR,2025,M09,4.5
JTS100000000000000JOR,2025,M08,4.4
JTS100000000000000JOR,2025,M07,4.5
JTS100000000000000JOR,2025,M06,4.5
JTS100000000000000JOR,2025,M05,4.6
JTS100000000000000JOR,2025,M04,4.4
JTS100000000000000JOR,2025,M03,4.3
JTS100000000000000JOR,2025,M02,4.5
JTS100000000000000JOR,2025,M01,4.6
JTS100000000000000JOR,2024,M12,4.5
JTS100000000000000JOR,2024,M11,4.7
JTS100000000000000JOR,2024,M10,4.6
JTS100000000000000JOR,2024,M09,4.3
JTS100000000000000JOR,2024,M08,4.7
JTS100000000000000JOR,2024,M07,4.6
JTS100000000000000JOR,2024,M06,4.6
JTS100000000000000JOR,2024,M05,4.8
JTS100000000000000JOR,2024,M04,4.7
JTS100000000000000JOR,2024,M03,5.1
JTS100000000000000JOR,2024,M02,5.3
JTS100000000000000JOR,2024,M01,5.3
JTS100000000000000JOR,2023,M12,5.3
JTS100000000000000JOR,2023,M11,5.4
JTS100000000000000JOR,2023,M10,5.4
JTS100000000000000JOR,2023,M09,5.8
JTS100000000000000JOR,2023,M08,5.8
JTS100000000000000JOR,2023,M07,5.4
JTS100000000000000JOR,2023,M06,5.7
JTS100000000000000JOR,2023,M05,5.9
JTS100000000000000JOR,2023,M04,6.3
JTS100000000000000JOR,2023,M03,6.1
JTS100000000000000JOR,2023,M02,6.3
JTS100000000000000JOR,2023,M01,6.5
JTS100000000000000JOR,2022,M12,7.0
JTS100000000000000JOR,2022,M11,6.8
JTS100000000000000JOR,2022,M10,6.7
JTS100000000000000JOR,2022,M09,6.9
JTS100000000000000JOR,2022,M08,6.5
JTS100000000000000JOR,2022,M07,7.3
JTS100000000000000JOR,2022,M06,7.3
JTS100000000000000JOR,2022,M05,7.5
JTS100000000000000JOR,2022,M04,7.7
JTS100000000000000JOR,2022,M03,8.0
JTS100000000000000JOR,2022,M02,7.6
JTS100000000000000JOR,2022,M01,7.4
JTS100000000000000JOR,2021,M12,7.5
JTS100000000000000JOR,2021,M11,7.4
JTS100000000000000JOR,2021,M10,7.5
JTS100000000000000JOR,2021,M09,7.3
JTS100000000000000JOR,2021,M08,7.4
JTS100000000000000JOR,2021,M07,7.5
JTS100000000000000JOR,2021,M06,7.0
JTS100000000000000JOR,2021,M05,6.8
JTS100000000000000JOR,2021,M04,6.4
JTS100000000000000JOR,2021,M03,5.9
JTS100000000000000JOR,2021,M02,5.5
JTS100000000000000JOR,2021,M01,5.0
JTS100000000000000JOR,2020,M12,4.8
JTS100000000000000JOR,2020,M11,4.8
JTS100000000000000JOR,2020,M10,4.8
JTS100000000000000JOR,2020,M09,4.6
JTS100000000000000JOR,2020,M08,4.6
JTS100000000000000JOR,2020,M07,4.6
JTS100000000000000JOR,2020,M06,4.5
JTS100000000000000JOR,2020,M05,4.3
JTS100000000000000JOR,2020,M04,3.5
JTS100000000000000JOR,2020,M03,3.9
JTS100000000000000JOR,2020,M02,4.6
JTS100000000000000JOR,2020,M01,4.7
JTS100000000000000JOR,2019,M12,4.4
JTS100000000000000JOR,2019,M11,4.5
JTS100000000000000JOR,2019,M10,4.8
JTS100000000000000JOR,2019,M09,4.7
JTS100000000000000JOR,2019,M08,4.8
JTS100000000000000JOR,2019,M07,4.7
JTS100000000000000JOR,2019,M06,4.8
JTS100000000000000JOR,2019,M05,4.9
JTS100000000000000JOR,2019,M04,4.9
JTS100000000000000JOR,2019,M03,4.9
JTS100000000000000JOR,2019,M02,4.8
JTS100000000000000JOR,2019,M01,5.1
JTS100000000000000JOR,2018,M12,5.1
JTS100000000000000JOR,2018,M11,5.2
JTS100000000000000JOR,2018,M10,5.0
JTS100000000000000JOR,2018,M09,5.1
JTS100000000000000JOR,2018,M08,4.9
JTS100000000000000JOR,2018,M07,4.9
JTS100000000000000JOR,2018,M06,4.9
JTS100000000000000JOR,2018,M05,4.8
JTS100000000000000JOR,2018,M04,4.8
JTS100000000000000JOR,2018,M03,4.7
JTS100000000000000JOR,2018,M02,4.5
JTS100000000000000JOR,2018,M01,4.6
JTS100000000000000JOR,2017,M12,4.4
JTS100000000000000JOR,2017,M11,4.4
JTS100000000000000JOR,2017,M10,4.5
JTS100000000000000JOR,2017,M09,4.4
JTS100000000000000JOR,2017,M08,4.4
JTS100000000000000JOR,2017,M07,4.4
JTS100000000000000JOR,2017,M06,4.4
JTS100000000000000JOR,2017,M05,4.1
JTS100000000000000JOR,2017,M04,4.3
JTS100000000000000JOR,2017,M03,4.1
JTS100000000000000JOR,2017,M02,4.2
JTS100000000000000JOR,2017,M01,4.0
JTS100000000000000HIR,2026,M08,3.6
JTS100000000000000HIR,2026,M07,3.6
JTS100000000000000HIR,2026,M06,3.7
JTS100000000000000HIR,2026,M05,3.6
JTS100000000000000HIR,2026,M04,3.6
JTS100000000000000HIR,2026,M03,3.9
JTS100000000000000HIR,2026,M02,3.4
JTS100000000000000HIR,2026,M01,3.7
JTS100000000000000HIR,2025,M12,3.7
JTS100000000000000HIR,2025,M11,3.5
JTS100000000000000HIR,2025,M10,3.6
JTS100000000000000HIR,2025,M09,3.6
JTS100000000000000HIR,2025,M08,3.6
JTS100000000000000HIR,2025,M07,3.6
JTS100000000000000HIR,2025,M06,3.7
JTS100000000000000HIR,2025,M05,3.7
JTS100000000000000HIR,2025,M04,3.7
JTS100000000000000HIR,2025,M03,3.7
JTS100000000000000HIR,2025,M02,3.6
JTS100000000000000HIR,2025,M01,3.6
JTS100000000000000HIR,2024,M12,3.7
JTS100000000000000HIR,2024,M11,3.6
JTS100000000000000HIR,2024,M10,3.6
JTS100000000000000HIR,2024,M09,3.8
JTS100000000000000HIR,2024,M08,3.6
JTS100000000000000HIR,2024,M07,3.7
JTS100000000000000HIR,2024,M06,3.6
JTS100000000000000HIR,2024,M05,3.8
JTS100000000000000HIR,2024,M04,3.8
JTS100000000000000HIR,2024,M03,3.8
JTS100000000000000HIR,2024,M02,3.9
JTS100000000000000HIR,2024,M01,3.9
JTS100000000000000HIR,2023,M12,3.9
JTS100000000000000HIR,2023,M11,3.9
JTS100000000000000HIR,2023,M10,4.0
JTS100000000000000HIR,2023,M09,4.0
JTS100000000000000HIR,2023,M08,4.1
JTS100000000000000HIR,2023,M07,4.0
JTS100000000000000HIR,2023,M06,4.2
JTS100000000000000HIR,2023,M05,4.3
JTS100000000000000HIR,2023,M04,4.1
JTS100000000000000HIR,2023,M03,4.2
JTS100000000000000HIR,2023,M02,4.2
JTS100000000000000HIR,2023,M01,4.5
JTS100000000000000HIR,2022,M12,4.4
JTS100000000000000HIR,2022,M11,4.4
JTS100000000000000HIR,2022,M10,4.4
JTS100000000000000HIR,2022,M09,4.4
JTS100000000000000HIR,2022,M08,4.6
JTS100000000000000HIR,2022,M07,4.6
JTS100000000000000HIR,2022,M06,4.7
JTS100000000000000HIR,2022,M05,4.7
JTS100000000000000HIR,2022,M04,4.7
JTS100000000000000HIR,2022,M03,4.8
JTS100000000000000HIR,2022,M02,5.0
JTS100000000000000HIR,2022,M01,4.7
JTS100000000000000HIR,2021,M12,4.9
JTS100000000000000HIR,2021,M11,5.1
JTS100000000000000HIR,2021,M10,5.0
JTS100000000000000HIR,2021,M09,5.0
JTS100000000000000HIR,2021,M08,4.8
JTS100000000000000HIR,2021,M07,5.1
JTS100000000000000HIR,2021,M06,5.0
JTS100000000000000HIR,2021,M05,4.6
JTS100000000000000HIR,2021,M04,4.7
JTS100000000000000HIR,2021,M03,4.7
JTS100000000000000HIR,2021,M02,4.5
JTS100000000000000HIR,2021,M01,4.3
JTS100000000000000HIR,2020,M12,4.3
JTS100000000000000HIR,2020,M11,4.6
JTS100000000000000HIR,2020,M10,4.8
JTS100000000000000HIR,2020,M09,4.7
JTS100000000000000HIR,2020,M08,4.6
JTS100000000000000HIR,2020,M07,5.1
JTS100000000000000HIR,2020,M06,6.2
JTS100000000000000HIR,2020,M05,7.1
JTS100000000000000HIR,2020,M04,3.5
JTS100000000000000HIR,2020,M03,3.7
JTS100000000000000HIR,2020,M02,4.3
JTS100000000000000HIR,2020,M01,4.3
JTS100000000000000HIR,2019,M12,4.3
JTS100000000000000HIR,2019,M11,4.2
JTS100000000000000HIR,2019,M10,4.2
JTS100000000000000HIR,2019,M09,4.3
JTS100000000000000HIR,2019,M08,4.3
JTS100000000000000HIR,2019,M07,4.3
JTS100000000000000HIR,2019,M06,4.2
JTS100000000000000HIR,2019,M05,4.2
JTS100000000000000HIR,2019,M04,4.4
JTS100000000000000HIR,2019,M03,4.2
JTS100000000000000HIR,2019,M02,4.2
JTS100000000000000HIR,2019,M01,4.2
JTS100000000000000HIR,2018,M12,4.2
JTS100000000000000HIR,2018,M11,4.3
JTS100000000000000HIR,2018,M10,4.4
JTS100000000000000HIR,2018,M09,4.2
JTS100000000000000HIR,2018,M08,4.3
JTS100000000000000HIR,2018,M07,4.2
JTS100000000000000HIR,2018,M06,4.2
JTS100000000000000HIR,2018,M05,4.4
JTS100000000000000HIR,2018,M04,4.2
JTS100000000000000HIR,2018,M03,4.2
JTS100000000000000HIR,2018,M02,4.2
JTS100000000000000HIR,2018,M01,4.1
JTS100000000000000HIR,2017,M12,4.0
JTS100000000000000HIR,2017,M11,4.1
JTS100000000000000HIR,2017,M10,4.2
JTS100000000000000HIR,2017,M09,4.1
JTS100000000000000HIR,2017,M08,4.2
JTS100000000000000HIR,2017,M07,4.1
JTS100000000000000HIR,2017,M06,4.3
JTS100000000000000HIR,2017,M05,4.1
JTS100000000000000HIR,2017,M04,4.0
JTS100000000000000HIR,2017,M03,4.1
JTS100000000000000HIR,2017,M02,4.1
JTS100000000000000HIR,2017,M01,4.2
JTS100000000000000QUR,2026,M08,2.1
JTS100000000000000QUR,2026,M07,2.1
JTS100000000000000QUR,2026,M06,2.2
JTS100000000000000QUR,2026,M05,2.2
JTS100000000000000QUR,2026,M04,2.1
JTS100000000000000QUR,2026,M03,2.2
JTS100000000000000QUR,2026,M02,2.1
JTS100000000000000QUR,2026,M01,2.2
JTS100000000000000QUR,2025,M12,2.3
JTS100000000000000QUR,2025,M11,2.2
JTS100000000000000QUR,2025,M10,2.1
JTS100000000000000QUR,2025,M09,2.0
JTS100000000000000QUR,2025,M08,2.2
JTS100000000000000QUR,2025,M07,2.2
JTS100000000000000QUR,2025,M06,2.3
JTS100000000000000QUR,2025,M05,2.3
JTS100000000000000QUR,2025,M04,2.2
JTS100000000000000QUR,2025,M03,2.4
JTS100000000000000QUR,2025,M02,2.2
JTS100000000000000QUR,2025,M01,2.2
JTS100000000000000QUR,2024,M12,2.1
JTS100000000000000QUR,2024,M11,2.1
JTS100000000000000QUR,2024,M10,2.3
JTS100000000000000QUR,2024,M09,2.2
JTS100000000000000QUR,2024,M08,2.3
JTS100000000000000QUR,2024,M07,2.4
JTS100000000000000QUR,2024,M06,2.3
JTS100000000000000QUR,2024,M05,2.4
JTS100000000000000QUR,2024,M04,2.4
JTS100000000000000QUR,2024,M03,2.3
JTS100000000000000QUR,2024,M02,2.5
JTS100000000000000QUR,2024,M01,2.4
JTS100000000000000QUR,2023,M12,2.4
JTS100000000000000QUR,2023,M11,2.5
JTS100000000000000QUR,2023,M10,2.5
JTS100000000000000QUR,2023,M09,2.6
JTS100000000000000QUR,2023,M08,2.6
JTS100000000000000QUR,2023,M07,2.5
JTS100000000000000QUR,2023,M06,2.6
JTS100000000000000QUR,2023,M05,2.9
JTS100000000000000QUR,2023,M04,2.6
JTS100000000000000QUR,2023,M03,2.7
JTS100000000000000QUR,2023,M02,2.8
JTS100000000000000QUR,2023,M01,2.8
JTS100000000000000QUR,2022,M12,3.0
JTS100000000000000QUR,2022,M11,2.9
JTS100000000000000QUR,2022,M10,2.8
JTS100000000000000QUR,2022,M09,3.0
JTS100000000000000QUR,2022,M08,3.1
JTS100000000000000QUR,2022,M07,3.0
JTS100000000000000QUR,2022,M06,3.0
JTS100000000000000QUR,2022,M05,3.1
JTS100000000000000QUR,2022,M04,3.3
JTS100000000000000QUR,2022,M03,3.2
JTS100000000000000QUR,2022,M02,3.1
JTS100000000000000QUR,2022,M01,3.3
JTS100000000000000QUR,2021,M12,3.2
JTS100000000000000QUR,2021,M11,3.3
JTS100000000000000QUR,2021,M10,3.1
JTS100000000000000QUR,2021,M09,3.3
JTS100000000000000QUR,2021,M08,3.2
JTS100000000000000QUR,2021,M07,3.1
JTS100000000000000QUR,2021,M06,3.1
JTS100000000000000QUR,2021,M05,3.0
JTS100000000000000QUR,2021,M04,3.1
JTS100000000000000QUR,2021,M03,2.8
JTS100000000000000QUR,2021,M02,2.6
JTS100000000000000QUR,2021,M01,2.6
JTS100000000000000QUR,2020,M12,2.6
JTS100000000000000QUR,2020,M11,2.5
JTS100000000000000QUR,2020,M10,2.6
JTS100000000000000QUR,2020,M09,2.5
JTS100000000000000QUR,2020,M08,2.3
JTS100000000000000QUR,2020,M07,2.4
JTS100000000000000QUR,2020,M06,2.1
JTS100000000000000QUR,2020,M05,1.9
JTS100000000000000QUR,2020,M04,1.7
JTS100000000000000QUR,2020,M03,2.1
JTS100000000000000QUR,2020,M02,2.6
JTS100000000000000QUR,2020,M01,2.6
JTS100000000000000QUR,2019,M12,2.5
JTS100000000000000QUR,2019,M11,2.6
JTS100000000000000QUR,2019,M10,2.5
JTS100000000000000QUR,2019,M09,2.5
JTS100000000000000QUR,2019,M08,2.6
JTS100000000000000QUR,2019,M07,2.7
JTS100000000000000QUR,2019,M06,2.6
JTS100000000000000QUR,2019,M05,2.5
JTS100000000000000QUR,2019,M04,2.6
JTS100000000000000QUR,2019,M03,2.6
JTS100000000000000QUR,2019,M02,2.6
JTS100000000000000QUR,2019,M01,2.6
JTS100000000000000QUR,2018,M12,2.5
JTS100000000000000QUR,2018,M11,2.6
JTS100000000000000QUR,2018,M10,2.6
JTS100000000000000QUR,2018,M09,2.5
JTS100000000000000QUR,2018,M08,2.6
JTS100000000000000QUR,2018,M07,2.6
JTS100000000000000QUR,2018,M06,2.5
JTS100000000000000QUR,2018,M05,2.5
JTS100000000000000QUR,2018,M04,2.5
JTS100000000000000QUR,2018,M03,2.5
JTS100000000000000QUR,2018,M02,2.4
JTS100000000000000QUR,2018,M01,2.3
JTS100000000000000QUR,2017,M12,2.4
JTS100000000000000QUR,2017,M11,2.4
JTS100000000000000QUR,2017,M10,2.4
JTS100000000000000QUR,2017,M09,2.4
JTS100000000000000QUR,2017,M08,2.4
JTS100000000000000QUR,2017,M07,2.4
JTS100000000000000QUR,2017,M06,2.4
JTS100000000000000QUR,2017,M05,2.4
JTS100000000000000QUR,2017,M04,2.3
JTS100000000000000QUR,2017,M03,2.4
JTS100000000000000QUR,2017,M02,2.4
JTS100000000000000QUR,2017,M01,2.4
JTS100000000000000LDR,2026,M08,1.2
JTS100000000000000LDR,2026,M07,1.2
JTS100000000000000LDR,2026,M06,1.3
JTS100000000000000LDR,2026,M05,1.2
JTS100000000000000LDR,2026,M04,1.2
JTS100000000000000LDR,2026,M03,1.3
JTS100000000000000LDR,2026,M02,1.2
JTS100000000000000LDR,2026,M01,1.2
JTS100000000000000LDR,2025,M12,1.2
JTS100000000000000LDR,2025,M11,1.2
JTS100000000000000LDR,2025,M10,1.3
JTS100000000000000LDR,2025,M09,1.3
JTS100000000000000LDR,2025,M08,1.3
JTS100000000000000LDR,2025,M07,1.3
JTS100000000000000LDR,2025,M06,1.3
JTS100000000000000LDR,2025,M05,1.2
JTS100000000000000LDR,2025,M04,1.3
JTS100000000000000LDR,2025,M03,1.1
JTS100000000000000LDR,2025,M02,1.3
JTS100000000000000LDR,2025,M01,1.2
JTS100000000000000LDR,2024,M12,1.2
JTS100000000000000LDR,2024,M11,1.3
JTS100000000000000LDR,2024,M10,1.2
JTS100000000000000LDR,2024,M09,1.3
JTS100000000000000LDR,2024,M08,1.2
JTS100000000000000LDR,2024,M07,1.2
JTS100000000000000LDR,2024,M06,1.1
JTS100000000000000LDR,2024,M05,1.2
JTS100000000000000LDR,2024,M04,1.1
JTS100000000000000LDR,2024,M03,1.2
JTS100000000000000LDR,2024,M02,1.2
JTS100000000000000LDR,2024,M01,1.2
JTS100000000000000LDR,2023,M12,1.2
JTS100000000000000LDR,2023,M11,1.1
JTS100000000000000LDR,2023,M10,1.2
JTS100000000000000LDR,2023,M09,1.1
JTS100000000000000LDR,2023,M08,1.2
JTS100000000000000LDR,2023,M07,1.2
JTS100000000000000LDR,2023,M06,1.2
JTS100000000000000LDR,2023,M05,1.1
JTS100000000000000LDR,2023,M04,1.2
JTS100000000000000LDR,2023,M03,1.4
JTS100000000000000LDR,2023,M02,1.1
JTS100000000000000LDR,2023,M01,1.3
JTS100000000000000LDR,2022,M12,1.1
JTS100000000000000LDR,2022,M11,1.1
JTS100000000000000LDR,2022,M10,1.1
JTS100000000000000LDR,2022,M09,1.0
JTS100000000000000LDR,2022,M08,1.2
JTS100000000000000LDR,2022,M07,1.1
JTS100000000000000LDR,2022,M06,1.1
JTS100000000000000LDR,2022,M05,1.1
JTS100000000000000LDR,2022,M04,1.0
JTS100000000000000LDR,2022,M03,1.0
JTS100000000000000LDR,2022,M02,1.0
JTS100000000000000LDR,2022,M01,1.0
JTS100000000000000LDR,2021,M12,1.0
JTS100000000000000LDR,2021,M11,1.0
JTS100000000000000LDR,2021,M10,1.0
JTS100000000000000LDR,2021,M09,1.1
JTS100000000000000LDR,2021,M08,1.0
JTS100000000000000LDR,2021,M07,1.1
JTS100000000000000LDR,2021,M06,1.0
JTS100000000000000LDR,2021,M05,1.0
JTS100000000000000LDR,2021,M04,1.1
JTS100000000000000LDR,2021,M03,1.2
JTS100000000000000LDR,2021,M02,1.3
JTS100000000000000LDR,2021,M01,1.2
JTS100000000000000LDR,2020,M12,1.5
JTS100000000000000LDR,2020,M11,1.6
JTS100000000000000LDR,2020,M10,1.2
JTS100000000000000LDR,2020,M09,1.2
JTS100000000000000LDR,2020,M08,1.2
JTS100000000000000LDR,2020,M07,1.5
JTS100000000000000LDR,2020,M06,1.8
JTS100000000000000LDR,2020,M05,1.8
JTS100000000000000LDR,2020,M04,8.2
JTS100000000000000LDR,2020,M03,10.0
JTS100000000000000LDR,2020,M02,1.4
JTS100000000000000LDR,2020,M01,1.3
JTS100000000000000LDR,2019,M12,1.4
JTS100000000000000LDR,2019,M11,1.3
JTS100000000000000LDR,2019,M10,1.3
JTS100000000000000LDR,2019,M09,1.5
JTS100000000000000LDR,2019,M08,1.3
JTS100000000000000LDR,2019,M07,1.3
JTS100000000000000LDR,2019,M06,1.3
JTS100000000000000LDR,2019,M05,1.3
JTS100000000000000LDR,2019,M04,1.5
JTS100000000000000LDR,2019,M03,1.2
JTS100000000000000LDR,2019,M02,1.3
JTS100000000000000LDR,2019,M01,1.2
JTS100000000000000LDR,2018,M12,1.4
JTS100000000000000LDR,2018,M11,1.4
JTS100000000000000LDR,2018,M10,1.3
JTS100000000000000LDR,2018,M09,1.3
JTS100000000000000LDR,2018,M08,1.3
JTS100000000000000LDR,2018,M07,1.3
JTS100000000000000LDR,2018,M06,1.4
JTS100000000000000LDR,2018,M05,1.3
JTS100000000000000LDR,2018,M04,1.3
JTS100000000000000LDR,2018,M03,1.3
JTS100000000000000LDR,2018,M02,1.3
JTS100000000000000LDR,2018,M01,1.5
JTS100000000000000LDR,2017,M12,1.3
JTS100000000000000LDR,2017,M11,1.3
JTS100000000000000LDR,2017,M10,1.4
JTS100000000000000LDR,2017,M09,1.4
JTS100000000000000LDR,2017,M08,1.4
JTS100000000000000LDR,2017,M07,1.4
JTS100000000000000LDR,2017,M06,1.5
JTS100000000000000LDR,2017,M05,1.3
JTS100000000000000LDR,2017,M04,1.3
JTS100000000000000LDR,2017,M03,1.4
JTS100000000000000LDR,2017,M02,1.3
JTS100000000000000LDR,2017,M01,1.3
JTS110099000000000JOR,2026,M08,4.0
JTS110099000000000JOR,2026,M07,3.8
JTS110099000000000JOR,2026,M06,3.6
JTS110099000000000JOR,2026,M05,4.6
JTS110099000000000JOR,2026,M04,4.2
JTS110099000000000JOR,2026,M03,3.3
JTS110099000000000JOR,2026,M02,2.7
JTS110099000000000JOR,2026,M01,4.6
JTS110099000000000JOR,2025,M12,3.4
JTS110099000000000JOR,2025,M11,2.9
JTS110099000000000JOR,2025,M10,3.1
JTS110099000000000JOR,2025,M09,3.5
JTS110099000000000JOR,2025,M08,3.4
JTS110099000000000JOR,2025,M07,1.9
JTS110099000000000JOR,2025,M06,3.9
JTS110099000000000JOR,2025,M05,3.1
JTS110099000000000JOR,2025,M04,3.6
JTS110099000000000JOR,2025,M03,1.9
JTS110099000000000JOR,2025,M02,3.0
JTS110099000000000JOR,2025,M01,2.7
JTS110099000000000JOR,2024,M12,3.3
JTS110099000000000JOR,2024,M11,3.4
JTS110099000000000JOR,2024,M10,3.8
JTS110099000000000JOR,2024,M09,3.4
JTS110099000000000JOR,2024,M08,3.6
JTS110099000000000JOR,2024,M07,3.7
JTS110099000000000JOR,2024,M06,2.4
JTS110099000000000JOR,2024,M05,3.9
JTS110099000000000JOR,2024,M04,2.8
JTS110099000000000JOR,2024,M03,4.9
JTS110099000000000JOR,2024,M02,4.4
JTS110099000000000JOR,2024,M01,3.9
JTS110099000000000JOR,2023,M12,4.8
JTS110099000000000JOR,2023,M11,4.5
JTS110099000000000JOR,2023,M10,3.5
JTS110099000000000JOR,2023,M09,4.0
JTS110099000000000JOR,2023,M08,3.9
JTS110099000000000JOR,2023,M07,4.1
JTS110099000000000JOR,2023,M06,4.3
JTS110099000000000JOR,2023,M05,4.8
JTS110099000000000JOR,2023,M04,5.2
JTS110099000000000JOR,2023,M03,4.7
JTS110099000000000JOR,2023,M02,5.2
JTS110099000000000JOR,2023,M01,5.5
JTS110099000000000JOR,2022,M12,5.1
JTS110099000000000JOR,2022,M11,6.0
JTS110099000000000JOR,2022,M10,6.9
JTS110099000000000JOR,2022,M09,5.2
JTS110099000000000JOR,2022,M08,3.6
JTS110099000000000JOR,2022,M07,5.6
JTS110099000000000JOR,2022,M06,6.1
JTS110099000000000JOR,2022,M05,5.6
JTS110099000000000JOR,2022,M04,6.2
JTS110099000000000JOR,2022,M03,6.4
JTS110099000000000JOR,2022,M02,5.3
JTS110099000000000JOR,2022,M01,6.4
JTS110099000000000JOR,2021,M12,6.0
JTS110099000000000JOR,2021,M11,5.0
JTS110099000000000JOR,2021,M10,5.3
JTS110099000000000JOR,2021,M09,5.3
JTS110099000000000JOR,2021,M08,5.4
JTS110099000000000JOR,2021,M07,5.5
JTS110099000000000JOR,2021,M06,3.7
JTS110099000000000JOR,2021,M05,4.3
JTS110099000000000JOR,2021,M04,3.5
JTS110099000000000JOR,2021,M03,4.2
JTS110099000000000JOR,2021,M02,3.2
JTS110099000000000JOR,2021,M01,3.3
JTS110099000000000JOR,2020,M12,3.0
JTS110099000000000JOR,2020,M11,2.2
JTS110099000000000JOR,2020,M10,2.7
JTS110099000000000JOR,2020,M09,2.5
JTS110099000000000JOR,2020,M08,1.7
JTS110099000000000JOR,2020,M07,1.7
JTS110099000000000JOR,2020,M06,2.7
JTS110099000000000JOR,2020,M05,1.9
JTS110099000000000JOR,2020,M04,1.4
JTS110099000000000JOR,2020,M03,1.6
JTS110099000000000JOR,2020,M02,3.6
JTS110099000000000JOR,2020,M01,2.3
JTS110099000000000JOR,2019,M12,2.1
JTS110099000000000JOR,2019,M11,2.7
JTS110099000000000JOR,2019,M10,2.9
JTS110099000000000JOR,2019,M09,3.7
JTS110099000000000JOR,2019,M08,4.0
JTS110099000000000JOR,2019,M07,4.6
JTS110099000000000JOR,2019,M06,3.6
JTS110099000000000JOR,2019,M05,3.5
JTS110099000000000JOR,2019,M04,3.6
JTS110099000000000JOR,2019,M03,4.0
JTS110099000000000JOR,2019,M02,4.0
JTS110099000000000JOR,2019,M01,4.3
JTS110099000000000JOR,2018,M12,3.4
JTS110099000000000JOR,2018,M11,4.0
JTS110099000000000JOR,2018,M10,4.3
JTS110099000000000JOR,2018,M09,3.9
JTS110099000000000JOR,2018,M08,4.0
JTS110099000000000JOR,2018,M07,3.6
JTS110099000000000JOR,2018,M06,3.7
JTS110099000000000JOR,2018,M05,3.8
JTS110099000000000JOR,2018,M04,4.6
JTS110099000000000JOR,2018,M03,3.7
JTS110099000000000JOR,2018,M02,3.9
JTS110099000000000JOR,2018,M01,3.7
JTS110099000000000JOR,2017,M12,3.2
JTS110099000000000JOR,2017,M11,3.8
JTS110099000000000JOR,2017,M10,4.0
JTS110099000000000JOR,2017,M09,3.6
JTS110099000000000JOR,2017,M08,4.1
JTS110099000000000JOR,2017,M07,4.1
JTS110099000000000JOR,2017,M06,3.9
JTS110099000000000JOR,2017,M05,3.7
JTS110099000000000JOR,2017,M04,4.3
JTS110099000000000JOR,2017,M03,2.8
JTS110099000000000JOR,2017,M02,3.8
JTS110099000000000JOR,2017,M01,4.1
JTS110099000000000HIR,2026,M08,3.9
JTS110099000000000HIR,2026,M07,3.5
JTS110099000000000HIR,2026,M06,3.5
JTS110099000000000HIR,2026,M05,4.0
JTS110099000000000HIR,2026,M04,3.8
JTS110099000000000HIR,2026,M03,3.4
JTS110099000000000HIR,2026,M02,3.2
JTS110099000000000HIR,2026,M01,2.4
JTS110099000000000HIR,2025,M12,3.3
JTS110099000000000HIR,2025,M11,2.8
JTS110099000000000HIR,2025,M10,3.0
JTS110099000000000HIR,2025,M09,2.9
JTS110099000000000HIR,2025,M08,3.4
JTS110099000000000HIR,2025,M07,2.7
JTS110099000000000HIR,2025,M06,3.4
JTS110099000000000HIR,2025,M05,2.9
JTS110099000000000HIR,2025,M04,3.9
JTS110099000000000HIR,2025,M03,2.9
JTS110099000000000HIR,2025,M02,3.2
JTS110099000000000HIR,2025,M01,3.1
JTS110099000000000HIR,2024,M12,3.4
JTS110099000000000HIR,2024,M11,3.4
JTS110099000000000HIR,2024,M10,2.9
JTS110099000000000HIR,2024,M09,3.4
JTS110099000000000HIR,2024,M08,2.9
JTS110099000000000HIR,2024,M07,3.0
JTS110099000000000HIR,2024,M06,2.8
JTS110099000000000HIR,2024,M05,3.0
JTS110099000000000HIR,2024,M04,2.2
JTS110099000000000HIR,2024,M03,3.1
JTS110099000000000HIR,2024,M02,3.3
JTS110099000000000HIR,2024,M01,3.3
JTS110099000000000HIR,2023,M12,2.7
JTS110099000000000HIR,2023,M11,2.9
JTS110099000000000HIR,2023,M10,3.3
JTS110099000000000HIR,2023,M09,3.5
JTS110099000000000HIR,2023,M08,4.0
JTS110099000000000HIR,2023,M07,4.1
JTS110099000000000HIR,2023,M06,4.1
JTS110099000000000HIR,2023,M05,4.5
JTS110099000000000HIR,2023,M04,3.8
JTS110099000000000HIR,2023,M03,3.6
JTS110099000000000HIR,2023,M02,4.3
JTS110099000000000HIR,2023,M01,4.4
JTS110099000000000HIR,2022,M12,3.6
JTS110099000000000HIR,2022,M11,3.6
JTS110099000000000HIR,2022,M10,3.6
JTS110099000000000HIR,2022,M09,3.8
JTS110099000000000HIR,2022,M08,2.8
JTS110099000000000HIR,2022,M07,4.0
JTS110099000000000HIR,2022,M06,4.4
JTS110099000000000HIR,2022,M05,4.2
JTS110099000000000HIR,2022,M04,4.3
JTS110099000000000HIR,2022,M03,4.1
JTS110099000000000HIR,2022,M02,3.3
JTS110099000000000HIR,2022,M01,3.7
JTS110099000000000HIR,2021,M12,3.8
JTS110099000000000HIR,2021,M11,3.3
JTS110099000000000HIR,2021,M10,3.8
JTS110099000000000HIR,2021,M09,2.7
JTS110099000000000HIR,2021,M08,3.6
JTS110099000000000HIR,2021,M07,3.3
JTS110099000000000HIR,2021,M06,3.3
JTS110099000000000HIR,2021,M05,3.5
JTS110099000000000HIR,2021,M04,3.8
JTS110099000000000HIR,2021,M03,4.8
JTS110099000000000HIR,2021,M02,2.3
JTS110099000000000HIR,2021,M01,2.4
JTS110099000000000HIR,2020,M12,3.9
JTS110099000000000HIR,2020,M11,3.1
JTS110099000000000HIR,2020,M10,2.8
JTS110099000000000HIR,2020,M09,3.2
JTS110099000000000HIR,2020,M08,2.4
JTS110099000000000HIR,2020,M07,3.2
JTS110099000000000HIR,2020,M06,1.4
JTS110099000000000HIR,2020,M05,2.6
JTS110099000000000HIR,2020,M04,2.3
JTS110099000000000HIR,2020,M03,2.7
JTS110099000000000HIR,2020,M02,3.6
JTS110099000000000HIR,2020,M01,1.7
JTS110099000000000HIR,2019,M12,3.0
JTS110099000000000HIR,2019,M11,2.7
JTS110099000000000HIR,2019,M10,3.6
JTS110099000000000HIR,2019,M09,3.0
JTS110099000000000HIR,2019,M08,2.9
JTS110099000000000HIR,2019,M07,3.0
JTS110099000000000HIR,2019,M06,2.9
JTS110099000000000HIR,2019,M05,3.5
JTS110099000000000HIR,2019,M04,3.7
JTS110099000000000HIR,2019,M03,4.5
JTS110099000000000HIR,2019,M02,4.4
JTS110099000000000HIR,2019,M01,4.5
JTS110099000000000HIR,2018,M12,5.4
JTS110099000000000HIR,2018,M11,3.9
JTS110099000000000HIR,2018,M10,4.4
JTS110099000000000HIR,2018,M09,5.2
JTS110099000000000HIR,2018,M08,6.1
JTS110099000000000HIR,2018,M07,5.1
JTS110099000000000HIR,2018,M06,5.8
JTS110099000000000HIR,2018,M05,5.7
JTS110099000000000HIR,2018,M04,5.4
JTS110099000000000HIR,2018,M03,4.9
JTS110099000000000HIR,2018,M02,4.8
JTS110099000000000HIR,2018,M01,4.7
JTS110099000000000HIR,2017,M12,4.4
JTS110099000000000HIR,2017,M11,5.0
JTS110099000000000HIR,2017,M10,4.6
JTS110099000000000HIR,2017,M09,4.1
JTS110099000000000HIR,2017,M08,4.4
JTS110099000000000HIR,2017,M07,4.9
JTS110099000000000HIR,2017,M06,4.5
JTS110099000000000HIR,2017,M05,5.6
JTS110099000000000HIR,2017,M04,4.3
JTS110099000000000HIR,2017,M03,4.0
JTS110099000000000HIR,2017,M02,5.1
JTS110099000000000HIR,2017,M01,4.4
JTS110099000000000QUR,2026,M08,2.3
JTS110099000000000QUR,2026,M07,2.6
JTS110099000000000QUR,2026,M06,2.2
JTS110099000000000QUR,2026,M05,2.2
JTS110099000000000QUR,2026,M04,1.9
JTS110099000000000QUR,2026,M03,2.1
JTS110099000000000QUR,2026,M02,2.1
JTS110099000000000QUR,2026,M01,2.1
JTS110099000000000QUR,2025,M12,2.7
JTS110099000000000QUR,2025,M11,2.3
JTS110099000000000QUR,2025,M10,2.0
JTS110099000000000QUR,2025,M09,1.9
JTS110099000000000QUR,2025,M08,2.1
JTS110099000000000QUR,2025,M07,2.3
JTS110099000000000QUR,2025,M06,2.1
JTS110099000000000QUR,2025,M05,2.1
JTS110099000000000QUR,2025,M04,2.0
JTS110099000000000QUR,2025,M03,2.5
JTS110099000000000QUR,2025,M02,1.9
JTS110099000000000QUR,2025,M01,1.8
JTS110099000000000QUR,2024,M12,1.4
JTS110099000000000QUR,2024,M11,1.7
JTS110099000000000QUR,2024,M10,1.8
JTS110099000000000QUR,2024,M09,1.8
JTS110099000000000QUR,2024,M08,1.4
JTS110099000000000QUR,2024,M07,1.6
JTS110099000000000QUR,2024,M06,1.8
JTS110099000000000QUR,2024,M05,2.2
JTS110099000000000QUR,2024,M04,2.1
JTS110099000000000QUR,2024,M03,1.7
JTS110099000000000QUR,2024,M02,2.1
JTS110099000000000QUR,2024,M01,2.4
JTS110099000000000QUR,2023,M12,1.7
JTS110099000000000QUR,2023,M11,2.2
JTS110099000000000QUR,2023,M10,2.3
JTS110099000000000QUR,2023,M09,2.2
JTS110099000000000QUR,2023,M08,2.6
JTS110099000000000QUR,2023,M07,2.3
JTS110099000000000QUR,2023,M06,2.6
JTS110099000000000QUR,2023,M05,2.3
JTS110099000000000QUR,2023,M04,1.7
JTS110099000000000QUR,2023,M03,2.5
JTS110099000000000QUR,2023,M02,2.8
JTS110099000000000QUR,2023,M01,2.3
JTS110099000000000QUR,2022,M12,2.5
JTS110099000000000QUR,2022,M11,1.8
JTS110099000000000QUR,2022,M10,2.1
JTS110099000000000QUR,2022,M09,2.1
JTS110099000000000QUR,2022,M08,2.2
JTS110099000000000QUR,2022,M07,1.9
JTS110099000000000QUR,2022,M06,2.2
JTS110099000000000QUR,2022,M05,2.5
JTS110099000000000QUR,2022,M04,2.2
JTS110099000000000QUR,2022,M03,2.3
JTS110099000000000QUR,2022,M02,1.9
JTS110099000000000QUR,2022,M01,2.0
JTS110099000000000QUR,2021,M12,2.3
JTS110099000000000QUR,2021,M11,1.9
JTS110099000000000QUR,2021,M10,2.0
JTS110099000000000QUR,2021,M09,1.7
JTS110099000000000QUR,2021,M08,1.8
JTS110099000000000QUR,2021,M07,1.6
JTS110099000000000QUR,2021,M06,1.9
JTS110099000000000QUR,2021,M05,1.5
JTS110099000000000QUR,2021,M04,1.8
JTS110099000000000QUR,2021,M03,1.5
JTS110099000000000QUR,2021,M02,2.0
JTS110099000000000QUR,2021,M01,1.3
JTS110099000000000QUR,2020,M12,1.3
JTS110099000000000QUR,2020,M11,1.8
JTS110099000000000QUR,2020,M10,1.5
JTS110099000000000QUR,2020,M09,1.5
JTS110099000000000QUR,2020,M08,1.3
JTS110099000000000QUR,2020,M07,1.4
JTS110099000000000QUR,2020,M06,1.4
JTS110099000000000QUR,2020,M05,1.1
JTS110099000000000QUR,2020,M04,0.9
JTS110099000000000QUR,2020,M03,1.3
JTS110099000000000QUR,2020,M02,1.6
JTS110099000000000QUR,2020,M01,2.3
JTS110099000000000QUR,2019,M12,1.7
JTS110099000000000QUR,2019,M11,1.9
JTS110099000000000QUR,2019,M10,1.7
JTS110099000000000QUR,2019,M09,1.6
JTS110099000000000QUR,2019,M08,1.9
JTS110099000000000QUR,2019,M07,1.9
JTS110099000000000QUR,2019,M06,1.8
JTS110099000000000QUR,2019,M05,2.0
JTS110099000000000QUR,2019,M04,2.4
JTS110099000000000QUR,2019,M03,3.0
JTS110099000000000QUR,2019,M02,2.7
JTS110099000000000QUR,2019,M01,2.1
JTS110099000000000QUR,2018,M12,3.1
JTS110099000000000QUR,2018,M11,2.7
JTS110099000000000QUR,2018,M10,2.5
JTS110099000000000QUR,2018,M09,3.0
JTS110099000000000QUR,2018,M08,2.7
JTS110099000000000QUR,2018,M07,2.9
JTS110099000000000QUR,2018,M06,2.8
JTS110099000000000QUR,2018,M05,3.1
JTS110099000000000QUR,2018,M04,3.0
JTS110099000000000QUR,2018,M03,2.5
JTS110099000000000QUR,2018,M02,2.9
JTS110099000000000QUR,2018,M01,2.8
JTS110099000000000QUR,2017,M12,2.6
JTS110099000000000QUR,2017,M11,2.1
JTS110099000000000QUR,2017,M10,2.7
JTS110099000000000QUR,2017,M09,2.5
JTS110099000000000QUR,2017,M08,1.9
JTS110099000000000QUR,2017,M07,2.5
JTS110099000000000QUR,2017,M06,2.2
JTS110099000000000QUR,2017,M05,2.1
JTS110099000000000QUR,2017,M04,1.3
JTS110099000000000QUR,2017,M03,1.8
JTS110099000000000QUR,2017,M02,2.0
JTS110099000000000QUR,2017,M01,1.9
JTS110099000000000LDR,2026,M08,1.0
JTS110099000000000LDR,2026,M07,1.0
JTS110099000000000LDR,2026,M06,1.5
JTS110099000000000LDR,2026,M05,1.0
JTS110099000000000LDR,2026,M04,0.8
JTS110099000000000LDR,2026,M03,0.9
JTS110099000000000LDR,2026,M02,0.6
JTS110099000000000LDR,2026,M01,0.7
JTS110099000000000LDR,2025,M12,1.0
JTS110099000000000LDR,2025,M11,0.7
JTS110099000000000LDR,2025,M10,0.7
JTS110099000000000LDR,2025,M09,1.1
JTS110099000000000LDR,2025,M08,1.5
JTS110099000000000LDR,2025,M07,1.0
JTS110099000000000LDR,2025,M06,1.4
JTS110099000000000LDR,2025,M05,1.0
JTS110099000000000LDR,2025,M04,1.1
JTS110099000000000LDR,2025,M03,1.2
JTS110099000000000LDR,2025,M02,1.0
JTS110099000000000LDR,2025,M01,0.9
JTS110099000000000LDR,2024,M12,2.0
JTS110099000000000LDR,2024,M11,1.2
JTS110099000000000LDR,2024,M10,1.2
JTS110099000000000LDR,2024,M09,0.8
JTS110099000000000LDR,2024,M08,1.0
JTS110099000000000LDR,2024,M07,0.9
JTS110099000000000LDR,2024,M06,1.1
JTS110099000000000LDR,2024,M05,1.1
JTS110099000000000LDR,2024,M04,0.9
JTS110099000000000LDR,2024,M03,1.2
JTS110099000000000LDR,2024,M02,0.8
JTS110099000000000LDR,2024,M01,1.4
JTS110099000000000LDR,2023,M12,0.8
JTS110099000000000LDR,2023,M11,1.0
JTS110099000000000LDR,2023,M10,1.0
JTS110099000000000LDR,2023,M09,1.2
JTS110099000000000LDR,2023,M08,1.1
JTS110099000000000LDR,2023,M07,1.1
JTS110099000000000LDR,2023,M06,1.3
JTS110099000000000LDR,2023,M05,1.0
JTS110099000000000LDR,2023,M04,1.1
JTS110099000000000LDR,2023,M03,1.6
JTS110099000000000LDR,2023,M02,1.0
JTS110099000000000LDR,2023,M01,0.8
JTS110099000000000LDR,2022,M12,0.8
JTS110099000000000LDR,2022,M11,0.9
JTS110099000000000LDR,2022,M10,0.7
JTS110099000000000LDR,2022,M09,1.0
JTS110099000000000LDR,2022,M08,0.8
JTS110099000000000LDR,2022,M07,0.7
JTS110099000000000LDR,2022,M06,0.5
JTS110099000000000LDR,2022,M05,0.9
JTS110099000000000LDR,2022,M04,0.6
JTS110099000000000LDR,2022,M03,0.6
JTS110099000000000LDR,2022,M02,0.7
JTS110099000000000LDR,2022,M01,1.2
JTS110099000000000LDR,2021,M12,0.8
JTS110099000000000LDR,2021,M11,0.8
JTS110099000000000LDR,2021,M10,1.0
JTS110099000000000LDR,2021,M09,0.4
JTS110099000000000LDR,2021,M08,1.0
JTS110099000000000LDR,2021,M07,1.1
JTS110099000000000LDR,2021,M06,0.7
JTS110099000000000LDR,2021,M05,1.2
JTS110099000000000LDR,2021,M04,1.2
JTS110099000000000LDR,2021,M03,0.8
JTS110099000000000LDR,2021,M02,1.7
JTS110099000000000LDR,2021,M01,1.8
JTS110099000000000LDR,2020,M12,1.7
JTS110099000000000LDR,2020,M11,1.2
JTS110099000000000LDR,2020,M10,1.7
JTS110099000000000LDR,2020,M09,1.7
JTS110099000000000LDR,2020,M08,1.8
JTS110099000000000LDR,2020,M07,2.7
JTS110099000000000LDR,2020,M06,2.5
JTS110099000000000LDR,2020,M05,3.5
JTS110099000000000LDR,2020,M04,10.1
JTS110099000000000LDR,2020,M03,5.5
JTS110099000000000LDR,2020,M02,0.9
JTS110099000000000LDR,2020,M01,1.5
JTS110099000000000LDR,2019,M12,2.4
JTS110099000000000LDR,2019,M11,2.0
JTS110099000000000LDR,2019,M10,1.6
JTS110099000000000LDR,2019,M09,1.7
JTS110099000000000LDR,2019,M08,1.4
JTS110099000000000LDR,2019,M07,1.6
JTS110099000000000LDR,2019,M06,1.1
JTS110099000000000LDR,2019,M05,1.5
JTS110099000000000LDR,2019,M04,1.7
JTS110099000000000LDR,2019,M03,1.7
JTS110099000000000LDR,2019,M02,1.9
JTS110099000000000LDR,2019,M01,1.8
JTS110099000000000LDR,2018,M12,1.3
JTS110099000000000LDR,2018,M11,1.5
JTS110099000000000LDR,2018,M10,1.3
JTS110099000000000LDR,2018,M09,1.9
JTS110099000000000LDR,2018,M08,1.9
JTS110099000000000LDR,2018,M07,1.9
JTS110099000000000LDR,2018,M06,2.0
JTS110099000000000LDR,2018,M05,1.5
JTS110099000000000LDR,2018,M04,1.3
JTS110099000000000LDR,2018,M03,1.2
JTS110099000000000LDR,2018,M02,1.0
JTS110099000000000LDR,2018,M01,1.2
JTS110099000000000LDR,2017,M12,1.6
JTS110099000000000LDR,2017,M11,1.8
JTS110099000000000LDR,2017,M10,1.6
JTS110099000000000LDR,2017,M09,1.0
JTS110099000000000LDR,2017,M08,1.3
JTS110099000000000LDR,2017,M07,1.4
JTS110099000000000LDR,2017,M06,1.5
JTS110099000000000LDR,2017,M05,2.3
JTS110099000000000LDR,2017,M04,1.3
JTS110099000000000LDR,2017,M03,1.3
JTS110099000000000LDR,2017,M02,1.7
JTS110099000000000LDR,2017,M01,1.9
JTS230000000000000JOR,2026,M08,2.9
JTS230000000000000JOR,2026,M07,3.5
JTS230000000000000JOR,2026,M06,3.5
JTS230000000000000JOR,2026,M05,3.4
JTS230000000000000JOR,2026,M04,3.1
JTS230000000000000JOR,2026,M03,2.7
JTS230000000000000JOR,2026,M02,2.4
JTS230000000000000JOR,2026,M01,2.7
JTS230000000000000JOR,2025,M12,2.9
JTS230000000000000JOR,2025,M11,3.4
JTS230000000000000JOR,2025,M10,2.3
JTS230000000000000JOR,2025,M09,2.4
JTS230000000000000JOR,2025,M08,2.5
JTS230000000000000JOR,2025,M07,3.6
JTS230000000000000JOR,2025,M06,2.6
JTS230000000000000JOR,2025,M05,2.6
JTS230000000000000JOR,2025,M04,2.4
JTS230000000000000JOR,2025,M03,3.3
JTS230000000000000JOR,2025,M02,3.0
JTS230000000000000JOR,2025,M01,2.7
JTS230000000000000JOR,2024,M12,1.6
JTS230000000000000JOR,2024,M11,2.7
JTS230000000000000JOR,2024,M10,2.8
JTS230000000000000JOR,2024,M09,2.9
JTS230000000000000JOR,2024,M08,4.0
JTS230000000000000JOR,2024,M07,2.9
JTS230000000000000JOR,2024,M06,3.4
JTS230000000000000JOR,2024,M05,4.5
JTS230000000000000JOR,2024,M04,3.9
JTS230000000000000JOR,2024,M03,4.0
JTS230000000000000JOR,2024,M02,4.6
JTS230000000000000JOR,2024,M01,4.8
JTS230000000000000JOR,2023,M12,4.8
JTS230000000000000JOR,2023,M11,5.2
JTS230000000000000JOR,2023,M10,4.9
JTS230000000000000JOR,2023,M09,5.0
JTS230000000000000JOR,2023,M08,4.8
JTS230000000000000JOR,2023,M07,4.5
JTS230000000000000JOR,2023,M06,5.0
JTS230000000000000JOR,2023,M05,4.6
JTS230000000000000JOR,2023,M04,4.6
JTS230000000000000JOR,2023,M03,3.7
JTS230000000000000JOR,2023,M02,4.4
JTS230000000000000JOR,2023,M01,3.7
JTS230000000000000JOR,2022,M12,4.8
JTS230000000000000JOR,2022,M11,3.9
JTS230000000000000JOR,2022,M10,4.8
JTS230000000000000JOR,2022,M09,5.3
JTS230000000000000JOR,2022,M08,4.3
JTS230000000000000JOR,2022,M07,4.7
JTS230000000000000JOR,2022,M06,4.9
JTS230000000000000JOR,2022,M05,5.0
JTS230000000000000JOR,2022,M04,5.4
JTS230000000000000JOR,2022,M03,5.6
JTS230000000000000JOR,2022,M02,4.6
JTS230000000000000JOR,2022,M01,5.4
JTS230000000000000JOR,2021,M12,4.7
JTS230000000000000JOR,2021,M11,4.8
JTS230000000000000JOR,2021,M10,5.0
JTS230000000000000JOR,2021,M09,4.6
JTS230000000000000JOR,2021,M08,5.0
JTS230000000000000JOR,2021,M07,4.8
JTS230000000000000JOR,2021,M06,4.2
JTS230000000000000JOR,2021,M05,3.9
JTS230000000000000JOR,2021,M04,4.1
JTS230000000000000JOR,2021,M03,4.5
JTS230000000000000JOR,2021,M02,3.3
JTS230000000000000JOR,2021,M01,4.0
JTS230000000000000JOR,2020,M12,3.3
JTS230000000000000JOR,2020,M11,3.4
JTS230000000000000JOR,2020,M10,3.2
JTS230000000000000JOR,2020,M09,3.0
JTS230000000000000JOR,2020,M08,3.4
JTS230000000000000JOR,2020,M07,4.1
JTS230000000000000JOR,2020,M06,3.1
JTS230000000000000JOR,2020,M05,3.9
JTS230000000000000JOR,2020,M04,3.1
JTS230000000000000JOR,2020,M03,2.9
JTS230000000000000JOR,2020,M02,3.7
JTS230000000000000JOR,2020,M01,3.8
JTS230000000000000JOR,2019,M12,3.3
JTS230000000000000JOR,2019,M11,3.1
JTS230000000000000JOR,2019,M10,4.1
JTS230000000000000JOR,2019,M09,4.2
JTS230000000000000JOR,2019,M08,4.2
JTS230000000000000JOR,2019,M07,4.1
JTS230000000000000JOR,2019,M06,3.9
JTS230000000000000JOR,2019,M05,4.6
JTS230000000000000JOR,2019,M04,5.1
JTS230000000000000JOR,2019,M03,4.6
JTS230000000000000JOR,2019,M02,3.7
JTS230000000000000JOR,2019,M01,4.0
JTS230000000000000JOR,2018,M12,5.1
JTS230000000000000JOR,2018,M11,4.1
JTS230000000000000JOR,2018,M10,3.6
JTS230000000000000JOR,2018,M09,4.1
JTS230000000000000JOR,2018,M08,3.7
JTS230000000000000JOR,2018,M07,3.6
JTS230000000000000JOR,2018,M06,3.8
JTS230000000000000JOR,2018,M05,3.5
JTS230000000000000JOR,2018,M04,3.0
JTS230000000000000JOR,2018,M03,3.0
JTS230000000000000JOR,2018,M02,2.9
JTS230000000000000JOR,2018,M01,3.4
JTS230000000000000JOR,2017,M12,3.2
JTS230000000000000JOR,2017,M11,3.3
JTS230000000000000JOR,2017,M10,2.8
JTS230000000000000JOR,2017,M09,2.7
JTS230000000000000JOR,2017,M08,2.9
JTS230000000000000JOR,2017,M07,2.9
JTS230000000000000JOR,2017,M06,2.8
JTS230000000000000JOR,2017,M05,2.4
JTS230000000000000JOR,2017,M04,2.9
JTS230000000000000JOR,2017,M03,2.5
JTS230000000000000JOR,2017,M02,2.7
JTS230000000000000JOR,2017,M01,2.3
JTS230000000000000HIR,2026,M08,3.7
JTS230000000000000HIR,2026,M07,4.3
JTS230000000000000HIR,2026,M06,3.8
JTS230000000000000HIR,2026,M05,3.4
JTS230000000000000HIR,2026,M04,3.8
JTS230000000000000HIR,2026,M03,3.7
JTS230000000000000HIR,2026,M02,3.5
JTS230000000000000HIR,2026,M01,4.4
JTS230000000000000HIR,2025,M12,3.9
JTS230000000000000HIR,2025,M11,4.0
JTS230000000000000HIR,2025,M10,3.6
JTS230000000000000HIR,2025,M09,4.1
JTS230000000000000HIR,2025,M08,4.1
JTS230000000000000HIR,2025,M07,4.0
JTS230000000000000HIR,2025,M06,4.2
JTS230000000000000HIR,2025,M05,4.2
JTS230000000000000HIR,2025,M04,4.2
JTS230000000000000HIR,2025,M03,3.6
JTS230000000000000HIR,2025,M02,4.2
JTS230000000000000HIR,2025,M01,4.0
JTS230000000000000HIR,2024,M12,3.6
JTS230000000000000HIR,2024,M11,3.9
JTS230000000000000HIR,2024,M10,4.0
JTS230000000000000HIR,2024,M09,4.0
JTS230000000000000HIR,2024,M08,4.1
JTS230000000000000HIR,2024,M07,4.2
JTS230000000000000HIR,2024,M06,3.9
JTS230000000000000HIR,2024,M05,4.7
JTS230000000000000HIR,2024,M04,4.1
JTS230000000000000HIR,2024,M03,4.3
JTS230000000000000HIR,2024,M02,4.6
JTS230000000000000HIR,2024,M01,4.5
JTS230000000000000HIR,2023,M12,4.4
JTS230000000000000HIR,2023,M11,4.6
JTS230000000000000HIR,2023,M10,4.8
JTS230000000000000HIR,2023,M09,3.8
JTS230000000000000HIR,2023,M08,4.5
JTS230000000000000HIR,2023,M07,4.7
JTS230000000000000HIR,2023,M06,4.7
JTS230000000000000HIR,2023,M05,4.6
JTS230000000000000HIR,2023,M04,4.8
JTS230000000000000HIR,2023,M03,5.1
JTS230000000000000HIR,2023,M02,4.4
JTS230000000000000HIR,2023,M01,4.8
JTS230000000000000HIR,2022,M12,4.7
JTS230000000000000HIR,2022,M11,4.1
JTS230000000000000HIR,2022,M10,4.5
JTS230000000000000HIR,2022,M09,4.9
JTS230000000000000HIR,2022,M08,4.9
JTS230000000000000HIR,2022,M07,5.0
JTS230000000000000HIR,2022,M06,4.8
JTS230000000000000HIR,2022,M05,4.9
JTS230000000000000HIR,2022,M04,4.6
JTS230000000000000HIR,2022,M03,5.3
JTS230000000000000HIR,2022,M02,5.2
JTS230000000000000HIR,2022,M01,4.2
JTS230000000000000HIR,2021,M12,5.1
JTS230000000000000HIR,2021,M11,5.9
JTS230000000000000HIR,2021,M10,5.0
JTS230000000000000HIR,2021,M09,4.7
JTS230000000000000HIR,2021,M08,4.9
JTS230000000000000HIR,2021,M07,4.6
JTS230000000000000HIR,2021,M06,4.8
JTS230000000000000HIR,2021,M05,4.3
JTS230000000000000HIR,2021,M04,4.6
JTS230000000000000HIR,2021,M03,5.9
JTS230000000000000HIR,2021,M02,4.9
JTS230000000000000HIR,2021,M01,4.5
JTS230000000000000HIR,2020,M12,5.3
JTS230000000000000HIR,2020,M11,5.2
JTS230000000000000HIR,2020,M10,5.3
JTS230000000000000HIR,2020,M09,5.2
JTS230000000000000HIR,2020,M08,5.2
JTS230000000000000HIR,2020,M07,5.4
JTS230000000000000HIR,2020,M06,7.3
JTS230000000000000HIR,2020,M05,10.8
JTS230000000000000HIR,2020,M04,3.7
JTS230000000000000HIR,2020,M03,5.0
JTS230000000000000HIR,2020,M02,5.0
JTS230000000000000HIR,2020,M01,5.7
JTS230000000000000HIR,2019,M12,5.9
JTS230000000000000HIR,2019,M11,5.5
JTS230000000000000HIR,2019,M10,6.5
JTS230000000000000HIR,2019,M09,5.9
JTS230000000000000HIR,2019,M08,5.5
JTS230000000000000HIR,2019,M07,5.1
JTS230000000000000HIR,2019,M06,5.8
JTS230000000000000HIR,2019,M05,5.1
JTS230000000000000HIR,2019,M04,5.6
JTS230000000000000HIR,2019,M03,5.1
JTS230000000000000HIR,2019,M02,5.0
JTS230000000000000HIR,2019,M01,5.7
JTS230000000000000HIR,2018,M12,5.1
JTS230000000000000HIR,2018,M11,5.3
JTS230000000000000HIR,2018,M10,4.8
JTS230000000000000HIR,2018,M09,5.2
JTS230000000000000HIR,2018,M08,5.2
JTS230000000000000HIR,2018,M07,5.3
JTS230000000000000HIR,2018,M06,5.1
JTS230000000000000HIR,2018,M05,5.5
JTS230000000000000HIR,2018,M04,4.8
JTS230000000000000HIR,2018,M03,5.2
JTS230000000000000HIR,2018,M02,5.9
JTS230000000000000HIR,2018,M01,4.9
JTS230000000000000HIR,2017,M12,4.5
JTS230000000000000HIR,2017,M11,5.1
JTS230000000000000HIR,2017,M10,5.6
JTS230000000000000HIR,2017,M09,5.7
JTS230000000000000HIR,2017,M08,5.6
JTS230000000000000HIR,2017,M07,5.3
JTS230000000000000HIR,2017,M06,5.4
JTS230000000000000HIR,2017,M05,5.7
JTS230000000000000HIR,2017,M04,5.5
JTS230000000000000HIR,2017,M03,5.7
JTS230000000000000HIR,2017,M02,5.5
JTS230000000000000HIR,2017,M01,5.8
JTS230000000000000QUR,2026,M08,1.8
JTS230000000000000QUR,2026,M07,1.8
JTS230000000000000QUR,2026,M06,1.8
JTS230000000000000QUR,2026,M05,1.4
JTS230000000000000QUR,2026,M04,1.7
JTS230000000000000QUR,2026,M03,1.7
JTS230000000000000QUR,2026,M02,1.6
JTS230000000000000QUR,2026,M01,1.6
JTS230000000000000QUR,2025,M12,1.8
JTS230000000000000QUR,2025,M11,1.6
JTS230000000000000QUR,2025,M10,1.6
JTS230000000000000QUR,2025,M09,1.5
JTS230000000000000QUR,2025,M08,1.8
JTS230000000000000QUR,2025,M07,1.2
JTS230000000000000QUR,2025,M06,1.8
JTS230000000000000QUR,2025,M05,1.9
JTS230000000000000QUR,2025,M04,1.9
JTS230000000000000QUR,2025,M03,2.0
JTS230000000000000QUR,2025,M02,2.1
JTS230000000000000QUR,2025,M01,2.0
JTS230000000000000QUR,2024,M12,1.3
JTS230000000000000QUR,2024,M11,1.8
JTS230000000000000QUR,2024,M10,1.7
JTS230000000000000QUR,2024,M09,1.7
JTS230000000000000QUR,2024,M08,1.5
JTS230000000000000QUR,2024,M07,1.7
JTS230000000000000QUR,2024,M06,1.6
JTS230000000000000QUR,2024,M05,2.3
JTS230000000000000QUR,2024,M04,2.3
JTS230000000000000QUR,2024,M03,1.8
JTS230000000000000QUR,2024,M02,1.7
JTS230000000000000QUR,2024,M01,1.7
JTS230000000000000QUR,2023,M12,1.9
JTS230000000000000QUR,2023,M11,2.1
JTS230000000000000QUR,2023,M10,2.2
JTS230000000000000QUR,2023,M09,1.8
JTS230000000000000QUR,2023,M08,2.1
JTS230000000000000QUR,2023,M07,2.1
JTS230000000000000QUR,2023,M06,2.2
JTS230000000000000QUR,2023,M05,2.5
JTS230000000000000QUR,2023,M04,1.9
JTS230000000000000QUR,2023,M03,1.8
JTS230000000000000QUR,2023,M02,1.9
JTS230000000000000QUR,2023,M01,2.1
JTS230000000000000QUR,2022,M12,2.0
JTS230000000000000QUR,2022,M11,1.7
JTS230000000000000QUR,2022,M10,2.0
JTS230000000000000QUR,2022,M09,2.0
JTS230000000000000QUR,2022,M08,3.0
JTS230000000000000QUR,2022,M07,2.4
JTS230000000000000QUR,2022,M06,2.0
JTS230000000000000QUR,2022,M05,2.6
JTS230000000000000QUR,2022,M04,3.0
JTS230000000000000QUR,2022,M03,3.3
JTS230000000000000QUR,2022,M02,2.3
JTS230000000000000QUR,2022,M01,2.3
JTS230000000000000QUR,2021,M12,2.4
JTS230000000000000QUR,2021,M11,3.0
JTS230000000000000QUR,2021,M10,2.5
JTS230000000000000QUR,2021,M09,2.6
JTS230000000000000QUR,2021,M08,2.5
JTS230000000000000QUR,2021,M07,2.2
JTS230000000000000QUR,2021,M06,2.3
JTS230000000000000QUR,2021,M05,2.2
JTS230000000000000QUR,2021,M04,2.5
JTS230000000000000QUR,2021,M03,2.4
JTS230000000000000QUR,2021,M02,2.3
JTS230000000000000QUR,2021,M01,1.8
JTS230000000000000QUR,2020,M12,2.1
JTS230000000000000QUR,2020,M11,2.1
JTS230000000000000QUR,2020,M10,1.8
JTS230000000000000QUR,2020,M09,2.1
JTS230000000000000QUR,2020,M08,1.4
JTS230000000000000QUR,2020,M07,2.0
JTS230000000000000QUR,2020,M06,1.9
JTS230000000000000QUR,2020,M05,1.5
JTS230000000000000QUR,2020,M04,1.4
JTS230000000000000QUR,2020,M03,1.6
JTS230000000000000QUR,2020,M02,2.0
JTS230000000000000QUR,2020,M01,2.1
JTS230000000000000QUR,2019,M12,2.3
JTS230000000000000QUR,2019,M11,2.2
JTS230000000000000QUR,2019,M10,2.5
JTS230000000000000QUR,2019,M09,2.5
JTS230000000000000QUR,2019,M08,2.3
JTS230000000000000QUR,2019,M07,2.3
JTS230000000000000QUR,2019,M06,2.4
JTS230000000000000QUR,2019,M05,2.2
JTS230000000000000QUR,2019,M04,1.9
JTS230000000000000QUR,2019,M03,1.9
JTS230000000000000QUR,2019,M02,2.7
JTS230000000000000QUR,2019,M01,2.6
JTS230000000000000QUR,2018,M12,2.4
JTS230000000000000QUR,2018,M11,2.5
JTS230000000000000QUR,2018,M10,2.4
JTS230000000000000QUR,2018,M09,2.2
JTS230000000000000QUR,2018,M08,2.4
JTS230000000000000QUR,2018,M07,2.7
JTS230000000000000QUR,2018,M06,2.4
JTS230000000000000QUR,2018,M05,2.3
JTS230000000000000QUR,2018,M04,2.4
JTS230000000000000QUR,2018,M03,2.2
JTS230000000000000QUR,2018,M02,2.1
JTS230000000000000QUR,2018,M01,2.2
JTS230000000000000QUR,2017,M12,2.1
JTS230000000000000QUR,2017,M11,2.0
JTS230000000000000QUR,2017,M10,2.6
JTS230000000000000QUR,2017,M09,2.4
JTS230000000000000QUR,2017,M08,2.2
JTS230000000000000QUR,2017,M07,2.2
JTS230000000000000QUR,2017,M06,2.0
JTS230000000000000QUR,2017,M05,2.1
JTS230000000000000QUR,2017,M04,2.3
JTS230000000000000QUR,2017,M03,2.4
JTS230000000000000QUR,2017,M02,2.3
JTS230000000000000QUR,2017,M01,2.2
JTS230000000000000LDR,2026,M08,1.2
JTS230000000000000LDR,2026,M07,1.9
JTS230000000000000LDR,2026,M06,1.9
JTS230000000000000LDR,2026,M05,2.0
JTS230000000000000LDR,2026,M04,1.5
JTS230000000000000LDR,2026,M03,1.8
JTS230000000000000LDR,2026,M02,1.8
JTS230000000000000LDR,2026,M01,1.9
JTS230000000000000LDR,2025,M12,1.9
JTS230000000000000LDR,2025,M11,1.9
JTS230000000000000LDR,2025,M10,2.0
JTS230000000000000LDR,2025,M09,2.3
JTS230000000000000LDR,2025,M08,2.2
JTS230000000000000LDR,2025,M07,2.4
JTS230000000000000LDR,2025,M06,2.3
JTS230000000000000LDR,2025,M05,2.2
JTS230000000000000LDR,2025,M04,2.1
JTS230000000000000LDR,2025,M03,2.0
JTS230000000000000LDR,2025,M02,1.8
JTS230000000000000LDR,2025,M01,2.0
JTS230000000000000LDR,2024,M12,1.9
JTS230000000000000LDR,2024,M11,1.8
JTS230000000000000LDR,2024,M10,1.9
JTS230000000000000LDR,2024,M09,2.0
JTS230000000000000LDR,2024,M08,2.0
JTS230000000000000LDR,2024,M07,2.0
JTS230000000000000LDR,2024,M06,1.7
JTS230000000000000LDR,2024,M05,2.0
JTS230000000000000LDR,2024,M04,1.6
JTS230000000000000LDR,2024,M03,2.4
JTS230000000000000LDR,2024,M02,2.5
JTS230000000000000LDR,2024,M01,2.2
JTS230000000000000LDR,2023,M12,2.1
JTS230000000000000LDR,2023,M11,2.3
JTS230000000000000LDR,2023,M10,2.1
JTS230000000000000LDR,2023,M09,1.7
JTS230000000000000LDR,2023,M08,2.0
JTS230000000000000LDR,2023,M07,2.0
JTS230000000000000LDR,2023,M06,1.6
JTS230000000000000LDR,2023,M05,1.8
JTS230000000000000LDR,2023,M04,2.5
JTS230000000000000LDR,2023,M03,4.4
JTS230000000000000LDR,2023,M02,2.1
JTS230000000000000LDR,2023,M01,1.9
JTS230000000000000LDR,2022,M12,2.1
JTS230000000000000LDR,2022,M11,1.9
JTS230000000000000LDR,2022,M10,2.1
JTS230000000000000LDR,2022,M09,2.3
JTS230000000000000LDR,2022,M08,1.6
JTS230000000000000LDR,2022,M07,1.9
JTS230000000000000LDR,2022,M06,2.3
JTS230000000000000LDR,2022,M05,1.5
JTS230000000000000LDR,2022,M04,1.4
JTS230000000000000LDR,2022,M03,1.6
JTS230000000000000LDR,2022,M02,1.8
JTS230000000000000LDR,2022,M01,1.8
JTS230000000000000LDR,2021,M12,1.9
JTS230000000000000LDR,2021,M11,2.0
JTS230000000000000LDR,2021,M10,1.8
JTS230000000000000LDR,2021,M09,1.4
JTS230000000000000LDR,2021,M08,2.0
JTS230000000000000LDR,2021,M07,1.7
JTS230000000000000LDR,2021,M06,2.4
JTS230000000000000LDR,2021,M05,2.3
JTS230000000000000LDR,2021,M04,2.0
JTS230000000000000LDR,2021,M03,2.2
JTS230000000000000LDR,2021,M02,3.2
JTS230000000000000LDR,2021,M01,2.4
JTS230000000000000LDR,2020,M12,2.7
JTS230000000000000LDR,2020,M11,2.4
JTS230000000000000LDR,2020,M10,2.5
JTS230000000000000LDR,2020,M09,2.3
JTS230000000000000LDR,2020,M08,2.6
JTS230000000000000LDR,2020,M07,2.7
JTS230000000000000LDR,2020,M06,2.6
JTS230000000000000LDR,2020,M05,2.9
JTS230000000000000LDR,2020,M04,10.9
JTS230000000000000LDR,2020,M03,8.5
JTS230000000000000LDR,2020,M02,2.7
JTS230000000000000LDR,2020,M01,2.3
JTS230000000000000LDR,2019,M12,3.3
JTS230000000000000LDR,2019,M11,3.2
JTS230000000000000LDR,2019,M10,3.5
JTS230000000000000LDR,2019,M09,2.9
JTS230000000000000LDR,2019,M08,2.9
JTS230000000000000LDR,2019,M07,2.5
JTS230000000000000LDR,2019,M06,2.9
JTS230000000000000LDR,2019,M05,2.8
JTS230000000000000LDR,2019,M04,3.2
JTS230000000000000LDR,2019,M03,2.2
JTS230000000000000LDR,2019,M02,2.4
JTS230000000000000LDR,2019,M01,2.5
JTS230000000000000LDR,2018,M12,2.1
JTS230000000000000LDR,2018,M11,2.6
JTS230000000000000LDR,2018,M10,1.9
JTS230000000000000LDR,2018,M09,2.3
JTS230000000000000LDR,2018,M08,2.2
JTS230000000000000LDR,2018,M07,2.2
JTS230000000000000LDR,2018,M06,2.4
JTS230000000000000LDR,2018,M05,2.3
JTS230000000000000LDR,2018,M04,2.2
JTS230000000000000LDR,2018,M03,2.5
JTS230000000000000LDR,2018,M02,2.5
JTS230000000000000LDR,2018,M01,2.4
JTS230000000000000LDR,2017,M12,1.9
JTS230000000000000LDR,2017,M11,2.4
JTS230000000000000LDR,2017,M10,2.6
JTS230000000000000LDR,2017,M09,2.9
JTS230000000000000LDR,2017,M08,2.8
JTS230000000000000LDR,2017,M07,3.2
JTS230000000000000LDR,2017,M06,3.1
JTS230000000000000LDR,2017,M05,3.0
JTS230000000000000LDR,2017,M04,3.0
JTS230000000000000LDR,2017,M03,2.8
JTS230000000000000LDR,2017,M02,2.3
JTS230000000000000LDR,2017,M01,2.7
JTS300000000000000JOR,2026,M08,4.0
JTS300000000000000JOR,2026,M07,4.4
JTS300000000000000JOR,2026,M06,3.8
JTS300000000000000JOR,2026,M05,3.9
JTS300000000000000JOR,2026,M04,3.8
JTS300000000000000JOR,2026,M03,3.4
JTS300000000000000JOR,2026,M02,3.4
JTS300000000000000JOR,2026,M01,3.9
JTS300000000000000JOR,2025,M12,3.3
JTS300000000000000JOR,2025,M11,3.0
JTS300000000000000JOR,2025,M10,3.3
JTS300000000000000JOR,2025,M09,3.0
JTS300000000000000JOR,2025,M08,3.2
JTS300000000000000JOR,2025,M07,3.3
JTS300000000000000JOR,2025,M06,3.0
JTS300000000000000JOR,2025,M05,3.1
JTS300000000000000JOR,2025,M04,2.9
JTS300000000000000JOR,2025,M03,3.0
JTS300000000000000JOR,2025,M02,3.1
JTS300000000000000JOR,2025,M01,3.4
JTS300000000000000JOR,2024,M12,3.1
JTS300000000000000JOR,2024,M11,3.2
JTS300000000000000JOR,2024,M10,3.3
JTS300000000000000JOR,2024,M09,3.5
JTS300000000000000JOR,2024,M08,3.5
JTS300000000000000JOR,2024,M07,3.6
JTS300000000000000JOR,2024,M06,3.5
JTS300000000000000JOR,2024,M05,4.0
JTS300000000000000JOR,2024,M04,3.7
JTS300000000000000JOR,2024,M03,3.9
JTS300000000000000JOR,2024,M02,4.1
JTS300000000000000JOR,2024,M01,4.1
JTS300000000000000JOR,2023,M12,4.4
JTS300000000000000JOR,2023,M11,4.0
JTS300000000000000JOR,2023,M10,4.2
JTS300000000000000JOR,2023,M09,4.5
JTS300000000000000JOR,2023,M08,4.3
JTS300000000000000JOR,2023,M07,3.8
JTS300000000000000JOR,2023,M06,4.3
JTS300000000000000JOR,2023,M05,4.1
JTS300000000000000JOR,2023,M04,4.8
JTS300000000000000JOR,2023,M03,5.0
JTS300000000000000JOR,2023,M02,4.9
JTS300000000000000JOR,2023,M01,5.3
JTS300000000000000JOR,2022,M12,5.5
JTS300000000000000JOR,2022,M11,5.9
JTS300000000000000JOR,2022,M10,5.5
JTS300000000000000JOR,2022,M09,6.0
JTS300000000000000JOR,2022,M08,6.0
JTS300000000000000JOR,2022,M07,6.4
JTS300000000000000JOR,2022,M06,6.3
JTS300000000000000JOR,2022,M05,5.9
JTS300000000000000JOR,2022,M04,7.5
JTS300000000000000JOR,2022,M03,6.7
JTS300000000000000JOR,2022,M02,6.1
JTS300000000000000JOR,2022,M01,6.7
JTS300000000000000JOR,2021,M12,6.5
JTS300000000000000JOR,2021,M11,6.3
JTS300000000000000JOR,2021,M10,7.1
JTS300000000000000JOR,2021,M09,7.0
JTS300000000000000JOR,2021,M08,6.4
JTS300000000000000JOR,2021,M07,6.8
JTS300000000000000JOR,2021,M06,6.8
JTS300000000000000JOR,2021,M05,6.8
JTS300000000000000JOR,2021,M04,6.5
JTS300000000000000JOR,2021,M03,5.7
JTS300000000000000JOR,2021,M02,4.7
JTS300000000000000JOR,2021,M01,4.1
JTS300000000000000JOR,2020,M12,4.0
JTS300000000000000JOR,2020,M11,3.9
JTS300000000000000JOR,2020,M10,4.1
JTS300000000000000JOR,2020,M09,3.7
JTS300000000000000JOR,2020,M08,3.7
JTS300000000000000JOR,2020,M07,3.2
JTS300000000000000JOR,2020,M06,2.7
JTS300000000000000JOR,2020,M05,2.6
JTS300000000000000JOR,2020,M04,2.6
JTS300000000000000JOR,2020,M03,2.3
JTS300000000000000JOR,2020,M02,3.0
JTS300000000000000JOR,2020,M01,3.1
JTS300000000000000JOR,2019,M12,2.9
JTS300000000000000JOR,2019,M11,3.1
JTS300000000000000JOR,2019,M10,3.0
JTS300000000000000JOR,2019,M09,3.3
JTS300000000000000JOR,2019,M08,3.3
JTS300000000000000JOR,2019,M07,3.4
JTS300000000000000JOR,2019,M06,3.5
JTS300000000000000JOR,2019,M05,3.5
JTS300000000000000JOR,2019,M04,3.4
JTS300000000000000JOR,2019,M03,3.3
JTS300000000000000JOR,2019,M02,3.4
JTS300000000000000JOR,2019,M01,3.2
JTS300000000000000JOR,2018,M12,3.5
JTS300000000000000JOR,2018,M11,3.9
JTS300000000000000JOR,2018,M10,3.8
JTS300000000000000JOR,2018,M09,3.6
JTS300000000000000JOR,2018,M08,3.8
JTS300000000000000JOR,2018,M07,3.5
JTS300000000000000JOR,2018,M06,3.5
JTS300000000000000JOR,2018,M05,3.5
JTS300000000000000JOR,2018,M04,3.4
JTS300000000000000JOR,2018,M03,3.2
JTS300000000000000JOR,2018,M02,3.4
JTS300000000000000JOR,2018,M01,3.4
JTS300000000000000JOR,2017,M12,3.1
JTS300000000000000JOR,2017,M11,3.4
JTS300000000000000JOR,2017,M10,3.3
JTS300000000000000JOR,2017,M09,3.4
JTS300000000000000JOR,2017,M08,3.3
JTS300000000000000JOR,2017,M07,2.9
JTS300000000000000JOR,2017,M06,3.1
JTS300000000000000JOR,2017,M05,2.7
JTS300000000000000JOR,2017,M04,2.9
JTS300000000000000JOR,2017,M03,3.1
JTS300000000000000JOR,2017,M02,2.9
JTS300000000000000JOR,2017,M01,2.9
JTS300000000000000HIR,2026,M08,2.6
JTS300000000000000HIR,2026,M07,2.3
JTS300000000000000HIR,2026,M06,2.6
JTS300000000000000HIR,2026,M05,2.4
JTS300000000000000HIR,2026,M04,2.3
JTS300000000000000HIR,2026,M03,2.4
JTS300000000000000HIR,2026,M02,2.2
JTS300000000000000HIR,2026,M01,2.3
JTS300000000000000HIR,2025,M12,2.2
JTS300000000000000HIR,2025,M11,2.2
JTS300000000000000HIR,2025,M10,2.4
JTS300000000000000HIR,2025,M09,2.4
JTS300000000000000HIR,2025,M08,2.4
JTS300000000000000HIR,2025,M07,2.3
JTS300000000000000HIR,2025,M06,2.3
JTS300000000000000HIR,2025,M05,2.2
JTS300000000000000HIR,2025,M04,2.5
JTS300000000000000HIR,2025,M03,2.4
JTS300000000000000HIR,2025,M02,2.4
JTS300000000000000HIR,2025,M01,2.5
JTS300000000000000HIR,2024,M12,2.4
JTS300000000000000HIR,2024,M11,2.4
JTS300000000000000HIR,2024,M10,2.5
JTS300000000000000HIR,2024,M09,2.7
JTS300000000000000HIR,2024,M08,2.4
JTS300000000000000HIR,2024,M07,2.7
JTS300000000000000HIR,2024,M06,2.6
JTS300000000000000HIR,2024,M05,2.7
JTS300000000000000HIR,2024,M04,2.9
JTS300000000000000HIR,2024,M03,2.5
JTS300000000000000HIR,2024,M02,2.5
JTS300000000000000HIR,2024,M01,2.9
JTS300000000000000HIR,2023,M12,2.8
JTS300000000000000HIR,2023,M11,2.8
JTS300000000000000HIR,2023,M10,2.9
JTS300000000000000HIR,2023,M09,2.9
JTS300000000000000HIR,2023,M08,3.0
JTS300000000000000HIR,2023,M07,3.1
JTS300000000000000HIR,2023,M06,3.1
JTS300000000000000HIR,2023,M05,3.4
JTS300000000000000HIR,2023,M04,2.9
JTS300000000000000HIR,2023,M03,3.1
JTS300000000000000HIR,2023,M02,3.4
JTS300000000000000HIR,2023,M01,3.3
JTS300000000000000HIR,2022,M12,3.2
JTS300000000000000HIR,2022,M11,3.3
JTS300000000000000HIR,2022,M10,3.4
JTS300000000000000HIR,2022,M09,3.1
JTS300000000000000HIR,2022,M08,3.7
JTS300000000000000HIR,2022,M07,3.4
JTS300000000000000HIR,2022,M06,3.8
JTS300000000000000HIR,2022,M05,3.5
JTS300000000000000HIR,2022,M04,3.9
JTS300000000000000HIR,2022,M03,4.1
JTS300000000000000HIR,2022,M02,3.9
JTS300000000000000HIR,2022,M01,3.8
JTS300000000000000HIR,2021,M12,3.9
JTS300000000000000HIR,2021,M11,4.0
JTS300000000000000HIR,2021,M10,4.0
JTS300000000000000HIR,2021,M09,4.0
JTS300000000000000HIR,2021,M08,3.9
JTS300000000000000HIR,2021,M07,3.9
JTS300000000000000HIR,2021,M06,3.7
JTS300000000000000HIR,2021,M05,3.4
JTS300000000000000HIR,2021,M04,3.1
JTS300000000000000HIR,2021,M03,3.6
JTS300000000000000HIR,2021,M02,3.3
JTS300000000000000HIR,2021,M01,2.9
JTS300000000000000HIR,2020,M12,3.7
JTS300000000000000HIR,2020,M11,3.4
JTS300000000000000HIR,2020,M10,3.3
JTS300000000000000HIR,2020,M09,3.2
JTS300000000000000HIR,2020,M08,3.3
JTS300000000000000HIR,2020,M07,2.9
JTS300000000000000HIR,2020,M06,4.0
JTS300000000000000HIR,2020,M05,5.4
JTS300000000000000HIR,2020,M04,3.2
JTS300000000000000HIR,2020,M03,2.4
JTS300000000000000HIR,2020,M02,2.8
JTS300000000000000HIR,2020,M01,2.5
JTS300000000000000HIR,2019,M12,2.6
JTS300000000000000HIR,2019,M11,2.8
JTS300000000000000HIR,2019,M10,2.4
JTS300000000000000HIR,2019,M09,2.7
JTS300000000000000HIR,2019,M08,2.6
JTS300000000000000HIR,2019,M07,2.6
JTS300000000000000HIR,2019,M06,2.5
JTS300000000000000HIR,2019,M05,2.6
JTS300000000000000HIR,2019,M04,2.7
JTS300000000000000HIR,2019,M03,2.7
JTS300000000000000HIR,2019,M02,2.6
JTS300000000000000HIR,2019,M01,2.7
JTS300000000000000HIR,2018,M12,2.7
JTS300000000000000HIR,2018,M11,2.9
JTS300000000000000HIR,2018,M10,3.1
JTS300000000000000HIR,2018,M09,2.6
JTS300000000000000HIR,2018,M08,2.9
JTS300000000000000HIR,2018,M07,3.0
JTS300000000000000HIR,2018,M06,2.9
JTS300000000000000HIR,2018,M05,2.9
JTS300000000000000HIR,2018,M04,2.9
JTS300000000000000HIR,2018,M03,2.8
JTS300000000000000HIR,2018,M02,3.0
JTS300000000000000HIR,2018,M01,2.9
JTS300000000000000HIR,2017,M12,2.8
JTS300000000000000HIR,2017,M11,2.7
JTS300000000000000HIR,2017,M10,2.8
JTS300000000000000HIR,2017,M09,2.6
JTS300000000000000HIR,2017,M08,3.0
JTS300000000000000HIR,2017,M07,2.7
JTS300000000000000HIR,2017,M06,2.7
JTS300000000000000HIR,2017,M05,2.7
JTS300000000000000HIR,2017,M04,2.6
JTS300000000000000HIR,2017,M03,2.6
JTS300000000000000HIR,2017,M02,2.4
JTS300000000000000HIR,2017,M01,2.5
JTS300000000000000QUR,2026,M08,1.6
JTS300000000000000QUR,2026,M07,1.4
JTS300000000000000QUR,2026,M06,1.5
JTS300000000000000QUR,2026,M05,1.5
JTS300000000000000QUR,2026,M04,1.3
JTS300000000000000QUR,2026,M03,1.3
JTS300000000000000QUR,2026,M02,1.3
JTS300000000000000QUR,2026,M01,1.3
JTS300000000000000QUR,2025,M12,1.4
JTS300000000000000QUR,2025,M11,1.5
JTS300000000000000QUR,2025,M10,1.3
JTS300000000000000QUR,2025,M09,1.4
JTS300000000000000QUR,2025,M08,1.3
JTS300000000000000QUR,2025,M07,1.4
JTS300000000000000QUR,2025,M06,1.4
JTS300000000000000QUR,2025,M05,1.2
JTS300000000000000QUR,2025,M04,1.4
JTS300000000000000QUR,2025,M03,1.5
JTS300000000000000QUR,2025,M02,1.4
JTS300000000000000QUR,2025,M01,1.5
JTS300000000000000QUR,2024,M12,1.5
JTS300000000000000QUR,2024,M11,1.5
JTS300000000000000QUR,2024,M10,1.6
JTS300000000000000QUR,2024,M09,1.5
JTS300000000000000QUR,2024,M08,1.7
JTS300000000000000QUR,2024,M07,1.7
JTS300000000000000QUR,2024,M06,1.6
JTS300000000000000QUR,2024,M05,1.7
JTS300000000000000QUR,2024,M04,1.7
JTS300000000000000QUR,2024,M03,1.4
JTS300000000000000QUR,2024,M02,1.7
JTS300000000000000QUR,2024,M01,1.7
JTS300000000000000QUR,2023,M12,1.8
JTS300000000000000QUR,2023,M11,1.8
JTS300000000000000QUR,2023,M10,1.7
JTS300000000000000QUR,2023,M09,1.8
JTS300000000000000QUR,2023,M08,1.8
JTS300000000000000QUR,2023,M07,1.9
JTS300000000000000QUR,2023,M06,2.0
JTS300000000000000QUR,2023,M05,2.2
JTS300000000000000QUR,2023,M04,1.9
JTS300000000000000QUR,2023,M03,2.1
JTS300000000000000QUR,2023,M02,2.4
JTS300000000000000QUR,2023,M01,2.2
JTS300000000000000QUR,2022,M12,2.0
JTS300000000000000QUR,2022,M11,2.1
JTS300000000000000QUR,2022,M10,2.1
JTS300000000000000QUR,2022,M09,2.0
JTS300000000000000QUR,2022,M08,2.3
JTS300000000000000QUR,2022,M07,2.1
JTS300000000000000QUR,2022,M06,2.5
JTS300000000000000QUR,2022,M05,2.4
JTS300000000000000QUR,2022,M04,2.6
JTS300000000000000QUR,2022,M03,2.7
JTS300000000000000QUR,2022,M02,2.6
JTS300000000000000QUR,2022,M01,2.4
JTS300000000000000QUR,2021,M12,2.6
JTS300000000000000QUR,2021,M11,2.5
JTS300000000000000QUR,2021,M10,2.4
JTS300000000000000QUR,2021,M09,2.7
JTS300000000000000QUR,2021,M08,2.4
JTS300000000000000QUR,2021,M07,2.4
JTS300000000000000QUR,2021,M06,2.4
JTS300000000000000QUR,2021,M05,2.1
JTS300000000000000QUR,2021,M04,2.4
JTS300000000000000QUR,2021,M03,2.2
JTS300000000000000QUR,2021,M02,2.2
JTS300000000000000QUR,2021,M01,2.1
JTS300000000000000QUR,2020,M12,2.1
JTS300000000000000QUR,2020,M11,2.1
JTS300000000000000QUR,2020,M10,2.0
JTS300000000000000QUR,2020,M09,2.0
JTS300000000000000QUR,2020,M08,1.8
JTS300000000000000QUR,2020,M07,1.6
JTS300000000000000QUR,2020,M06,1.5
JTS300000000000000QUR,2020,M05,1.3
JTS300000000000000QUR,2020,M04,0.8
JTS300000000000000QUR,2020,M03,1.2
JTS300000000000000QUR,2020,M02,1.5
JTS300000000000000QUR,2020,M01,1.5
JTS300000000000000QUR,2019,M12,1.6
JTS300000000000000QUR,2019,M11,1.6
JTS300000000000000QUR,2019,M10,1.5
JTS300000000000000QUR,2019,M09,1.7
JTS300000000000000QUR,2019,M08,1.6
JTS300000000000000QUR,2019,M07,1.5
JTS300000000000000QUR,2019,M06,1.6
JTS300000000000000QUR,2019,M05,1.6
JTS300000000000000QUR,2019,M04,1.8
JTS300000000000000QUR,2019,M03,1.7
JTS300000000000000QUR,2019,M02,1.7
JTS300000000000000QUR,2019,M01,1.7
JTS300000000000000QUR,2018,M12,1.5
JTS300000000000000QUR,2018,M11,1.8
JTS300000000000000QUR,2018,M10,1.6
JTS300000000000000QUR,2018,M09,1.6
JTS300000000000000QUR,2018,M08,1.6
JTS300000000000000QUR,2018,M07,1.7
JTS300000000000000QUR,2018,M06,1.6
JTS300000000000000QUR,2018,M05,1.6
JTS300000000000000QUR,2018,M04,1.6
JTS300000000000000QUR,2018,M03,1.7
JTS300000000000000QUR,2018,M02,1.7
JTS300000000000000QUR,2018,M01,1.7
JTS300000000000000QUR,2017,M12,1.7
JTS300000000000000QUR,2017,M11,1.6
JTS300000000000000QUR,2017,M10,1.6
JTS300000000000000QUR,2017,M09,1.5
JTS300000000000000QUR,2017,M08,1.5
JTS300000000000000QUR,2017,M07,1.6
JTS300000000000000QUR,2017,M06,1.6
JTS300000000000000QUR,2017,M05,1.6
JTS300000000000000QUR,2017,M04,1.5
JTS300000000000000QUR,2017,M03,1.5
JTS300000000000000QUR,2017,M02,1.4
JTS300000000000000QUR,2017,M01,1.4
JTS300000000000000LDR,2026,M08,0.8
JTS300000000000000LDR,2026,M07,0.7
JTS300000000000000LDR,2026,M06,0.7
JTS300000000000000LDR,2026,M05,0.8
JTS300000000000000LDR,2026,M04,0.8
JTS300000000000000LDR,2026,M03,0.7
JTS300000000000000LDR,2026,M02,0.8
JTS300000000000000LDR,2026,M01,0.9
JTS300000000000000LDR,2025,M12,0.8
JTS300000000000000LDR,2025,M11,0.8
JTS300000000000000LDR,2025,M10,1.0
JTS300000000000000LDR,2025,M09,0.9
JTS300000000000000LDR,2025,M08,1.0
JTS300000000000000LDR,2025,M07,0.9
JTS300000000000000LDR,2025,M06,0.8
JTS300000000000000LDR,2025,M05,0.9
JTS300000000000000LDR,2025,M04,0.9
JTS300000000000000LDR,2025,M03,0.8
JTS300000000000000LDR,2025,M02,0.9
JTS300000000000000LDR,2025,M01,1.0
JTS300000000000000LDR,2024,M12,0.9
JTS300000000000000LDR,2024,M11,1.0
JTS300000000000000LDR,2024,M10,0.8
JTS300000000000000LDR,2024,M09,1.2
JTS300000000000000LDR,2024,M08,0.8
JTS300000000000000LDR,2024,M07,0.8
JTS300000000000000LDR,2024,M06,0.9
JTS300000000000000LDR,2024,M05,0.9
JTS300000000000000LDR,2024,M04,1.0
JTS300000000000000LDR,2024,M03,1.0
JTS300000000000000LDR,2024,M02,0.9
JTS300000000000000LDR,2024,M01,1.0
JTS300000000000000LDR,2023,M12,0.8
JTS300000000000000LDR,2023,M11,0.8
JTS300000000000000LDR,2023,M10,1.0
JTS300000000000000LDR,2023,M09,1.0
JTS300000000000000LDR,2023,M08,1.0
JTS300000000000000LDR,2023,M07,1.0
JTS300000000000000LDR,2023,M06,0.9
JTS300000000000000LDR,2023,M05,1.1
JTS300000000000000LDR,2023,M04,0.9
JTS300000000000000LDR,2023,M03,1.0
JTS300000000000000LDR,2023,M02,0.9
JTS300000000000000LDR,2023,M01,0.9
JTS300000000000000LDR,2022,M12,0.9
JTS300000000000000LDR,2022,M11,0.9
JTS300000000000000LDR,2022,M10,0.8
JTS300000000000000LDR,2022,M09,0.7
JTS300000000000000LDR,2022,M08,0.9
JTS300000000000000LDR,2022,M07,0.8
JTS300000000000000LDR,2022,M06,0.8
JTS300000000000000LDR,2022,M05,0.8
JTS300000000000000LDR,2022,M04,0.8
JTS300000000000000LDR,2022,M03,0.8
JTS300000000000000LDR,2022,M02,0.8
JTS300000000000000LDR,2022,M01,0.9
JTS300000000000000LDR,2021,M12,0.8
JTS300000000000000LDR,2021,M11,0.7
JTS300000000000000LDR,2021,M10,0.8
JTS300000000000000LDR,2021,M09,0.9
JTS300000000000000LDR,2021,M08,0.9
JTS300000000000000LDR,2021,M07,0.9
JTS300000000000000LDR,2021,M06,0.8
JTS300000000000000LDR,2021,M05,0.8
JTS300000000000000LDR,2021,M04,0.8
JTS300000000000000LDR,2021,M03,0.9
JTS300000000000000LDR,2021,M02,0.6
JTS300000000000000LDR,2021,M01,0.8
JTS300000000000000LDR,2020,M12,1.0
JTS300000000000000LDR,2020,M11,1.0
JTS300000000000000LDR,2020,M10,0.9
JTS300000000000000LDR,2020,M09,0.9
JTS300000000000000LDR,2020,M08,0.9
JTS300000000000000LDR,2020,M07,1.3
JTS300000000000000LDR,2020,M06,1.8
JTS300000000000000LDR,2020,M05,1.3
JTS300000000000000LDR,2020,M04,6.3
JTS300000000000000LDR,2020,M03,5.5
JTS300000000000000LDR,2020,M02,1.0
JTS300000000000000LDR,2020,M01,1.0
JTS300000000000000LDR,2019,M12,0.9
JTS300000000000000LDR,2019,M11,0.8
JTS300000000000000LDR,2019,M10,0.9
JTS300000000000000LDR,2019,M09,0.9
JTS300000000000000LDR,2019,M08,0.8
JTS300000000000000LDR,2019,M07,0.9
JTS300000000000000LDR,2019,M06,0.8
JTS300000000000000LDR,2019,M05,0.9
JTS300000000000000LDR,2019,M04,0.9
JTS300000000000000LDR,2019,M03,0.9
JTS300000000000000LDR,2019,M02,0.8
JTS300000000000000LDR,2019,M01,0.7
JTS300000000000000LDR,2018,M12,0.9
JTS300000000000000LDR,2018,M11,0.9
JTS300000000000000LDR,2018,M10,1.1
JTS300000000000000LDR,2018,M09,0.8
JTS300000000000000LDR,2018,M08,0.9
JTS300000000000000LDR,2018,M07,0.9
JTS300000000000000LDR,2018,M06,0.9
JTS300000000000000LDR,2018,M05,0.9
JTS300000000000000LDR,2018,M04,0.9
JTS300000000000000LDR,2018,M03,0.9
JTS300000000000000LDR,2018,M02,0.9
JTS300000000000000LDR,2018,M01,0.9
JTS300000000000000LDR,2017,M12,0.9
JTS300000000000000LDR,2017,M11,0.9
JTS300000000000000LDR,2017,M10,0.8
JTS300000000000000LDR,2017,M09,0.9
JTS300000000000000LDR,2017,M08,0.8
JTS300000000000000LDR,2017,M07,0.9
JTS300000000000000LDR,2017,M06,0.8
JTS300000000000000LDR,2017,M05,0.8
JTS300000000000000LDR,2017,M04,0.9
JTS300000000000000LDR,2017,M03,0.9
JTS300000000000000LDR,2017,M02,0.7
JTS300000000000000LDR,2017,M01,0.9
JTS400000000000000JOR,2026,M08,4.3
JTS400000000000000JOR,2026,M07,4.1
JTS400000000000000JOR,2026,M06,4.3
JTS400000000000000JOR,2026,M05,4.2
JTS400000000000000JOR,2026,M04,4.0
JTS400000000000000JOR,2026,M03,3.9
JTS400000000000000JOR,2026,M02,3.8
JTS400000000000000JOR,2026,M01,3.9
JTS400000000000000JOR,2025,M12,3.3
JTS400000000000000JOR,2025,M11,3.7
JTS400000000000000JOR,2025,M10,4.2
JTS400000000000000JOR,2025,M09,3.5
JTS400000000000000JOR,2025,M08,3.8
JTS400000000000000JOR,2025,M07,3.7
JTS400000000000000JOR,2025,M06,3.5
JTS400000000000000JOR,2025,M05,3.1
JTS400000000000000JOR,2025,M04,3.4
JTS400000000000000JOR,2025,M03,3.2
JTS400000000000000JOR,2025,M02,3.4
JTS400000000000000JOR,2025,M01,3.6
JTS400000000000000JOR,2024,M12,3.4
JTS400000000000000JOR,2024,M11,3.2
JTS400000000000000JOR,2024,M10,3.2
JTS400000000000000JOR,2024,M09,3.2
JTS400000000000000JOR,2024,M08,3.6
JTS400000000000000JOR,2024,M07,3.2
JTS400000000000000JOR,2024,M06,3.5
JTS400000000000000JOR,2024,M05,3.4
JTS400000000000000JOR,2024,M04,3.3
JTS400000000000000JOR,2024,M03,3.4
JTS400000000000000JOR,2024,M02,3.5
JTS400000000000000JOR,2024,M01,3.4
JTS400000000000000JOR,2023,M12,4.2
JTS400000000000000JOR,2023,M11,4.4
JTS400000000000000JOR,2023,M10,4.4
JTS400000000000000JOR,2023,M09,4.4
JTS400000000000000JOR,2023,M08,4.1
JTS400000000000000JOR,2023,M07,4.7
JTS400000000000000JOR,2023,M06,4.6
JTS400000000000000JOR,2023,M05,5.1
JTS400000000000000JOR,2023,M04,5.6
JTS400000000000000JOR,2023,M03,4.7
JTS400000000000000JOR,2023,M02,5.6
JTS400000000000000JOR,2023,M01,5.7
JTS400000000000000JOR,2022,M12,5.9
JTS400000000000000JOR,2022,M11,5.2
JTS400000000000000JOR,2022,M10,5.5
JTS400000000000000JOR,2022,M09,5.5
JTS400000000000000JOR,2022,M08,5.3
JTS400000000000000JOR,2022,M07,5.7
JTS400000000000000JOR,2022,M06,5.4
JTS400000000000000JOR,2022,M05,6.4
JTS400000000000000JOR,2022,M04,6.3
JTS400000000000000JOR,2022,M03,7.4
JTS400000000000000JOR,2022,M02,6.5
JTS400000000000000JOR,2022,M01,6.1
JTS400000000000000JOR,2021,M12,6.5
JTS400000000000000JOR,2021,M11,6.7
JTS400000000000000JOR,2021,M10,6.6
JTS400000000000000JOR,2021,M09,6.7
JTS400000000000000JOR,2021,M08,6.7
JTS400000000000000JOR,2021,M07,6.2
JTS400000000000000JOR,2021,M06,6.4
JTS400000000000000JOR,2021,M05,5.8
JTS400000000000000JOR,2021,M04,5.8
JTS400000000000000JOR,2021,M03,5.9
JTS400000000000000JOR,2021,M02,5.0
JTS400000000000000JOR,2021,M01,4.6
JTS400000000000000JOR,2020,M12,4.3
JTS400000000000000JOR,2020,M11,4.4
JTS400000000000000JOR,2020,M10,4.3
JTS400000000000000JOR,2020,M09,4.2
JTS400000000000000JOR,2020,M08,4.5
JTS400000000000000JOR,2020,M07,4.6
JTS400000000000000JOR,2020,M06,4.1
JTS400000000000000JOR,2020,M05,4.1
JTS400000000000000JOR,2020,M04,3.4
JTS400000000000000JOR,2020,M03,3.8
JTS400000000000000JOR,2020,M02,4.2
JTS400000000000000JOR,2020,M01,4.3
JTS400000000000000JOR,2019,M12,4.1
JTS400000000000000JOR,2019,M11,4.3
JTS400000000000000JOR,2019,M10,4.9
JTS400000000000000JOR,2019,M09,4.4
JTS400000000000000JOR,2019,M08,4.5
JTS400000000000000JOR,2019,M07,4.4
JTS400000000000000JOR,2019,M06,4.7
JTS400000000000000JOR,2019,M05,4.5
JTS400000000000000JOR,2019,M04,4.7
JTS400000000000000JOR,2019,M03,4.5
JTS400000000000000JOR,2019,M02,4.4
JTS400000000000000JOR,2019,M01,5.0
JTS400000000000000JOR,2018,M12,4.9
JTS400000000000000JOR,2018,M11,5.4
JTS400000000000000JOR,2018,M10,4.9
JTS400000000000000JOR,2018,M09,5.2
JTS400000000000000JOR,2018,M08,4.5
JTS400000000000000JOR,2018,M07,5.1
JTS400000000000000JOR,2018,M06,5.1
JTS400000000000000JOR,2018,M05,5.1
JTS400000000000000JOR,2018,M04,5.2
JTS400000000000000JOR,2018,M03,4.9
JTS400000000000000JOR,2018,M02,4.5
JTS400000000000000JOR,2018,M01,4.8
JTS400000000000000JOR,2017,M12,4.9
JTS400000000000000JOR,2017,M11,4.5
JTS400000000000000JOR,2017,M10,4.1
JTS400000000000000JOR,2017,M09,4.2
JTS400000000000000JOR,2017,M08,4.4
JTS400000000000000JOR,2017,M07,4.0
JTS400000000000000JOR,2017,M06,3.9
JTS400000000000000JOR,2017,M05,3.7
JTS400000000000000JOR,2017,M04,3.6
JTS400000000000000JOR,2017,M03,3.9
JTS400000000000000JOR,2017,M02,3.7
JTS400000000000000JOR,2017,M01,3.5
JTS400000000000000HIR,2026,M08,3.8
JTS400000000000000HIR,2026,M07,3.8
JTS400000000000000HIR,2026,M06,3.9
JTS400000000000000HIR,2026,M05,3.8
JTS400000000000000HIR,2026,M04,3.9
JTS400000000000000HIR,2026,M03,4.2
JTS400000000000000HIR,2026,M02,3.4
JTS400000000000000HIR,2026,M01,3.5
JTS400000000000000HIR,2025,M12,3.5
JTS400000000000000HIR,2025,M11,3.2
JTS400000000000000HIR,2025,M10,3.5
JTS400000000000000HIR,2025,M09,3.3
JTS400000000000000HIR,2025,M08,3.3
JTS400000000000000HIR,2025,M07,3.5
JTS400000000000000HIR,2025,M06,3.6
JTS400000000000000HIR,2025,M05,3.4
JTS400000000000000HIR,2025,M04,3.3
JTS400000000000000HIR,2025,M03,3.6
JTS400000000000000HIR,2025,M02,3.7
JTS400000000000000HIR,2025,M01,3.6
JTS400000000000000HIR,2024,M12,3.7
JTS400000000000000HIR,2024,M11,3.6
JTS400000000000000HIR,2024,M10,3.5
JTS400000000000000HIR,2024,M09,3.6
JTS400000000000000HIR,2024,M08,3.3
JTS400000000000000HIR,2024,M07,3.8
JTS400000000000000HIR,2024,M06,3.8
JTS400000000000000HIR,2024,M05,3.7
JTS400000000000000HIR,2024,M04,3.9
JTS400000000000000HIR,2024,M03,3.5
JTS400000000000000HIR,2024,M02,3.8
JTS400000000000000HIR,2024,M01,3.4
JTS400000000000000HIR,2023,M12,3.7
JTS400000000000000HIR,2023,M11,3.8
JTS400000000000000HIR,2023,M10,3.9
JTS400000000000000HIR,2023,M09,4.1
JTS400000000000000HIR,2023,M08,4.0
JTS400000000000000HIR,2023,M07,3.9
JTS400000000000000HIR,2023,M06,3.9
JTS400000000000000HIR,2023,M05,4.6
JTS400000000000000HIR,2023,M04,4.2
JTS400000000000000HIR,2023,M03,4.1
JTS400000000000000HIR,2023,M02,4.2
JTS400000000000000HIR,2023,M01,4.9
JTS400000000000000HIR,2022,M12,4.4
JTS400000000000000HIR,2022,M11,4.4
JTS400000000000000HIR,2022,M10,4.2
JTS400000000000000HIR,2022,M09,4.4
JTS400000000000000HIR,2022,M08,4.7
JTS400000000000000HIR,2022,M07,4.4
JTS400000000000000HIR,2022,M06,4.5
JTS400000000000000HIR,2022,M05,4.3
JTS400000000000000HIR,2022,M04,4.7
JTS400000000000000HIR,2022,M03,4.7
JTS400000000000000HIR,2022,M02,5.1
JTS400000000000000HIR,2022,M01,4.7
JTS400000000000000HIR,2021,M12,4.8
JTS400000000000000HIR,2021,M11,5.1
JTS400000000000000HIR,2021,M10,5.0
JTS400000000000000HIR,2021,M09,5.0
JTS400000000000000HIR,2021,M08,5.0
JTS400000000000000HIR,2021,M07,5.0
JTS400000000000000HIR,2021,M06,5.5
JTS400000000000000HIR,2021,M05,4.7
JTS400000000000000HIR,2021,M04,4.6
JTS400000000000000HIR,2021,M03,4.8
JTS400000000000000HIR,2021,M02,4.3
JTS400000000000000HIR,2021,M01,4.5
JTS400000000000000HIR,2020,M12,4.4
JTS400000000000000HIR,2020,M11,4.5
JTS400000000000000HIR,2020,M10,5.0
JTS400000000000000HIR,2020,M09,4.8
JTS400000000000000HIR,2020,M08,4.8
JTS400000000000000HIR,2020,M07,5.1
JTS400000000000000HIR,2020,M06,5.7
JTS400000000000000HIR,2020,M05,6.3
JTS400000000000000HIR,2020,M04,4.4
JTS400000000000000HIR,2020,M03,4.3
JTS400000000000000HIR,2020,M02,4.6
JTS400000000000000HIR,2020,M01,4.5
JTS400000000000000HIR,2019,M12,4.2
JTS400000000000000HIR,2019,M11,4.2
JTS400000000000000HIR,2019,M10,3.9
JTS400000000000000HIR,2019,M09,4.3
JTS400000000000000HIR,2019,M08,4.3
JTS400000000000000HIR,2019,M07,4.5
JTS400000000000000HIR,2019,M06,4.3
JTS400000000000000HIR,2019,M05,4.3
JTS400000000000000HIR,2019,M04,4.2
JTS400000000000000HIR,2019,M03,3.9
JTS400000000000000HIR,2019,M02,4.0
JTS400000000000000HIR,2019,M01,4.1
JTS400000000000000HIR,2018,M12,4.2
JTS400000000000000HIR,2018,M11,4.2
JTS400000000000000HIR,2018,M10,4.5
JTS400000000000000HIR,2018,M09,4.1
JTS400000000000000HIR,2018,M08,4.4
JTS400000000000000HIR,2018,M07,4.0
JTS400000000000000HIR,2018,M06,4.1
JTS400000000000000HIR,2018,M05,4.0
JTS400000000000000HIR,2018,M04,4.2
JTS400000000000000HIR,2018,M03,4.1
JTS400000000000000HIR,2018,M02,3.9
JTS400000000000000HIR,2018,M01,4.1
JTS400000000000000HIR,2017,M12,4.0
JTS400000000000000HIR,2017,M11,3.9
JTS400000000000000HIR,2017,M10,3.7
JTS400000000000000HIR,2017,M09,3.7
JTS400000000000000HIR,2017,M08,3.7
JTS400000000000000HIR,2017,M07,3.6
JTS400000000000000HIR,2017,M06,4.0
JTS400000000000000HIR,2017,M05,3.9
JTS400000000000000HIR,2017,M04,3.7
JTS400000000000000HIR,2017,M03,4.0
JTS400000000000000HIR,2017,M02,4.0
JTS400000000000000HIR,2017,M01,3.9
JTS400000000000000QUR,2026,M08,2.4
JTS400000000000000QUR,2026,M07,2.6
JTS400000000000000QUR,2026,M06,2.5
JTS400000000000000QUR,2026,M05,2.4
JTS400000000000000QUR,2026,M04,2.4
JTS400000000000000QUR,2026,M03,2.5
JTS400000000000000QUR,2026,M02,2.5
JTS400000000000000QUR,2026,M01,2.3
JTS400000000000000QUR,2025,M12,2.6
JTS400000000000000QUR,2025,M11,2.2
JTS400000000000000QUR,2025,M10,2.2
JTS400000000000000QUR,2025,M09,2.0
JTS400000000000000QUR,2025,M08,2.1
JTS400000000000000QUR,2025,M07,2.1
JTS400000000000000QUR,2025,M06,2.3
JTS400000000000000QUR,2025,M05,2.3
JTS400000000000000QUR,2025,M04,2.0
JTS400000000000000QUR,2025,M03,2.5
JTS400000000000000QUR,2025,M02,2.3
JTS400000000000000QUR,2025,M01,2.2
JTS400000000000000QUR,2024,M12,2.1
JTS400000000000000QUR,2024,M11,2.3
JTS400000000000000QUR,2024,M10,2.2
JTS400000000000000QUR,2024,M09,2.2
JTS400000000000000QUR,2024,M08,2.1
JTS400000000000000QUR,2024,M07,2.5
JTS400000000000000QUR,2024,M06,2.5
JTS400000000000000QUR,2024,M05,2.4
JTS400000000000000QUR,2024,M04,2.5
JTS400000000000000QUR,2024,M03,2.3
JTS400000000000000QUR,2024,M02,2.5
JTS400000000000000QUR,2024,M01,2.3
JTS400000000000000QUR,2023,M12,2.5
JTS400000000000000QUR,2023,M11,2.5
JTS400000000000000QUR,2023,M10,2.6
JTS400000000000000QUR,2023,M09,2.7
JTS400000000000000QUR,2023,M08,2.7
JTS400000000000000QUR,2023,M07,2.7
JTS400000000000000QUR,2023,M06,2.6
JTS400000000000000QUR,2023,M05,3.0
JTS400000000000000QUR,2023,M04,2.8
JTS400000000000000QUR,2023,M03,3.0
JTS400000000000000QUR,2023,M02,2.9
JTS400000000000000QUR,2023,M01,3.3
JTS400000000000000QUR,2022,M12,3.3
JTS400000000000000QUR,2022,M11,3.2
JTS400000000000000QUR,2022,M10,3.1
JTS400000000000000QUR,2022,M09,3.2
JTS400000000000000QUR,2022,M08,3.2
JTS400000000000000QUR,2022,M07,3.1
JTS400000000000000QUR,2022,M06,3.1
JTS400000000000000QUR,2022,M05,3.1
JTS400000000000000QUR,2022,M04,3.5
JTS400000000000000QUR,2022,M03,3.3
JTS400000000000000QUR,2022,M02,3.4
JTS400000000000000QUR,2022,M01,3.6
JTS400000000000000QUR,2021,M12,3.7
JTS400000000000000QUR,2021,M11,3.4
JTS400000000000000QUR,2021,M10,3.4
JTS400000000000000QUR,2021,M09,3.6
JTS400000000000000QUR,2021,M08,3.7
JTS400000000000000QUR,2021,M07,3.5
JTS400000000000000QUR,2021,M06,3.5
JTS400000000000000QUR,2021,M05,3.3
JTS400000000000000QUR,2021,M04,3.4
JTS400000000000000QUR,2021,M03,3.1
JTS400000000000000QUR,2021,M02,2.8
JTS400000000000000QUR,2021,M01,2.9
JTS400000000000000QUR,2020,M12,3.0
JTS400000000000000QUR,2020,M11,2.8
JTS400000000000000QUR,2020,M10,2.8
JTS400000000000000QUR,2020,M09,2.7
JTS400000000000000QUR,2020,M08,2.7
JTS400000000000000QUR,2020,M07,2.8
JTS400000000000000QUR,2020,M06,2.4
JTS400000000000000QUR,2020,M05,2.1
JTS400000000000000QUR,2020,M04,1.6
JTS400000000000000QUR,2020,M03,2.3
JTS400000000000000QUR,2020,M02,2.8
JTS400000000000000QUR,2020,M01,3.0
JTS400000000000000QUR,2019,M12,2.6
JTS400000000000000QUR,2019,M11,3.0
JTS400000000000000QUR,2019,M10,2.4
JTS400000000000000QUR,2019,M09,2.7
JTS400000000000000QUR,2019,M08,2.8
JTS400000000000000QUR,2019,M07,2.8
JTS400000000000000QUR,2019,M06,2.7
JTS400000000000000QUR,2019,M05,2.8
JTS400000000000000QUR,2019,M04,2.6
JTS400000000000000QUR,2019,M03,2.7
JTS400000000000000QUR,2019,M02,2.7
JTS400000000000000QUR,2019,M01,2.5
JTS400000000000000QUR,2018,M12,2.6
JTS400000000000000QUR,2018,M11,2.6
JTS400000000000000QUR,2018,M10,2.7
JTS400000000000000QUR,2018,M09,2.7
JTS400000000000000QUR,2018,M08,2.7
JTS400000000000000QUR,2018,M07,2.6
JTS400000000000000QUR,2018,M06,2.6
JTS400000000000000QUR,2018,M05,2.6
JTS400000000000000QUR,2018,M04,2.6
JTS400000000000000QUR,2018,M03,2.4
JTS400000000000000QUR,2018,M02,2.4
JTS400000000000000QUR,2018,M01,2.4
JTS400000000000000QUR,2017,M12,2.5
JTS400000000000000QUR,2017,M11,2.4
JTS400000000000000QUR,2017,M10,2.4
JTS400000000000000QUR,2017,M09,2.4
JTS400000000000000QUR,2017,M08,2.4
JTS400000000000000QUR,2017,M07,2.4
JTS400000000000000QUR,2017,M06,2.4
JTS400000000000000QUR,2017,M05,2.4
JTS400000000000000QUR,2017,M04,2.2
JTS400000000000000QUR,2017,M03,2.5
JTS400000000000000QUR,2017,M02,2.5
JTS400000000000000QUR,2017,M01,2.4
JTS400000000000000LDR,2026,M08,1.2
JTS400000000000000LDR,2026,M07,1.1
JTS400000000000000LDR,2026,M06,1.1
JTS400000000000000LDR,2026,M05,1.1
JTS400000000000000LDR,2026,M04,1.0
JTS400000000000000LDR,2026,M03,1.3
JTS400000000000000LDR,2026,M02,1.2
JTS400000000000000LDR,2026,M01,1.0
JTS400000000000000LDR,2025,M12,1.1
JTS400000000000000LDR,2025,M11,1.0
JTS400000000000000LDR,2025,M10,1.1
JTS400000000000000LDR,2025,M09,1.1
JTS400000000000000LDR,2025,M08,1.1
JTS400000000000000LDR,2025,M07,1.3
JTS400000000000000LDR,2025,M06,1.1
JTS400000000000000LDR,2025,M05,1.1
JTS400000000000000LDR,2025,M04,1.1
JTS400000000000000LDR,2025,M03,1.2
JTS400000000000000LDR,2025,M02,1.4
JTS400000000000000LDR,2025,M01,1.2
JTS400000000000000LDR,2024,M12,1.3
JTS400000000000000LDR,2024,M11,1.3
JTS400000000000000LDR,2024,M10,1.3
JTS400000000000000LDR,2024,M09,1.1
JTS400000000000000LDR,2024,M08,1.1
JTS400000000000000LDR,2024,M07,1.4
JTS400000000000000LDR,2024,M06,1.2
JTS400000000000000LDR,2024,M05,1.1
JTS400000000000000LDR,2024,M04,1.0
JTS400000000000000LDR,2024,M03,0.9
JTS400000000000000LDR,2024,M02,1.0
JTS400000000000000LDR,2024,M01,1.0
JTS400000000000000LDR,2023,M12,1.1
JTS400000000000000LDR,2023,M11,1.1
JTS400000000000000LDR,2023,M10,0.9
JTS400000000000000LDR,2023,M09,0.9
JTS400000000000000LDR,2023,M08,1.1
JTS400000000000000LDR,2023,M07,1.0
JTS400000000000000LDR,2023,M06,1.1
JTS400000000000000LDR,2023,M05,1.3
JTS400000000000000LDR,2023,M04,1.2
JTS400000000000000LDR,2023,M03,1.1
JTS400000000000000LDR,2023,M02,1.1
JTS400000000000000LDR,2023,M01,1.2
JTS400000000000000LDR,2022,M12,1.0
JTS400000000000000LDR,2022,M11,0.9
JTS400000000000000LDR,2022,M10,0.9
JTS400000000000000LDR,2022,M09,1.1
JTS400000000000000LDR,2022,M08,1.2
JTS400000000000000LDR,2022,M07,1.0
JTS400000000000000LDR,2022,M06,0.8
JTS400000000000000LDR,2022,M05,0.9
JTS400000000000000LDR,2022,M04,0.8
JTS400000000000000LDR,2022,M03,0.9
JTS400000000000000LDR,2022,M02,0.8
JTS400000000000000LDR,2022,M01,0.9
JTS400000000000000LDR,2021,M12,0.7
JTS400000000000000LDR,2021,M11,0.9
JTS400000000000000LDR,2021,M10,0.9
JTS400000000000000LDR,2021,M09,0.8
JTS400000000000000LDR,2021,M08,1.0
JTS400000000000000LDR,2021,M07,1.0
JTS400000000000000LDR,2021,M06,1.0
JTS400000000000000LDR,2021,M05,0.9
JTS400000000000000LDR,2021,M04,0.9
JTS400000000000000LDR,2021,M03,1.0
JTS400000000000000LDR,2021,M02,1.1
JTS400000000000000LDR,2021,M01,1.2
JTS400000000000000LDR,2020,M12,1.0
JTS400000000000000LDR,2020,M11,1.1
JTS400000000000000LDR,2020,M10,1.2
JTS400000000000000LDR,2020,M09,1.1
JTS400000000000000LDR,2020,M08,1.2
JTS400000000000000LDR,2020,M07,1.2
JTS400000000000000LDR,2020,M06,1.6
JTS400000000000000LDR,2020,M05,1.7
JTS400000000000000LDR,2020,M04,6.6
JTS400000000000000LDR,2020,M03,7.5
JTS400000000000000LDR,2020,M02,1.6
JTS400000000000000LDR,2020,M01,1.2
JTS400000000000000LDR,2019,M12,1.2
JTS400000000000000LDR,2019,M11,1.1
JTS400000000000000LDR,2019,M10,1.3
JTS400000000000000LDR,2019,M09,1.4
JTS400000000000000LDR,2019,M08,1.3
JTS400000000000000LDR,2019,M07,1.3
JTS400000000000000LDR,2019,M06,1.1
JTS400000000000000LDR,2019,M05,1.2
JTS400000000000000LDR,2019,M04,1.3
JTS400000000000000LDR,2019,M03,1.1
JTS400000000000000LDR,2019,M02,1.1
JTS400000000000000LDR,2019,M01,1.1
JTS400000000000000LDR,2018,M12,1.3
JTS400000000000000LDR,2018,M11,1.4
JTS400000000000000LDR,2018,M10,1.3
JTS400000000000000LDR,2018,M09,1.3
JTS400000000000000LDR,2018,M08,1.4
JTS400000000000000LDR,2018,M07,1.1
JTS400000000000000LDR,2018,M06,1.2
JTS400000000000000LDR,2018,M05,1.1
JTS400000000000000LDR,2018,M04,1.3
JTS400000000000000LDR,2018,M03,1.2
JTS400000000000000LDR,2018,M02,1.1
JTS400000000000000LDR,2018,M01,1.3
JTS400000000000000LDR,2017,M12,1.2
JTS400000000000000LDR,2017,M11,1.3
JTS400000000000000LDR,2017,M10,1.0
JTS400000000000000LDR,2017,M09,1.0
JTS400000000000000LDR,2017,M08,1.1
JTS400000000000000LDR,2017,M07,1.0
JTS400000000000000LDR,2017,M06,1.3
JTS400000000000000LDR,2017,M05,1.1
JTS400000000000000LDR,2017,M04,1.1
JTS400000000000000LDR,2017,M03,1.2
JTS400000000000000LDR,2017,M02,1.1
JTS400000000000000LDR,2017,M01,1.1
JTS510000000000000JOR,2026,M08,4.3
JTS510000000000000JOR,2026,M07,2.8
JTS510000000000000JOR,2026,M06,3.1
JTS510000000000000JOR,2026,M05,2.5
JTS510000000000000JOR,2026,M04,2.9
JTS510000000000000JOR,2026,M03,2.9
JTS510000000000000JOR,2026,M02,2.8
JTS510000000000000JOR,2026,M01,3.4
JTS510000000000000JOR,2025,M12,3.8
JTS510000000000000JOR,2025,M11,3.0
JTS510000000000000JOR,2025,M10,3.9
JTS510000000000000JOR,2025,M09,4.0
JTS510000000000000JOR,2025,M08,4.7
JTS510000000000000JOR,2025,M07,5.2
JTS510000000000000JOR,2025,M06,4.1
JTS510000000000000JOR,2025,M05,3.7
JTS510000000000000JOR,2025,M04,4.5
JTS510000000000000JOR,2025,M03,3.9
JTS510000000000000JOR,2025,M02,4.2
JTS510000000000000JOR,2025,M01,3.4
JTS510000000000000JOR,2024,M12,3.5
JTS510000000000000JOR,2024,M11,4.0
JTS510000000000000JOR,2024,M10,5.8
JTS510000000000000JOR,2024,M09,3.8
JTS510000000000000JOR,2024,M08,3.5
JTS510000000000000JOR,2024,M07,3.5
JTS510000000000000JOR,2024,M06,3.6
JTS510000000000000JOR,2024,M05,3.9
JTS510000000000000JOR,2024,M04,2.9
JTS510000000000000JOR,2024,M03,4.7
JTS510000000000000JOR,2024,M02,4.2
JTS510000000000000JOR,2024,M01,5.1
JTS510000000000000JOR,2023,M12,4.5
JTS510000000000000JOR,2023,M11,4.8
JTS510000000000000JOR,2023,M10,3.3
JTS510000000000000JOR,2023,M09,3.1
JTS510000000000000JOR,2023,M08,4.9
JTS510000000000000JOR,2023,M07,4.7
JTS510000000000000JOR,2023,M06,4.9
JTS510000000000000JOR,2023,M05,5.2
JTS510000000000000JOR,2023,M04,4.6
JTS510000000000000JOR,2023,M03,4.5
JTS510000000000000JOR,2023,M02,4.5
JTS510000000000000JOR,2023,M01,3.2
JTS510000000000000JOR,2022,M12,2.5
JTS510000000000000JOR,2022,M11,6.7
JTS510000000000000JOR,2022,M10,6.5
JTS510000000000000JOR,2022,M09,6.5
JTS510000000000000JOR,2022,M08,6.3
JTS510000000000000JOR,2022,M07,6.9
JTS510000000000000JOR,2022,M06,7.6
JTS510000000000000JOR,2022,M05,7.5
JTS510000000000000JOR,2022,M04,8.3
JTS510000000000000JOR,2022,M03,8.0
JTS510000000000000JOR,2022,M02,7.5
JTS510000000000000JOR,2022,M01,7.4
JTS510000000000000JOR,2021,M12,7.7
JTS510000000000000JOR,2021,M11,6.8
JTS510000000000000JOR,2021,M10,6.6
JTS510000000000000JOR,2021,M09,6.5
JTS510000000000000JOR,2021,M08,6.9
JTS510000000000000JOR,2021,M07,7.0
JTS510000000000000JOR,2021,M06,5.5
JTS510000000000000JOR,2021,M05,5.1
JTS510000000000000JOR,2021,M04,4.4
JTS510000000000000JOR,2021,M03,3.7
JTS510000000000000JOR,2021,M02,3.8
JTS510000000000000JOR,2021,M01,5.8
JTS510000000000000JOR,2020,M12,4.3
JTS510000000000000JOR,2020,M11,3.9
JTS510000000000000JOR,2020,M10,4.5
JTS510000000000000JOR,2020,M09,3.9
JTS510000000000000JOR,2020,M08,3.2
JTS510000000000000JOR,2020,M07,2.9
JTS510000000000000JOR,2020,M06,3.9
JTS510000000000000JOR,2020,M05,3.4
JTS510000000000000JOR,2020,M04,4.3
JTS510000000000000JOR,2020,M03,4.0
JTS510000000000000JOR,2020,M02,4.5
JTS510000000000000JOR,2020,M01,4.3
JTS510000000000000JOR,2019,M12,4.6
JTS510000000000000JOR,2019,M11,4.7
JTS510000000000000JOR,2019,M10,4.9
JTS510000000000000JOR,2019,M09,5.8
JTS510000000000000JOR,2019,M08,4.3
JTS510000000000000JOR,2019,M07,5.0
JTS510000000000000JOR,2019,M06,4.3
JTS510000000000000JOR,2019,M05,4.3
JTS510000000000000JOR,2019,M04,3.8
JTS510000000000000JOR,2019,M03,5.1
JTS510000000000000JOR,2019,M02,4.6
JTS510000000000000JOR,2019,M01,4.8
JTS510000000000000JOR,2018,M12,4.3
JTS510000000000000JOR,2018,M11,4.5
JTS510000000000000JOR,2018,M10,4.8
JTS510000000000000JOR,2018,M09,4.1
JTS510000000000000JOR,2018,M08,4.9
JTS510000000000000JOR,2018,M07,5.0
JTS510000000000000JOR,2018,M06,4.5
JTS510000000000000JOR,2018,M05,4.3
JTS510000000000000JOR,2018,M04,5.9
JTS510000000000000JOR,2018,M03,4.4
JTS510000000000000JOR,2018,M02,4.4
JTS510000000000000JOR,2018,M01,4.3
JTS510000000000000JOR,2017,M12,4.3
JTS510000000000000JOR,2017,M11,3.3
JTS510000000000000JOR,2017,M10,3.1
JTS510000000000000JOR,2017,M09,3.6
JTS510000000000000JOR,2017,M08,4.1
JTS510000000000000JOR,2017,M07,3.4
JTS510000000000000JOR,2017,M06,3.8
JTS510000000000000JOR,2017,M05,3.8
JTS510000000000000JOR,2017,M04,3.5
JTS510000000000000JOR,2017,M03,3.0
JTS510000000000000JOR,2017,M02,2.4
JTS510000000000000JOR,2017,M01,3.0
JTS510000000000000HIR,2026,M08,1.6
JTS510000000000000HIR,2026,M07,2.2
JTS510000000000000HIR,2026,M06,2.6
JTS510000000000000HIR,2026,M05,2.8
JTS510000000000000HIR,2026,M04,2.8
JTS510000000000000HIR,2026,M03,3.2
JTS510000000000000HIR,2026,M02,2.5
JTS510000000000000HIR,2026,M01,3.2
JTS510000000000000HIR,2025,M12,3.1
JTS510000000000000HIR,2025,M11,2.7
JTS510000000000000HIR,2025,M10,2.5
JTS510000000000000HIR,2025,M09,2.5
JTS510000000000000HIR,2025,M08,2.4
JTS510000000000000HIR,2025,M07,2.4
JTS510000000000000HIR,2025,M06,2.9
JTS510000000000000HIR,2025,M05,2.7
JTS510000000000000HIR,2025,M04,2.9
JTS510000000000000HIR,2025,M03,2.7
JTS510000000000000HIR,2025,M02,2.6
JTS510000000000000HIR,2025,M01,2.2
JTS510000000000000HIR,2024,M12,2.7
JTS510000000000000HIR,2024,M11,2.5
JTS510000000000000HIR,2024,M10,2.3
JTS510000000000000HIR,2024,M09,2.7
JTS510000000000000HIR,2024,M08,2.7
JTS510000000000000HIR,2024,M07,2.5
JTS510000000000000HIR,2024,M06,2.4
JTS510000000000000HIR,2024,M05,2.7
JTS510000000000000HIR,2024,M04,2.4
JTS510000000000000HIR,2024,M03,2.7
JTS510000000000000HIR,2024,M02,2.8
JTS510000000000000HIR,2024,M01,2.5
JTS510000000000000HIR,2023,M12,2.6
JTS510000000000000HIR,2023,M11,2.4
JTS510000000000000HIR,2023,M10,1.6
JTS510000000000000HIR,2023,M09,2.4
JTS510000000000000HIR,2023,M08,2.1
JTS510000000000000HIR,2023,M07,2.5
JTS510000000000000HIR,2023,M06,2.4
JTS510000000000000HIR,2023,M05,2.1
JTS510000000000000HIR,2023,M04,2.6
JTS510000000000000HIR,2023,M03,3.4
JTS510000000000000HIR,2023,M02,2.7
JTS510000000000000HIR,2023,M01,2.3
JTS510000000000000HIR,2022,M12,2.8
JTS510000000000000HIR,2022,M11,3.5
JTS510000000000000HIR,2022,M10,3.4
JTS510000000000000HIR,2022,M09,3.1
JTS510000000000000HIR,2022,M08,3.7
JTS510000000000000HIR,2022,M07,3.3
JTS510000000000000HIR,2022,M06,3.9
JTS510000000000000HIR,2022,M05,3.6
JTS510000000000000HIR,2022,M04,3.6
JTS510000000000000HIR,2022,M03,3.6
JTS510000000000000HIR,2022,M02,2.6
JTS510000000000000HIR,2022,M01,4.5
JTS510000000000000HIR,2021,M12,3.7
JTS510000000000000HIR,2021,M11,3.7
JTS510000000000000HIR,2021,M10,4.8
JTS510000000000000HIR,2021,M09,4.2
JTS510000000000000HIR,2021,M08,4.0
JTS510000000000000HIR,2021,M07,4.3
JTS510000000000000HIR,2021,M06,3.8
JTS510000000000000HIR,2021,M05,3.6
JTS510000000000000HIR,2021,M04,4.3
JTS510000000000000HIR,2021,M03,3.7
JTS510000000000000HIR,2021,M02,3.3
JTS510000000000000HIR,2021,M01,3.6
JTS510000000000000HIR,2020,M12,3.1
JTS510000000000000HIR,2020,M11,3.3
JTS510000000000000HIR,2020,M10,4.6
JTS510000000000000HIR,2020,M09,3.6
JTS510000000000000HIR,2020,M08,3.4
JTS510000000000000HIR,2020,M07,3.2
JTS510000000000000HIR,2020,M06,2.1
JTS510000000000000HIR,2020,M05,2.6
JTS510000000000000HIR,2020,M04,1.5
JTS510000000000000HIR,2020,M03,2.5
JTS510000000000000HIR,2020,M02,3.3
JTS510000000000000HIR,2020,M01,2.9
JTS510000000000000HIR,2019,M12,3.3
JTS510000000000000HIR,2019,M11,3.2
JTS510000000000000HIR,2019,M10,3.4
JTS510000000000000HIR,2019,M09,3.3
JTS510000000000000HIR,2019,M08,3.2
JTS510000000000000HIR,2019,M07,3.4
JTS510000000000000HIR,2019,M06,3.3
JTS510000000000000HIR,2019,M05,3.5
JTS510000000000000HIR,2019,M04,3.3
JTS510000000000000HIR,2019,M03,3.4
JTS510000000000000HIR,2019,M02,3.2
JTS510000000000000HIR,2019,M01,3.2
JTS510000000000000HIR,2018,M12,2.9
JTS510000000000000HIR,2018,M11,3.5
JTS510000000000000HIR,2018,M10,3.0
JTS510000000000000HIR,2018,M09,3.1
JTS510000000000000HIR,2018,M08,3.1
JTS510000000000000HIR,2018,M07,3.0
JTS510000000000000HIR,2018,M06,3.1
JTS510000000000000HIR,2018,M05,3.4
JTS510000000000000HIR,2018,M04,3.3
JTS510000000000000HIR,2018,M03,3.3
JTS510000000000000HIR,2018,M02,3.3
JTS510000000000000HIR,2018,M01,3.3
JTS510000000000000HIR,2017,M12,3.4
JTS510000000000000HIR,2017,M11,3.1
JTS510000000000000HIR,2017,M10,3.2
JTS510000000000000HIR,2017,M09,3.4
JTS510000000000000HIR,2017,M08,3.2
JTS510000000000000HIR,2017,M07,3.0
JTS510000000000000HIR,2017,M06,2.8
JTS510000000000000HIR,2017,M05,2.8
JTS510000000000000HIR,2017,M04,2.4
JTS510000000000000HIR,2017,M03,2.7
JTS510000000000000HIR,2017,M02,2.9
JTS510000000000000HIR,2017,M01,3.1
JTS510000000000000QUR,2026,M08,1.1
JTS510000000000000QUR,2026,M07,1.0
JTS510000000000000QUR,2026,M06,1.0
JTS510000000000000QUR,2026,M05,1.2
JTS510000000000000QUR,2026,M04,0.9
JTS510000000000000QUR,2026,M03,1.1
JTS510000000000000QUR,2026,M02,1.5
JTS510000000000000QUR,2026,M01,1.4
JTS510000000000000QUR,2025,M12,1.6
JTS510000000000000QUR,2025,M11,1.5
JTS510000000000000QUR,2025,M10,1.2
JTS510000000000000QUR,2025,M09,0.8
JTS510000000000000QUR,2025,M08,1.2
JTS510000000000000QUR,2025,M07,1.3
JTS510000000000000QUR,2025,M06,1.5
JTS510000000000000QUR,2025,M05,1.3
JTS510000000000000QUR,2025,M04,1.1
JTS510000000000000QUR,2025,M03,1.4
JTS510000000000000QUR,2025,M02,1.2
JTS510000000000000QUR,2025,M01,1.4
JTS510000000000000QUR,2024,M12,1.2
JTS510000000000000QUR,2024,M11,1.2
JTS510000000000000QUR,2024,M10,1.4
JTS510000000000000QUR,2024,M09,1.3
JTS510000000000000QUR,2024,M08,1.5
JTS510000000000000QUR,2024,M07,1.8
JTS510000000000000QUR,2024,M06,1.1
JTS510000000000000QUR,2024,M05,1.7
JTS510000000000000QUR,2024,M04,1.5
JTS510000000000000QUR,2024,M03,1.4
JTS510000000000000QUR,2024,M02,1.6
JTS510000000000000QUR,2024,M01,1.8
JTS510000000000000QUR,2023,M12,1.1
JTS510000000000000QUR,2023,M11,1.5
JTS510000000000000QUR,2023,M10,1.4
JTS510000000000000QUR,2023,M09,1.5
JTS510000000000000QUR,2023,M08,0.8
JTS510000000000000QUR,2023,M07,1.9
JTS510000000000000QUR,2023,M06,1.4
JTS510000000000000QUR,2023,M05,1.0
JTS510000000000000QUR,2023,M04,1.3
JTS510000000000000QUR,2023,M03,1.4
JTS510000000000000QUR,2023,M02,1.6
JTS510000000000000QUR,2023,M01,1.3
JTS510000000000000QUR,2022,M12,1.6
JTS510000000000000QUR,2022,M11,1.5
JTS510000000000000QUR,2022,M10,1.0
JTS510000000000000QUR,2022,M09,2.0
JTS510000000000000QUR,2022,M08,1.8
JTS510000000000000QUR,2022,M07,1.6
JTS510000000000000QUR,2022,M06,1.9
JTS510000000000000QUR,2022,M05,1.9
JTS510000000000000QUR,2022,M04,1.7
JTS510000000000000QUR,2022,M03,1.6
JTS510000000000000QUR,2022,M02,1.6
JTS510000000000000QUR,2022,M01,1.7
JTS510000000000000QUR,2021,M12,1.8
JTS510000000000000QUR,2021,M11,1.8
JTS510000000000000QUR,2021,M10,2.1
JTS510000000000000QUR,2021,M09,1.8
JTS510000000000000QUR,2021,M08,1.8
JTS510000000000000QUR,2021,M07,1.7
JTS510000000000000QUR,2021,M06,1.8
JTS510000000000000QUR,2021,M05,1.8
JTS510000000000000QUR,2021,M04,2.0
JTS510000000000000QUR,2021,M03,2.1
JTS510000000000000QUR,2021,M02,1.5
JTS510000000000000QUR,2021,M01,1.3
JTS510000000000000QUR,2020,M12,1.2
JTS510000000000000QUR,2020,M11,1.4
JTS510000000000000QUR,2020,M10,1.4
JTS510000000000000QUR,2020,M09,1.3
JTS510000000000000QUR,2020,M08,1.3
JTS510000000000000QUR,2020,M07,1.3
JTS510000000000000QUR,2020,M06,1.1
JTS510000000000000QUR,2020,M05,1.0
JTS510000000000000QUR,2020,M04,1.3
JTS510000000000000QUR,2020,M03,1.4
JTS510000000000000QUR,2020,M02,1.6
JTS510000000000000QUR,2020,M01,1.4
JTS510000000000000QUR,2019,M12,1.4
JTS510000000000000QUR,2019,M11,1.4
JTS510000000000000QUR,2019,M10,1.5
JTS510000000000000QUR,2019,M09,1.4
JTS510000000000000QUR,2019,M08,1.7
JTS510000000000000QUR,2019,M07,1.5
JTS510000000000000QUR,2019,M06,1.5
JTS510000000000000QUR,2019,M05,1.8
JTS510000000000000QUR,2019,M04,1.8
JTS510000000000000QUR,2019,M03,1.6
JTS510000000000000QUR,2019,M02,1.5
JTS510000000000000QUR,2019,M01,2.1
JTS510000000000000QUR,2018,M12,1.6
JTS510000000000000QUR,2018,M11,2.0
JTS510000000000000QUR,2018,M10,1.5
JTS510000000000000QUR,2018,M09,1.6
JTS510000000000000QUR,2018,M08,1.6
JTS510000000000000QUR,2018,M07,1.7
JTS510000000000000QUR,2018,M06,1.8
JTS510000000000000QUR,2018,M05,1.8
JTS510000000000000QUR,2018,M04,1.6
JTS510000000000000QUR,2018,M03,1.6
JTS510000000000000QUR,2018,M02,1.7
JTS510000000000000QUR,2018,M01,1.7
JTS510000000000000QUR,2017,M12,1.8
JTS510000000000000QUR,2017,M11,1.7
JTS510000000000000QUR,2017,M10,1.6
JTS510000000000000QUR,2017,M09,1.8
JTS510000000000000QUR,2017,M08,1.6
JTS510000000000000QUR,2017,M07,1.8
JTS510000000000000QUR,2017,M06,1.3
JTS510000000000000QUR,2017,M05,1.0
JTS510000000000000QUR,2017,M04,1.3
JTS510000000000000QUR,2017,M03,1.4
JTS510000000000000QUR,2017,M02,2.0
JTS510000000000000QUR,2017,M01,1.4
JTS510000000000000LDR,2026,M08,1.0
JTS510000000000000LDR,2026,M07,1.4
JTS510000000000000LDR,2026,M06,2.0
JTS510000000000000LDR,2026,M05,1.6
JTS510000000000000LDR,2026,M04,2.0
JTS510000000000000LDR,2026,M03,2.2
JTS510000000000000LDR,2026,M02,1.9
JTS510000000000000LDR,2026,M01,1.8
JTS510000000000000LDR,2025,M12,1.5
JTS510000000000000LDR,2025,M11,1.2
JTS510000000000000LDR,2025,M10,1.3
JTS510000000000000LDR,2025,M09,1.3
JTS510000000000000LDR,2025,M08,1.2
JTS510000000000000LDR,2025,M07,1.4
JTS510000000000000LDR,2025,M06,1.4
JTS510000000000000LDR,2025,M05,1.2
JTS510000000000000LDR,2025,M04,1.4
JTS510000000000000LDR,2025,M03,1.3
JTS510000000000000LDR,2025,M02,1.5
JTS510000000000000LDR,2025,M01,1.0
JTS510000000000000LDR,2024,M12,0.7
JTS510000000000000LDR,2024,M11,1.5
JTS510000000000000LDR,2024,M10,1.4
JTS510000000000000LDR,2024,M09,1.0
JTS510000000000000LDR,2024,M08,1.5
JTS510000000000000LDR,2024,M07,1.5
JTS510000000000000LDR,2024,M06,1.2
JTS510000000000000LDR,2024,M05,1.3
JTS510000000000000LDR,2024,M04,1.0
JTS510000000000000LDR,2024,M03,1.2
JTS510000000000000LDR,2024,M02,0.9
JTS510000000000000LDR,2024,M01,0.6
JTS510000000000000LDR,2023,M12,0.9
JTS510000000000000LDR,2023,M11,0.9
JTS510000000000000LDR,2023,M10,0.6
JTS510000000000000LDR,2023,M09,0.6
JTS510000000000000LDR,2023,M08,0.9
JTS510000000000000LDR,2023,M07,1.6
JTS510000000000000LDR,2023,M06,1.0
JTS510000000000000LDR,2023,M05,1.3
JTS510000000000000LDR,2023,M04,1.0
JTS510000000000000LDR,2023,M03,1.5
JTS510000000000000LDR,2023,M02,1.5
JTS510000000000000LDR,2023,M01,1.5
JTS510000000000000LDR,2022,M12,1.5
JTS510000000000000LDR,2022,M11,1.3
JTS510000000000000LDR,2022,M10,1.6
JTS510000000000000LDR,2022,M09,0.8
JTS510000000000000LDR,2022,M08,1.9
JTS510000000000000LDR,2022,M07,1.3
JTS510000000000000LDR,2022,M06,1.1
JTS510000000000000LDR,2022,M05,0.9
JTS510000000000000LDR,2022,M04,1.1
JTS510000000000000LDR,2022,M03,0.6
JTS510000000000000LDR,2022,M02,0.4
JTS510000000000000LDR,2022,M01,2.0
JTS510000000000000LDR,2021,M12,1.2
JTS510000000000000LDR,2021,M11,1.1
JTS510000000000000LDR,2021,M10,1.1
JTS510000000000000LDR,2021,M09,1.2
JTS510000000000000LDR,2021,M08,1.1
JTS510000000000000LDR,2021,M07,0.9
JTS510000000000000LDR,2021,M06,1.2
JTS510000000000000LDR,2021,M05,1.0
JTS510000000000000LDR,2021,M04,0.9
JTS510000000000000LDR,2021,M03,1.0
JTS510000000000000LDR,2021,M02,1.0
JTS510000000000000LDR,2021,M01,0.9
JTS510000000000000LDR,2020,M12,1.1
JTS510000000000000LDR,2020,M11,1.2
JTS510000000000000LDR,2020,M10,1.3
JTS510000000000000LDR,2020,M09,0.8
JTS510000000000000LDR,2020,M08,1.1
JTS510000000000000LDR,2020,M07,0.9
JTS510000000000000LDR,2020,M06,1.4
JTS510000000000000LDR,2020,M05,1.3
JTS510000000000000LDR,2020,M04,6.4
JTS510000000000000LDR,2020,M03,6.6
JTS510000000000000LDR,2020,M02,1.1
JTS510000000000000LDR,2020,M01,1.0
JTS510000000000000LDR,2019,M12,1.7
JTS510000000000000LDR,2019,M11,1.1
JTS510000000000000LDR,2019,M10,1.2
JTS510000000000000LDR,2019,M09,1.2
JTS510000000000000LDR,2019,M08,1.3
JTS510000000000000LDR,2019,M07,2.0
JTS510000000000000LDR,2019,M06,1.1
JTS510000000000000LDR,2019,M05,1.3
JTS510000000000000LDR,2019,M04,1.3
JTS510000000000000LDR,2019,M03,1.3
JTS510000000000000LDR,2019,M02,1.3
JTS510000000000000LDR,2019,M01,1.4
JTS510000000000000LDR,2018,M12,1.4
JTS510000000000000LDR,2018,M11,1.0
JTS510000000000000LDR,2018,M10,0.8
JTS510000000000000LDR,2018,M09,1.3
JTS510000000000000LDR,2018,M08,1.3
JTS510000000000000LDR,2018,M07,1.0
JTS510000000000000LDR,2018,M06,1.3
JTS510000000000000LDR,2018,M05,1.1
JTS510000000000000LDR,2018,M04,1.2
JTS510000000000000LDR,2018,M03,1.3
JTS510000000000000LDR,2018,M02,1.3
JTS510000000000000LDR,2018,M01,1.4
JTS510000000000000LDR,2017,M12,1.5
JTS510000000000000LDR,2017,M11,0.9
JTS510000000000000LDR,2017,M10,1.4
JTS510000000000000LDR,2017,M09,1.5
JTS510000000000000LDR,2017,M08,1.1
JTS510000000000000LDR,2017,M07,0.9
JTS510000000000000LDR,2017,M06,1.3
JTS510000000000000LDR,2017,M05,1.4
JTS510000000000000LDR,2017,M04,1.0
JTS510000000000000LDR,2017,M03,1.1
JTS510000000000000LDR,2017,M02,0.9
JTS510000000000000LDR,2017,M01,0.9
JTS510099000000000JOR,2026,M08,4.2
JTS510099000000000JOR,2026,M07,4.2
JTS510099000000000JOR,2026,M06,4.1
JTS510099000000000JOR,2026,M05,3.8
JTS510099000000000JOR,2026,M04,4.2
JTS510099000000000JOR,2026,M03,5.2
JTS510099000000000JOR,2026,M02,4.1
JTS510099000000000JOR,2026,M01,4.5
JTS510099000000000JOR,2025,M12,2.5
JTS510099000000000JOR,2025,M11,3.7
JTS510099000000000JOR,2025,M10,3.2
JTS510099000000000JOR,2025,M09,4.1
JTS510099000000000JOR,2025,M08,3.5
JTS510099000000000JOR,2025,M07,4.1
JTS510099000000000JOR,2025,M06,3.7
JTS510099000000000JOR,2025,M05,5.1
JTS510099000000000JOR,2025,M04,4.4
JTS510099000000000JOR,2025,M03,4.3
JTS510099000000000JOR,2025,M02,4.5
JTS510099000000000JOR,2025,M01,5.2
JTS510099000000000JOR,2024,M12,4.1
JTS510099000000000JOR,2024,M11,4.6
JTS510099000000000JOR,2024,M10,4.5
JTS510099000000000JOR,2024,M09,3.8
JTS510099000000000JOR,2024,M08,3.9
JTS510099000000000JOR,2024,M07,4.0
JTS510099000000000JOR,2024,M06,4.4
JTS510099000000000JOR,2024,M05,4.5
JTS510099000000000JOR,2024,M04,4.6
JTS510099000000000JOR,2024,M03,4.8
JTS510099000000000JOR,2024,M02,6.4
JTS510099000000000JOR,2024,M01,5.0
JTS510099000000000JOR,2023,M12,4.7
JTS510099000000000JOR,2023,M11,4.1
JTS510099000000000JOR,2023,M10,4.3
JTS510099000000000JOR,2023,M09,6.6
JTS510099000000000JOR,2023,M08,6.1
JTS510099000000000JOR,2023,M07,4.6
JTS510099000000000JOR,2023,M06,4.6
JTS510099000000000JOR,2023,M05,4.2
JTS510099000000000JOR,2023,M04,5.0
JTS510099000000000JOR,2023,M03,4.9
JTS510099000000000JOR,2023,M02,4.5
JTS510099000000000JOR,2023,M01,4.5
JTS510099000000000JOR,2022,M12,5.7
JTS510099000000000JOR,2022,M11,5.8
JTS510099000000000JOR,2022,M10,6.6
JTS510099000000000JOR,2022,M09,4.6
JTS510099000000000JOR,2022,M08,5.5
JTS510099000000000JOR,2022,M07,6.6
JTS510099000000000JOR,2022,M06,6.8
JTS510099000000000JOR,2022,M05,6.0
JTS510099000000000JOR,2022,M04,5.8
JTS510099000000000JOR,2022,M03,5.3
JTS510099000000000JOR,2022,M02,5.3
JTS510099000000000JOR,2022,M01,5.5
JTS510099000000000JOR,2021,M12,5.4
JTS510099000000000JOR,2021,M11,5.4
JTS510099000000000JOR,2021,M10,4.8
JTS510099000000000JOR,2021,M09,5.0
JTS510099000000000JOR,2021,M08,5.3
JTS510099000000000JOR,2021,M07,5.9
JTS510099000000000JOR,2021,M06,3.9
JTS510099000000000JOR,2021,M05,4.5
JTS510099000000000JOR,2021,M04,4.7
JTS510099000000000JOR,2021,M03,3.7
JTS510099000000000JOR,2021,M02,3.8
JTS510099000000000JOR,2021,M01,3.4
JTS510099000000000JOR,2020,M12,3.1
JTS510099000000000JOR,2020,M11,3.1
JTS510099000000000JOR,2020,M10,3.5
JTS510099000000000JOR,2020,M09,3.4
JTS510099000000000JOR,2020,M08,3.3
JTS510099000000000JOR,2020,M07,3.3
JTS510099000000000JOR,2020,M06,3.7
JTS510099000000000JOR,2020,M05,3.5
JTS510099000000000JOR,2020,M04,2.9
JTS510099000000000JOR,2020,M03,3.9
JTS510099000000000JOR,2020,M02,4.4
JTS510099000000000JOR,2020,M01,4.4
JTS510099000000000JOR,2019,M12,3.4
JTS510099000000000JOR,2019,M11,3.9
JTS510099000000000JOR,2019,M10,4.6
JTS510099000000000JOR,2019,M09,4.1
JTS510099000000000JOR,2019,M08,4.2
JTS510099000000000JOR,2019,M07,4.2
JTS510099000000000JOR,2019,M06,4.2
JTS510099000000000JOR,2019,M05,4.2
JTS510099000000000JOR,2019,M04,3.9
JTS510099000000000JOR,2019,M03,4.0
JTS510099000000000JOR,2019,M02,3.9
JTS510099000000000JOR,2019,M01,4.4
JTS510099000000000JOR,2018,M12,4.0
JTS510099000000000JOR,2018,M11,4.7
JTS510099000000000JOR,2018,M10,4.5
JTS510099000000000JOR,2018,M09,4.3
JTS510099000000000JOR,2018,M08,4.6
JTS510099000000000JOR,2018,M07,4.8
JTS510099000000000JOR,2018,M06,4.1
JTS510099000000000JOR,2018,M05,4.1
JTS510099000000000JOR,2018,M04,3.4
JTS510099000000000JOR,2018,M03,4.7
JTS510099000000000JOR,2018,M02,4.5
JTS510099000000000JOR,2018,M01,4.4
JTS510099000000000JOR,2017,M12,4.1
JTS510099000000000JOR,2017,M11,4.2
JTS510099000000000JOR,2017,M10,4.6
JTS510099000000000JOR,2017,M09,5.0
JTS510099000000000JOR,2017,M08,3.5
JTS510099000000000JOR,2017,M07,4.0
JTS510099000000000JOR,2017,M06,4.3
JTS510099000000000JOR,2017,M05,4.1
JTS510099000000000JOR,2017,M04,5.0
JTS510099000000000JOR,2017,M03,4.1
JTS510099000000000JOR,2017,M02,3.9
JTS510099000000000JOR,2017,M01,4.4
JTS510099000000000HIR,2026,M08,1.8
JTS510099000000000HIR,2026,M07,1.8
JTS510099000000000HIR,2026,M06,2.0
JTS510099000000000HIR,2026,M05,1.9
JTS510099000000000HIR,2026,M04,2.0
JTS510099000000000HIR,2026,M03,2.2
JTS510099000000000HIR,2026,M02,2.0
JTS510099000000000HIR,2026,M01,1.7
JTS510099000000000HIR,2025,M12,2.3
JTS510099000000000HIR,2025,M11,1.9
JTS510099000000000HIR,2025,M10,2.1
JTS510099000000000HIR,2025,M09,2.3
JTS510099000000000HIR,2025,M08,2.1
JTS510099000000000HIR,2025,M07,2.3
JTS510099000000000HIR,2025,M06,2.2
JTS510099000000000HIR,2025,M05,2.4
JTS510099000000000HIR,2025,M04,2.3
JTS510099000000000HIR,2025,M03,2.6
JTS510099000000000HIR,2025,M02,2.3
JTS510099000000000HIR,2025,M01,2.3
JTS510099000000000HIR,2024,M12,2.3
JTS510099000000000HIR,2024,M11,2.0
JTS510099000000000HIR,2024,M10,2.0
JTS510099000000000HIR,2024,M09,2.2
JTS510099000000000HIR,2024,M08,2.2
JTS510099000000000HIR,2024,M07,2.2
JTS510099000000000HIR,2024,M06,2.5
JTS510099000000000HIR,2024,M05,2.2
JTS510099000000000HIR,2024,M04,2.1
JTS510099000000000HIR,2024,M03,2.0
JTS510099000000000HIR,2024,M02,2.1
JTS510099000000000HIR,2024,M01,2.2
JTS510099000000000HIR,2023,M12,2.2
JTS510099000000000HIR,2023,M11,2.2
JTS510099000000000HIR,2023,M10,2.2
JTS510099000000000HIR,2023,M09,2.0
JTS510099000000000HIR,2023,M08,2.3
JTS510099000000000HIR,2023,M07,2.0
JTS510099000000000HIR,2023,M06,2.0
JTS510099000000000HIR,2023,M05,2.2
JTS510099000000000HIR,2023,M04,2.3
JTS510099000000000HIR,2023,M03,2.1
JTS510099000000000HIR,2023,M02,2.3
JTS510099000000000HIR,2023,M01,2.5
JTS510099000000000HIR,2022,M12,2.4
JTS510099000000000HIR,2022,M11,2.9
JTS510099000000000HIR,2022,M10,2.4
JTS510099000000000HIR,2022,M09,2.5
JTS510099000000000HIR,2022,M08,2.6
JTS510099000000000HIR,2022,M07,2.5
JTS510099000000000HIR,2022,M06,2.6
JTS510099000000000HIR,2022,M05,2.6
JTS510099000000000HIR,2022,M04,3.1
JTS510099000000000HIR,2022,M03,2.8
JTS510099000000000HIR,2022,M02,2.9
JTS510099000000000HIR,2022,M01,2.8
JTS510099000000000HIR,2021,M12,2.8
JTS510099000000000HIR,2021,M11,2.8
JTS510099000000000HIR,2021,M10,2.6
JTS510099000000000HIR,2021,M09,3.2
JTS510099000000000HIR,2021,M08,2.4
JTS510099000000000HIR,2021,M07,2.7
JTS510099000000000HIR,2021,M06,2.6
JTS510099000000000HIR,2021,M05,2.4
JTS510099000000000HIR,2021,M04,2.3
JTS510099000000000HIR,2021,M03,2.5
JTS510099000000000HIR,2021,M02,2.3
JTS510099000000000HIR,2021,M01,2.4
JTS510099000000000HIR,2020,M12,2.3
JTS510099000000000HIR,2020,M11,2.4
JTS510099000000000HIR,2020,M10,2.9
JTS510099000000000HIR,2020,M09,2.9
JTS510099000000000HIR,2020,M08,2.6
JTS510099000000000HIR,2020,M07,2.9
JTS510099000000000HIR,2020,M06,2.4
JTS510099000000000HIR,2020,M05,2.4
JTS510099000000000HIR,2020,M04,1.7
JTS510099000000000HIR,2020,M03,2.7
JTS510099000000000HIR,2020,M02,2.7
JTS510099000000000HIR,2020,M01,2.5
JTS510099000000000HIR,2019,M12,2.5
JTS510099000000000HIR,2019,M11,2.8
JTS510099000000000HIR,2019,M10,2.5
JTS510099000000000HIR,2019,M09,2.6
JTS510099000000000HIR,2019,M08,2.7
JTS510099000000000HIR,2019,M07,2.8
JTS510099000000000HIR,2019,M06,2.5
JTS510099000000000HIR,2019,M05,2.6
JTS510099000000000HIR,2019,M04,2.6
JTS510099000000000HIR,2019,M03,2.2
JTS510099000000000HIR,2019,M02,2.3
JTS510099000000000HIR,2019,M01,2.2
JTS510099000000000HIR,2018,M12,2.5
JTS510099000000000HIR,2018,M11,2.4
JTS510099000000000HIR,2018,M10,2.3
JTS510099000000000HIR,2018,M09,2.7
JTS510099000000000HIR,2018,M08,2.4
JTS510099000000000HIR,2018,M07,2.4
JTS510099000000000HIR,2018,M06,2.6
JTS510099000000000HIR,2018,M05,2.4
JTS510099000000000HIR,2018,M04,2.3
JTS510099000000000HIR,2018,M03,2.2
JTS510099000000000HIR,2018,M02,2.4
JTS510099000000000HIR,2018,M01,2.5
JTS510099000000000HIR,2017,M12,2.3
JTS510099000000000HIR,2017,M11,2.3
JTS510099000000000HIR,2017,M10,2.7
JTS510099000000000HIR,2017,M09,2.3
JTS510099000000000HIR,2017,M08,2.5
JTS510099000000000HIR,2017,M07,2.5
JTS510099000000000HIR,2017,M06,2.5
JTS510099000000000HIR,2017,M05,2.7
JTS510099000000000HIR,2017,M04,2.4
JTS510099000000000HIR,2017,M03,2.7
JTS510099000000000HIR,2017,M02,2.2
JTS510099000000000HIR,2017,M01,2.7
JTS510099000000000QUR,2026,M08,1.0
JTS510099000000000QUR,2026,M07,1.1
JTS510099000000000QUR,2026,M06,1.0
JTS510099000000000QUR,2026,M05,1.3
JTS510099000000000QUR,2026,M04,1.2
JTS510099000000000QUR,2026,M03,1.5
JTS510099000000000QUR,2026,M02,1.1
JTS510099000000000QUR,2026,M01,1.1
JTS510099000000000QUR,2025,M12,1.3
JTS510099000000000QUR,2025,M11,1.1
JTS510099000000000QUR,2025,M10,1.2
JTS510099000000000QUR,2025,M09,1.4
JTS510099000000000QUR,2025,M08,1.3
JTS510099000000000QUR,2025,M07,1.4
JTS510099000000000QUR,2025,M06,1.2
JTS510099000000000QUR,2025,M05,1.5
JTS510099000000000QUR,2025,M04,1.4
JTS510099000000000QUR,2025,M03,1.5
JTS510099000000000QUR,2025,M02,1.3
JTS510099000000000QUR,2025,M01,1.4
JTS510099000000000QUR,2024,M12,1.3
JTS510099000000000QUR,2024,M11,1.2
JTS510099000000000QUR,2024,M10,1.2
JTS510099000000000QUR,2024,M09,1.4
JTS510099000000000QUR,2024,M08,1.0
JTS510099000000000QUR,2024,M07,1.2
JTS510099000000000QUR,2024,M06,1.6
JTS510099000000000QUR,2024,M05,1.3
JTS510099000000000QUR,2024,M04,1.2
JTS510099000000000QUR,2024,M03,1.2
JTS510099000000000QUR,2024,M02,1.4
JTS510099000000000QUR,2024,M01,1.2
JTS510099000000000QUR,2023,M12,1.4
JTS510099000000000QUR,2023,M11,1.4
JTS510099000000000QUR,2023,M10,1.4
JTS510099000000000QUR,2023,M09,1.3
JTS510099000000000QUR,2023,M08,1.5
JTS510099000000000QUR,2023,M07,1.2
JTS510099000000000QUR,2023,M06,1.3
JTS510099000000000QUR,2023,M05,1.5
JTS510099000000000QUR,2023,M04,1.6
JTS510099000000000QUR,2023,M03,1.2
JTS510099000000000QUR,2023,M02,1.3
JTS510099000000000QUR,2023,M01,1.5
JTS510099000000000QUR,2022,M12,1.5
JTS510099000000000QUR,2022,M11,1.4
JTS510099000000000QUR,2022,M10,1.6
JTS510099000000000QUR,2022,M09,1.5
JTS510099000000000QUR,2022,M08,1.6
JTS510099000000000QUR,2022,M07,1.9
JTS510099000000000QUR,2022,M06,1.6
JTS510099000000000QUR,2022,M05,1.5
JTS510099000000000QUR,2022,M04,2.1
JTS510099000000000QUR,2022,M03,1.8
JTS510099000000000QUR,2022,M02,1.7
JTS510099000000000QUR,2022,M01,1.9
JTS510099000000000QUR,2021,M12,1.6
JTS510099000000000QUR,2021,M11,1.7
JTS510099000000000QUR,2021,M10,1.5
JTS510099000000000QUR,2021,M09,1.7
JTS510099000000000QUR,2021,M08,1.4
JTS510099000000000QUR,2021,M07,1.5
JTS510099000000000QUR,2021,M06,1.5
JTS510099000000000QUR,2021,M05,1.4
JTS510099000000000QUR,2021,M04,1.5
JTS510099000000000QUR,2021,M03,1.4
JTS510099000000000QUR,2021,M02,1.4
JTS510099000000000QUR,2021,M01,1.5
JTS510099000000000QUR,2020,M12,1.3
JTS510099000000000QUR,2020,M11,1.4
JTS510099000000000QUR,2020,M10,1.5
JTS510099000000000QUR,2020,M09,1.4
JTS510099000000000QUR,2020,M08,1.5
JTS510099000000000QUR,2020,M07,1.1
JTS510099000000000QUR,2020,M06,1.1
JTS510099000000000QUR,2020,M05,1.2
JTS510099000000000QUR,2020,M04,0.7
JTS510099000000000QUR,2020,M03,1.3
JTS510099000000000QUR,2020,M02,1.5
JTS510099000000000QUR,2020,M01,1.5
JTS510099000000000QUR,2019,M12,1.5
JTS510099000000000QUR,2019,M11,1.8
JTS510099000000000QUR,2019,M10,1.5
JTS510099000000000QUR,2019,M09,1.5
JTS510099000000000QUR,2019,M08,1.6
JTS510099000000000QUR,2019,M07,1.5
JTS510099000000000QUR,2019,M06,1.5
JTS510099000000000QUR,2019,M05,1.4
JTS510099000000000QUR,2019,M04,1.6
JTS510099000000000QUR,2019,M03,1.3
JTS510099000000000QUR,2019,M02,1.2
JTS510099000000000QUR,2019,M01,1.2
JTS510099000000000QUR,2018,M12,1.5
JTS510099000000000QUR,2018,M11,1.3
JTS510099000000000QUR,2018,M10,1.2
JTS510099000000000QUR,2018,M09,1.4
JTS510099000000000QUR,2018,M08,1.5
JTS510099000000000QUR,2018,M07,1.5
JTS510099000000000QUR,2018,M06,1.4
JTS510099000000000QUR,2018,M05,1.3
JTS510099000000000QUR,2018,M04,1.1
JTS510099000000000QUR,2018,M03,1.3
JTS510099000000000QUR,2018,M02,1.5
JTS510099000000000QUR,2018,M01,1.4
JTS510099000000000QUR,2017,M12,1.4
JTS510099000000000QUR,2017,M11,1.4
JTS510099000000000QUR,2017,M10,1.5
JTS510099000000000QUR,2017,M09,1.3
JTS510099000000000QUR,2017,M08,1.2
JTS510099000000000QUR,2017,M07,1.3
JTS510099000000000QUR,2017,M06,1.3
JTS510099000000000QUR,2017,M05,1.5
JTS510099000000000QUR,2017,M04,1.3
JTS510099000000000QUR,2017,M03,1.3
JTS510099000000000QUR,2017,M02,1.2
JTS510099000000000QUR,2017,M01,1.5
JTS510099000000000LDR,2026,M08,0.6
JTS510099000000000LDR,2026,M07,0.6
JTS510099000000000LDR,2026,M06,0.5
JTS510099000000000LDR,2026,M05,0.4
JTS510099000000000LDR,2026,M04,0.6
JTS510099000000000LDR,2026,M03,0.5
JTS510099000000000LDR,2026,M02,0.5
JTS510099000000000LDR,2026,M01,0.6
JTS510099000000000LDR,2025,M12,0.6
JTS510099000000000LDR,2025,M11,0.6
JTS510099000000000LDR,2025,M10,0.6
JTS510099000000000LDR,2025,M09,0.6
JTS510099000000000LDR,2025,M08,0.7
JTS510099000000000LDR,2025,M07,0.7
JTS510099000000000LDR,2025,M06,0.6
JTS510099000000000LDR,2025,M05,0.6
JTS510099000000000LDR,2025,M04,0.9
JTS510099000000000LDR,2025,M03,0.6
JTS510099000000000LDR,2025,M02,0.6
JTS510099000000000LDR,2025,M01,0.4
JTS510099000000000LDR,2024,M12,0.6
JTS510099000000000LDR,2024,M11,0.7
JTS510099000000000LDR,2024,M10,0.6
JTS510099000000000LDR,2024,M09,0.6
JTS510099000000000LDR,2024,M08,0.9
JTS510099000000000LDR,2024,M07,0.7
JTS510099000000000LDR,2024,M06,0.5
JTS510099000000000LDR,2024,M05,0.7
JTS510099000000000LDR,2024,M04,0.8
JTS510099000000000LDR,2024,M03,0.6
JTS510099000000000LDR,2024,M02,0.5
JTS510099000000000LDR,2024,M01,0.8
JTS510099000000000LDR,2023,M12,0.5
JTS510099000000000LDR,2023,M11,0.7
JTS510099000000000LDR,2023,M10,0.8
JTS510099000000000LDR,2023,M09,0.6
JTS510099000000000LDR,2023,M08,0.6
JTS510099000000000LDR,2023,M07,0.5
JTS510099000000000LDR,2023,M06,0.3
JTS510099000000000LDR,2023,M05,0.5
JTS510099000000000LDR,2023,M04,0.4
JTS510099000000000LDR,2023,M03,0.5
JTS510099000000000LDR,2023,M02,0.4
JTS510099000000000LDR,2023,M01,0.7
JTS510099000000000LDR,2022,M12,0.5
JTS510099000000000LDR,2022,M11,1.1
JTS510099000000000LDR,2022,M10,0.6
JTS510099000000000LDR,2022,M09,0.7
JTS510099000000000LDR,2022,M08,0.6
JTS510099000000000LDR,2022,M07,0.3
JTS510099000000000LDR,2022,M06,0.5
JTS510099000000000LDR,2022,M05,0.6
JTS510099000000000LDR,2022,M04,0.3
JTS510099000000000LDR,2022,M03,0.4
JTS510099000000000LDR,2022,M02,0.5
JTS510099000000000LDR,2022,M01,0.4
JTS510099000000000LDR,2021,M12,0.5
JTS510099000000000LDR,2021,M11,0.3
JTS510099000000000LDR,2021,M10,0.4
JTS510099000000000LDR,2021,M09,0.5
JTS510099000000000LDR,2021,M08,0.5
JTS510099000000000LDR,2021,M07,0.6
JTS510099000000000LDR,2021,M06,0.5
JTS510099000000000LDR,2021,M05,0.5
JTS510099000000000LDR,2021,M04,0.5
JTS510099000000000LDR,2021,M03,0.7
JTS510099000000000LDR,2021,M02,0.6
JTS510099000000000LDR,2021,M01,0.5
JTS510099000000000LDR,2020,M12,0.6
JTS510099000000000LDR,2020,M11,0.6
JTS510099000000000LDR,2020,M10,0.5
JTS510099000000000LDR,2020,M09,0.6
JTS510099000000000LDR,2020,M08,0.6
JTS510099000000000LDR,2020,M07,0.9
JTS510099000000000LDR,2020,M06,1.3
JTS510099000000000LDR,2020,M05,0.7
JTS510099000000000LDR,2020,M04,2.8
JTS510099000000000LDR,2020,M03,2.7
JTS510099000000000LDR,2020,M02,0.7
JTS510099000000000LDR,2020,M01,0.6
JTS510099000000000LDR,2019,M12,0.6
JTS510099000000000LDR,2019,M11,0.5
JTS510099000000000LDR,2019,M10,0.5
JTS510099000000000LDR,2019,M09,0.7
JTS510099000000000LDR,2019,M08,0.7
JTS510099000000000LDR,2019,M07,0.7
JTS510099000000000LDR,2019,M06,0.7
JTS510099000000000LDR,2019,M05,0.6
JTS510099000000000LDR,2019,M04,0.5
JTS510099000000000LDR,2019,M03,0.4
JTS510099000000000LDR,2019,M02,0.7
JTS510099000000000LDR,2019,M01,0.6
JTS510099000000000LDR,2018,M12,0.6
JTS510099000000000LDR,2018,M11,0.7
JTS510099000000000LDR,2018,M10,0.5
JTS510099000000000LDR,2018,M09,0.6
JTS510099000000000LDR,2018,M08,0.5
JTS510099000000000LDR,2018,M07,0.5
JTS510099000000000LDR,2018,M06,0.7
JTS510099000000000LDR,2018,M05,0.7
JTS510099000000000LDR,2018,M04,0.7
JTS510099000000000LDR,2018,M03,0.5
JTS510099000000000LDR,2018,M02,0.5
JTS510099000000000LDR,2018,M01,0.8
JTS510099000000000LDR,2017,M12,0.6
JTS510099000000000LDR,2017,M11,0.6
JTS510099000000000LDR,2017,M10,0.9
JTS510099000000000LDR,2017,M09,0.5
JTS510099000000000LDR,2017,M08,0.8
JTS510099000000000LDR,2017,M07,0.8
JTS510099000000000LDR,2017,M06,0.7
JTS510099000000000LDR,2017,M05,0.6
JTS510099000000000LDR,2017,M04,0.5
JTS510099000000000LDR,2017,M03,0.8
JTS510099000000000LDR,2017,M02,0.8
JTS510099000000000LDR,2017,M01,0.6
JTS540099000000000JOR,2026,M08,5.0
JTS540099000000000JOR,2026,M07,5.5
JTS540099000000000JOR,2026,M06,5.1
JTS540099000000000JOR,2026,M05,5.8
JTS540099000000000JOR,2026,M04,6.2
JTS540099000000000JOR,2026,M03,4.5
JTS540099000000000JOR,2026,M02,5.5
JTS540099000000000JOR,2026,M01,5.1
JTS540099000000000JOR,2025,M12,5.0
JTS540099000000000JOR,2025,M11,5.5
JTS540099000000000JOR,2025,M10,5.4
JTS540099000000000JOR,2025,M09,5.4
JTS540099000000000JOR,2025,M08,4.7
JTS540099000000000JOR,2025,M07,5.2
JTS540099000000000JOR,2025,M06,5.6
JTS540099000000000JOR,2025,M05,5.2
JTS540099000000000JOR,2025,M04,5.6
JTS540099000000000JOR,2025,M03,5.1
JTS540099000000000JOR,2025,M02,5.2
JTS540099000000000JOR,2025,M01,5.3
JTS540099000000000JOR,2024,M12,5.4
JTS540099000000000JOR,2024,M11,6.3
JTS540099000000000JOR,2024,M10,5.3
JTS540099000000000JOR,2024,M09,5.2
JTS540099000000000JOR,2024,M08,5.5
JTS540099000000000JOR,2024,M07,5.5
JTS540099000000000JOR,2024,M06,4.6
JTS540099000000000JOR,2024,M05,5.5
JTS540099000000000JOR,2024,M04,5.2
JTS540099000000000JOR,2024,M03,5.5
JTS540099000000000JOR,2024,M02,5.9
JTS540099000000000JOR,2024,M01,6.0
JTS540099000000000JOR,2023,M12,5.7
JTS540099000000000JOR,2023,M11,5.5
JTS540099000000000JOR,2023,M10,6.1
JTS540099000000000JOR,2023,M09,6.2
JTS540099000000000JOR,2023,M08,6.4
JTS540099000000000JOR,2023,M07,5.2
JTS540099000000000JOR,2023,M06,6.3
JTS540099000000000JOR,2023,M05,6.7
JTS540099000000000JOR,2023,M04,7.3
JTS540099000000000JOR,2023,M03,7.4
JTS540099000000000JOR,2023,M02,7.5
JTS540099000000000JOR,2023,M01,8.1
JTS540099000000000JOR,2022,M12,8.5
JTS540099000000000JOR,2022,M11,8.5
JTS540099000000000JOR,2022,M10,7.2
JTS540099000000000JOR,2022,M09,8.6
JTS540099000000000JOR,2022,M08,7.3
JTS540099000000000JOR,2022,M07,8.5
JTS540099000000000JOR,2022,M06,9.2
JTS540099000000000JOR,2022,M05,9.0
JTS540099000000000JOR,2022,M04,9.3
JTS540099000000000JOR,2022,M03,9.9
JTS540099000000000JOR,2022,M02,9.6
JTS540099000000000JOR,2022,M01,8.6
JTS540099000000000JOR,2021,M12,8.6
JTS540099000000000JOR,2021,M11,8.5
JTS540099000000000JOR,2021,M10,8.8
JTS540099000000000JOR,2021,M09,8.3
JTS540099000000000JOR,2021,M08,8.7
JTS540099000000000JOR,2021,M07,8.8
JTS540099000000000JOR,2021,M06,8.3
JTS540099000000000JOR,2021,M05,8.1
JTS540099000000000JOR,2021,M04,7.6
JTS540099000000000JOR,2021,M03,6.9
JTS540099000000000JOR,2021,M02,6.6
JTS540099000000000JOR,2021,M01,6.4
JTS540099000000000JOR,2020,M12,6.5
JTS540099000000000JOR,2020,M11,6.1
JTS540099000000000JOR,2020,M10,5.8
JTS540099000000000JOR,2020,M09,5.9
JTS540099000000000JOR,2020,M08,5.4
JTS540099000000000JOR,2020,M07,5.4
JTS540099000000000JOR,2020,M06,5.2
JTS540099000000000JOR,2020,M05,4.9
JTS540099000000000JOR,2020,M04,4.1
JTS540099000000000JOR,2020,M03,4.9
JTS540099000000000JOR,2020,M02,5.7
JTS540099000000000JOR,2020,M01,5.7
JTS540099000000000JOR,2019,M12,5.5
JTS540099000000000JOR,2019,M11,5.3
JTS540099000000000JOR,2019,M10,5.3
JTS540099000000000JOR,2019,M09,5.5
JTS540099000000000JOR,2019,M08,5.6
JTS540099000000000JOR,2019,M07,5.5
JTS540099000000000JOR,2019,M06,5.6
JTS540099000000000JOR,2019,M05,5.6
JTS540099000000000JOR,2019,M04,5.2
JTS540099000000000JOR,2019,M03,6.0
JTS540099000000000JOR,2019,M02,6.1
JTS540099000000000JOR,2019,M01,6.2
JTS540099000000000JOR,2018,M12,6.0
JTS540099000000000JOR,2018,M11,6.0
JTS540099000000000JOR,2018,M10,6.0
JTS540099000000000JOR,2018,M09,6.0
JTS540099000000000JOR,2018,M08,5.9
JTS540099000000000JOR,2018,M07,5.6
JTS540099000000000JOR,2018,M06,5.7
JTS540099000000000JOR,2018,M05,5.6
JTS540099000000000JOR,2018,M04,5.4
JTS540099000000000JOR,2018,M03,5.4
JTS540099000000000JOR,2018,M02,5.1
JTS540099000000000JOR,2018,M01,5.1
JTS540099000000000JOR,2017,M12,4.5
JTS540099000000000JOR,2017,M11,4.8
JTS540099000000000JOR,2017,M10,6.0
JTS540099000000000JOR,2017,M09,5.1
JTS540099000000000JOR,2017,M08,5.1
JTS540099000000000JOR,2017,M07,5.2
JTS540099000000000JOR,2017,M06,5.7
JTS540099000000000JOR,2017,M05,4.7
JTS540099000000000JOR,2017,M04,4.9
JTS540099000000000JOR,2017,M03,4.7
JTS540099000000000JOR,2017,M02,4.6
JTS540099000000000JOR,2017,M01,4.6
JTS540099000000000HIR,2026,M08,4.2
JTS540099000000000HIR,2026,M07,4.0
JTS540099000000000HIR,2026,M06,4.8
JTS540099000000000HIR,2026,M05,4.8
JTS540099000000000HIR,2026,M04,4.3
JTS540099000000000HIR,2026,M03,4.7
JTS540099000000000HIR,2026,M02,4.0
JTS540099000000000HIR,2026,M01,4.5
JTS540099000000000HIR,2025,M12,4.2
JTS540099000000000HIR,2025,M11,4.4
JTS540099000000000HIR,2025,M10,4.4
JTS540099000000000HIR,2025,M09,4.5
JTS540099000000000HIR,2025,M08,4.6
JTS540099000000000HIR,2025,M07,4.7
JTS540099000000000HIR,2025,M06,4.6
JTS540099000000000HIR,2025,M05,4.6
JTS540099000000000HIR,2025,M04,4.9
JTS540099000000000HIR,2025,M03,4.7
JTS540099000000000HIR,2025,M02,4.6
JTS540099000000000HIR,2025,M01,4.3
JTS540099000000000HIR,2024,M12,4.4
JTS540099000000000HIR,2024,M11,4.0
JTS540099000000000HIR,2024,M10,4.2
JTS540099000000000HIR,2024,M09,4.4
JTS540099000000000HIR,2024,M08,4.4
JTS540099000000000HIR,2024,M07,4.0
JTS540099000000000HIR,2024,M06,4.1
JTS540099000000000HIR,2024,M05,4.5
JTS540099000000000HIR,2024,M04,4.4
JTS540099000000000HIR,2024,M03,4.7
JTS540099000000000HIR,2024,M02,4.6
JTS540099000000000HIR,2024,M01,4.7
JTS540099000000000HIR,2023,M12,4.7
JTS540099000000000HIR,2023,M11,3.9
JTS540099000000000HIR,2023,M10,4.7
JTS540099000000000HIR,2023,M09,4.4
JTS540099000000000HIR,2023,M08,4.5
JTS540099000000000HIR,2023,M07,4.5
JTS540099000000000HIR,2023,M06,4.6
JTS540099000000000HIR,2023,M05,4.5
JTS540099000000000HIR,2023,M04,5.1
JTS540099000000000HIR,2023,M03,4.6
JTS540099000000000HIR,2023,M02,4.6
JTS540099000000000HIR,2023,M01,4.8
JTS540099000000000HIR,2022,M12,4.7
JTS540099000000000HIR,2022,M11,5.0
JTS540099000000000HIR,2022,M10,5.1
JTS540099000000000HIR,2022,M09,5.2
JTS540099000000000HIR,2022,M08,5.2
JTS540099000000000HIR,2022,M07,5.6
JTS540099000000000HIR,2022,M06,5.7
JTS540099000000000HIR,2022,M05,5.9
JTS540099000000000HIR,2022,M04,5.8
JTS540099000000000HIR,2022,M03,5.9
JTS540099000000000HIR,2022,M02,6.2
JTS540099000000000HIR,2022,M01,5.7
JTS540099000000000HIR,2021,M12,6.0
JTS540099000000000HIR,2021,M11,6.4
JTS540099000000000HIR,2021,M10,6.3
JTS540099000000000HIR,2021,M09,6.2
JTS540099000000000HIR,2021,M08,5.7
JTS540099000000000HIR,2021,M07,6.2
JTS540099000000000HIR,2021,M06,5.8
JTS540099000000000HIR,2021,M05,5.5
JTS540099000000000HIR,2021,M04,5.6
JTS540099000000000HIR,2021,M03,5.5
JTS540099000000000HIR,2021,M02,5.6
JTS540099000000000HIR,2021,M01,5.7
JTS540099000000000HIR,2020,M12,5.7
JTS540099000000000HIR,2020,M11,6.0
JTS540099000000000HIR,2020,M10,5.5
JTS540099000000000HIR,2020,M09,5.7
JTS540099000000000HIR,2020,M08,5.8
JTS540099000000000HIR,2020,M07,5.7
JTS540099000000000HIR,2020,M06,6.0
JTS540099000000000HIR,2020,M05,5.2
JTS540099000000000HIR,2020,M04,4.3
JTS540099000000000HIR,2020,M03,5.2
JTS540099000000000HIR,2020,M02,5.2
JTS540099000000000HIR,2020,M01,5.4
JTS540099000000000HIR,2019,M12,5.4
JTS540099000000000HIR,2019,M11,5.3
JTS540099000000000HIR,2019,M10,5.2
JTS540099000000000HIR,2019,M09,5.4
JTS540099000000000HIR,2019,M08,5.4
JTS540099000000000HIR,2019,M07,5.4
JTS540099000000000HIR,2019,M06,5.2
JTS540099000000000HIR,2019,M05,5.3
JTS540099000000000HIR,2019,M04,5.9
JTS540099000000000HIR,2019,M03,5.6
JTS540099000000000HIR,2019,M02,5.6
JTS540099000000000HIR,2019,M01,5.0
JTS540099000000000HIR,2018,M12,5.5
JTS540099000000000HIR,2018,M11,5.4
JTS540099000000000HIR,2018,M10,5.6
JTS540099000000000HIR,2018,M09,5.2
JTS540099000000000HIR,2018,M08,5.3
JTS540099000000000HIR,2018,M07,5.3
JTS540099000000000HIR,2018,M06,5.7
JTS540099000000000HIR,2018,M05,5.6
JTS540099000000000HIR,2018,M04,5.4
JTS540099000000000HIR,2018,M03,5.6
JTS540099000000000HIR,2018,M02,5.6
JTS540099000000000HIR,2018,M01,5.2
JTS540099000000000HIR,2017,M12,5.2
JTS540099000000000HIR,2017,M11,5.4
JTS540099000000000HIR,2017,M10,5.7
JTS540099000000000HIR,2017,M09,5.6
JTS540099000000000HIR,2017,M08,5.6
JTS540099000000000HIR,2017,M07,5.7
JTS540099000000000HIR,2017,M06,6.1
JTS540099000000000HIR,2017,M05,5.4
JTS540099000000000HIR,2017,M04,5.0
JTS540099000000000HIR,2017,M03,5.1
JTS540099000000000HIR,2017,M02,5.2
JTS540099000000000HIR,2017,M01,5.5
JTS540099000000000QUR,2026,M08,2.1
JTS540099000000000QUR,2026,M07,1.8
JTS540099000000000QUR,2026,M06,2.1
JTS540099000000000QUR,2026,M05,2.2
JTS540099000000000QUR,2026,M04,1.9
JTS540099000000000QUR,2026,M03,2.0
JTS540099000000000QUR,2026,M02,2.0
JTS540099000000000QUR,2026,M01,2.2
JTS540099000000000QUR,2025,M12,1.9
JTS540099000000000QUR,2025,M11,2.1
JTS540099000000000QUR,2025,M10,2.4
JTS540099000000000QUR,2025,M09,2.4
JTS540099000000000QUR,2025,M08,2.5
JTS540099000000000QUR,2025,M07,2.6
JTS540099000000000QUR,2025,M06,1.9
JTS540099000000000QUR,2025,M05,2.4
JTS540099000000000QUR,2025,M04,2.3
JTS540099000000000QUR,2025,M03,2.9
JTS540099000000000QUR,2025,M02,2.3
JTS540099000000000QUR,2025,M01,2.4
JTS540099000000000QUR,2024,M12,2.6
JTS540099000000000QUR,2024,M11,2.2
JTS540099000000000QUR,2024,M10,2.4
JTS540099000000000QUR,2024,M09,2.3
JTS540099000000000QUR,2024,M08,2.4
JTS540099000000000QUR,2024,M07,2.2
JTS540099000000000QUR,2024,M06,2.6
JTS540099000000000QUR,2024,M05,2.2
JTS540099000000000QUR,2024,M04,2.3
JTS540099000000000QUR,2024,M03,3.0
JTS540099000000000QUR,2024,M02,2.7
JTS540099000000000QUR,2024,M01,2.2
JTS540099000000000QUR,2023,M12,2.4
JTS540099000000000QUR,2023,M11,2.7
JTS540099000000000QUR,2023,M10,2.8
JTS540099000000000QUR,2023,M09,2.6
JTS540099000000000QUR,2023,M08,2.6
JTS540099000000000QUR,2023,M07,2.6
JTS540099000000000QUR,2023,M06,2.6
JTS540099000000000QUR,2023,M05,2.8
JTS540099000000000QUR,2023,M04,2.6
JTS540099000000000QUR,2023,M03,2.7
JTS540099000000000QUR,2023,M02,2.8
JTS540099000000000QUR,2023,M01,2.4
JTS540099000000000QUR,2022,M12,3.1
JTS540099000000000QUR,2022,M11,3.2
JTS540099000000000QUR,2022,M10,2.8
JTS540099000000000QUR,2022,M09,3.3
JTS540099000000000QUR,2022,M08,3.1
JTS540099000000000QUR,2022,M07,3.5
JTS540099000000000QUR,2022,M06,3.4
JTS540099000000000QUR,2022,M05,3.5
JTS540099000000000QUR,2022,M04,3.8
JTS540099000000000QUR,2022,M03,3.5
JTS540099000000000QUR,2022,M02,3.3
JTS540099000000000QUR,2022,M01,3.6
JTS540099000000000QUR,2021,M12,3.5
JTS540099000000000QUR,2021,M11,3.8
JTS540099000000000QUR,2021,M10,3.4
JTS540099000000000QUR,2021,M09,3.5
JTS540099000000000QUR,2021,M08,3.4
JTS540099000000000QUR,2021,M07,3.2
JTS540099000000000QUR,2021,M06,3.5
JTS540099000000000QUR,2021,M05,3.3
JTS540099000000000QUR,2021,M04,3.4
JTS540099000000000QUR,2021,M03,3.0
JTS540099000000000QUR,2021,M02,3.1
JTS540099000000000QUR,2021,M01,2.9
JTS540099000000000QUR,2020,M12,2.8
JTS540099000000000QUR,2020,M11,2.7
JTS540099000000000QUR,2020,M10,3.0
JTS540099000000000QUR,2020,M09,3.2
JTS540099000000000QUR,2020,M08,2.7
JTS540099000000000QUR,2020,M07,2.6
JTS540099000000000QUR,2020,M06,2.0
JTS540099000000000QUR,2020,M05,2.2
JTS540099000000000QUR,2020,M04,1.9
JTS540099000000000QUR,2020,M03,2.9
JTS540099000000000QUR,2020,M02,3.0
JTS540099000000000QUR,2020,M01,3.2
JTS540099000000000QUR,2019,M12,3.0
JTS540099000000000QUR,2019,M11,2.9
JTS540099000000000QUR,2019,M10,2.9
JTS540099000000000QUR,2019,M09,3.0
JTS540099000000000QUR,2019,M08,3.0
JTS540099000000000QUR,2019,M07,3.3
JTS540099000000000QUR,2019,M06,3.0
JTS540099000000000QUR,2019,M05,2.9
JTS540099000000000QUR,2019,M04,3.1
JTS540099000000000QUR,2019,M03,3.2
JTS540099000000000QUR,2019,M02,3.1
JTS540099000000000QUR,2019,M01,3.0
JTS540099000000000QUR,2018,M12,3.0
JTS540099000000000QUR,2018,M11,3.0
JTS540099000000000QUR,2018,M10,3.1
JTS540099000000000QUR,2018,M09,2.8
JTS540099000000000QUR,2018,M08,2.9
JTS540099000000000QUR,2018,M07,3.1
JTS540099000000000QUR,2018,M06,3.1
JTS540099000000000QUR,2018,M05,3.0
JTS540099000000000QUR,2018,M04,3.2
JTS540099000000000QUR,2018,M03,3.1
JTS540099000000000QUR,2018,M02,3.1
JTS540099000000000QUR,2018,M01,2.7
JTS540099000000000QUR,2017,M12,3.1
JTS540099000000000QUR,2017,M11,3.3
JTS540099000000000QUR,2017,M10,3.2
JTS540099000000000QUR,2017,M09,3.3
JTS540099000000000QUR,2017,M08,3.2
JTS540099000000000QUR,2017,M07,2.9
JTS540099000000000QUR,2017,M06,3.0
JTS540099000000000QUR,2017,M05,2.8
JTS540099000000000QUR,2017,M04,2.8
JTS540099000000000QUR,2017,M03,2.9
JTS540099000000000QUR,2017,M02,2.8
JTS540099000000000QUR,2017,M01,3.2
JTS540099000000000LDR,2026,M08,1.7
JTS540099000000000LDR,2026,M07,2.0
JTS540099000000000LDR,2026,M06,2.2
JTS540099000000000LDR,2026,M05,2.1
JTS540099000000000LDR,2026,M04,2.0
JTS540099000000000LDR,2026,M03,2.5
JTS540099000000000LDR,2026,M02,1.9
JTS540099000000000LDR,2026,M01,1.8
JTS540099000000000LDR,2025,M12,1.9
JTS540099000000000LDR,2025,M11,2.2
JTS540099000000000LDR,2025,M10,2.1
JTS540099000000000LDR,2025,M09,2.0
JTS540099000000000LDR,2025,M08,2.2
JTS540099000000000LDR,2025,M07,1.9
JTS540099000000000LDR,2025,M06,2.6
JTS540099000000000LDR,2025,M05,1.8
JTS540099000000000LDR,2025,M04,2.1
JTS540099000000000LDR,2025,M03,1.7
JTS540099000000000LDR,2025,M02,2.1
JTS540099000000000LDR,2025,M01,2.0
JTS540099000000000LDR,2024,M12,1.6
JTS540099000000000LDR,2024,M11,1.8
JTS540099000000000LDR,2024,M10,1.8
JTS540099000000000LDR,2024,M09,2.2
JTS540099000000000LDR,2024,M08,1.9
JTS540099000000000LDR,2024,M07,1.6
JTS540099000000000LDR,2024,M06,1.5
JTS540099000000000LDR,2024,M05,1.7
JTS540099000000000LDR,2024,M04,1.4
JTS540099000000000LDR,2024,M03,1.6
JTS540099000000000LDR,2024,M02,1.7
JTS540099000000000LDR,2024,M01,2.2
JTS540099000000000LDR,2023,M12,2.0
JTS540099000000000LDR,2023,M11,1.4
JTS540099000000000LDR,2023,M10,1.7
JTS540099000000000LDR,2023,M09,1.6
JTS540099000000000LDR,2023,M08,1.7
JTS540099000000000LDR,2023,M07,1.9
JTS540099000000000LDR,2023,M06,1.8
JTS540099000000000LDR,2023,M05,1.2
JTS540099000000000LDR,2023,M04,1.8
JTS540099000000000LDR,2023,M03,1.8
JTS540099000000000LDR,2023,M02,1.6
JTS540099000000000LDR,2023,M01,2.2
JTS540099000000000LDR,2022,M12,1.5
JTS540099000000000LDR,2022,M11,1.5
JTS540099000000000LDR,2022,M10,1.8
JTS540099000000000LDR,2022,M09,1.4
JTS540099000000000LDR,2022,M08,1.8
JTS540099000000000LDR,2022,M07,1.5
JTS540099000000000LDR,2022,M06,1.8
JTS540099000000000LDR,2022,M05,1.8
JTS540099000000000LDR,2022,M04,1.4
JTS540099000000000LDR,2022,M03,1.8
JTS540099000000000LDR,2022,M02,1.8
JTS540099000000000LDR,2022,M01,1.4
JTS540099000000000LDR,2021,M12,1.7
JTS540099000000000LDR,2021,M11,1.6
JTS540099000000000LDR,2021,M10,1.4
JTS540099000000000LDR,2021,M09,1.9
JTS540099000000000LDR,2021,M08,1.3
JTS540099000000000LDR,2021,M07,2.0
JTS540099000000000LDR,2021,M06,1.4
JTS540099000000000LDR,2021,M05,1.5
JTS540099000000000LDR,2021,M04,1.6
JTS540099000000000LDR,2021,M03,1.9
JTS540099000000000LDR,2021,M02,2.0
JTS540099000000000LDR,2021,M01,1.7
JTS540099000000000LDR,2020,M12,1.8
JTS540099000000000LDR,2020,M11,2.2
JTS540099000000000LDR,2020,M10,1.7
JTS540099000000000LDR,2020,M09,1.7
JTS540099000000000LDR,2020,M08,1.9
JTS540099000000000LDR,2020,M07,2.1
JTS540099000000000LDR,2020,M06,2.2
JTS540099000000000LDR,2020,M05,2.4
JTS540099000000000LDR,2020,M04,6.4
JTS540099000000000LDR,2020,M03,5.9
JTS540099000000000LDR,2020,M02,1.9
JTS540099000000000LDR,2020,M01,1.9
JTS540099000000000LDR,2019,M12,2.2
JTS540099000000000LDR,2019,M11,2.0
JTS540099000000000LDR,2019,M10,1.9
JTS540099000000000LDR,2019,M09,2.1
JTS540099000000000LDR,2019,M08,1.9
JTS540099000000000LDR,2019,M07,1.9
JTS540099000000000LDR,2019,M06,1.8
JTS540099000000000LDR,2019,M05,2.1
JTS540099000000000LDR,2019,M04,2.3
JTS540099000000000LDR,2019,M03,1.9
JTS540099000000000LDR,2019,M02,1.9
JTS540099000000000LDR,2019,M01,1.7
JTS540099000000000LDR,2018,M12,2.2
JTS540099000000000LDR,2018,M11,2.1
JTS540099000000000LDR,2018,M10,2.0
JTS540099000000000LDR,2018,M09,1.8
JTS540099000000000LDR,2018,M08,1.9
JTS540099000000000LDR,2018,M07,1.9
JTS540099000000000LDR,2018,M06,2.1
JTS540099000000000LDR,2018,M05,2.0
JTS540099000000000LDR,2018,M04,1.6
JTS540099000000000LDR,2018,M03,2.1
JTS540099000000000LDR,2018,M02,2.1
JTS540099000000000LDR,2018,M01,1.9
JTS540099000000000LDR,2017,M12,1.8
JTS540099000000000LDR,2017,M11,1.6
JTS540099000000000LDR,2017,M10,2.0
JTS540099000000000LDR,2017,M09,2.1
JTS540099000000000LDR,2017,M08,1.9
JTS540099000000000LDR,2017,M07,2.3
JTS540099000000000LDR,2017,M06,2.6
JTS540099000000000LDR,2017,M05,2.1
JTS540099000000000LDR,2017,M04,1.8
JTS540099000000000LDR,2017,M03,1.8
JTS540099000000000LDR,2017,M02,2.0
JTS540099000000000LDR,2017,M01,1.9
JTS600000000000000JOR,2026,M08,5.0
JTS600000000000000JOR,2026,M07,5.4
JTS600000000000000JOR,2026,M06,5.1
JTS600000000000000JOR,2026,M05,5.4
JTS600000000000000JOR,2026,M04,5.6
JTS600000000000000JOR,2026,M03,5.1
JTS600000000000000JOR,2026,M02,4.7
JTS600000000000000JOR,2026,M01,5.0
JTS600000000000000JOR,2025,M12,4.9
JTS600000000000000JOR,2025,M11,5.1
JTS600000000000000JOR,2025,M10,5.1
JTS600000000000000JOR,2025,M09,5.3
JTS600000000000000JOR,2025,M08,5.2
JTS600000000000000JOR,2025,M07,5.0
JTS600000000000000JOR,2025,M06,5.5
JTS600000000000000JOR,2025,M05,6.1
JTS600000000000000JOR,2025,M04,5.8
JTS600000000000000JOR,2025,M03,5.1
JTS600000000000000JOR,2025,M02,5.7
JTS600000000000000JOR,2025,M01,5.7
JTS600000000000000JOR,2024,M12,5.5
JTS600000000000000JOR,2024,M11,6.0
JTS600000000000000JOR,2024,M10,5.7
JTS600000000000000JOR,2024,M09,5.2
JTS600000000000000JOR,2024,M08,5.9
JTS600000000000000JOR,2024,M07,6.0
JTS600000000000000JOR,2024,M06,6.4
JTS600000000000000JOR,2024,M05,6.5
JTS600000000000000JOR,2024,M04,6.1
JTS600000000000000JOR,2024,M03,6.7
JTS600000000000000JOR,2024,M02,6.9
JTS600000000000000JOR,2024,M01,7.1
JTS600000000000000JOR,2023,M12,7.2
JTS600000000000000JOR,2023,M11,6.8
JTS600000000000000JOR,2023,M10,6.7
JTS600000000000000JOR,2023,M09,7.1
JTS600000000000000JOR,2023,M08,7.5
JTS600000000000000JOR,2023,M07,7.1
JTS600000000000000JOR,2023,M06,7.1
JTS600000000000000JOR,2023,M05,6.9
JTS600000000000000JOR,2023,M04,7.0
JTS600000000000000JOR,2023,M03,7.1
JTS600000000000000JOR,2023,M02,6.9
JTS600000000000000JOR,2023,M01,7.4
JTS600000000000000JOR,2022,M12,7.8
JTS600000000000000JOR,2022,M11,7.7
JTS600000000000000JOR,2022,M10,8.1
JTS600000000000000JOR,2022,M09,8.3
JTS600000000000000JOR,2022,M08,7.9
JTS600000000000000JOR,2022,M07,8.6
JTS600000000000000JOR,2022,M06,8.2
JTS600000000000000JOR,2022,M05,8.3
JTS600000000000000JOR,2022,M04,8.3
JTS600000000000000JOR,2022,M03,8.7
JTS600000000000000JOR,2022,M02,8.4
JTS600000000000000JOR,2022,M01,8.0
JTS600000000000000JOR,2021,M12,8.3
JTS600000000000000JOR,2021,M11,8.1
JTS600000000000000JOR,2021,M10,8.1
JTS600000000000000JOR,2021,M09,7.5
JTS600000000000000JOR,2021,M08,7.0
JTS600000000000000JOR,2021,M07,7.3
JTS600000000000000JOR,2021,M06,7.1
JTS600000000000000JOR,2021,M05,6.9
JTS600000000000000JOR,2021,M04,6.3
JTS600000000000000JOR,2021,M03,5.8
JTS600000000000000JOR,2021,M02,6.4
JTS600000000000000JOR,2021,M01,5.5
JTS600000000000000JOR,2020,M12,5.1
JTS600000000000000JOR,2020,M11,5.3
JTS600000000000000JOR,2020,M10,5.3
JTS600000000000000JOR,2020,M09,5.0
JTS600000000000000JOR,2020,M08,5.1
JTS600000000000000JOR,2020,M07,4.9
JTS600000000000000JOR,2020,M06,4.7
JTS600000000000000JOR,2020,M05,4.3
JTS600000000000000JOR,2020,M04,4.2
JTS600000000000000JOR,2020,M03,4.5
JTS600000000000000JOR,2020,M02,5.0
JTS600000000000000JOR,2020,M01,5.1
JTS600000000000000JOR,2019,M12,4.8
JTS600000000000000JOR,2019,M11,5.0
JTS600000000000000JOR,2019,M10,5.1
JTS600000000000000JOR,2019,M09,4.8
JTS600000000000000JOR,2019,M08,5.2
JTS600000000000000JOR,2019,M07,5.1
JTS600000000000000JOR,2019,M06,5.1
JTS600000000000000JOR,2019,M05,5.4
JTS600000000000000JOR,2019,M04,5.5
JTS600000000000000JOR,2019,M03,5.3
JTS600000000000000JOR,2019,M02,4.8
JTS600000000000000JOR,2019,M01,5.4
JTS600000000000000JOR,2018,M12,5.2
JTS600000000000000JOR,2018,M11,5.0
JTS600000000000000JOR,2018,M10,5.0
JTS600000000000000JOR,2018,M09,5.1
JTS600000000000000JOR,2018,M08,5.0
JTS600000000000000JOR,2018,M07,5.0
JTS600000000000000JOR,2018,M06,5.1
JTS600000000000000JOR,2018,M05,4.9
JTS600000000000000JOR,2018,M04,4.9
JTS600000000000000JOR,2018,M03,5.0
JTS600000000000000JOR,2018,M02,4.8
JTS600000000000000JOR,2018,M01,4.7
JTS600000000000000JOR,2017,M12,4.7
JTS600000000000000JOR,2017,M11,4.6
JTS600000000000000JOR,2017,M10,4.6
JTS600000000000000JOR,2017,M09,4.7
JTS600000000000000JOR,2017,M08,4.8
JTS600000000000000JOR,2017,M07,4.7
JTS600000000000000JOR,2017,M06,4.8
JTS600000000000000JOR,2017,M05,4.5
JTS600000000000000JOR,2017,M04,4.6
JTS600000000000000JOR,2017,M03,4.6
JTS600000000000000JOR,2017,M02,5.1
JTS600000000000000JOR,2017,M01,4.8
JTS600000000000000HIR,2026,M08,2.9
JTS600000000000000HIR,2026,M07,2.8
JTS600000000000000HIR,2026,M06,2.9
JTS600000000000000HIR,2026,M05,2.6
JTS600000000000000HIR,2026,M04,2.6
JTS600000000000000HIR,2026,M03,2.9
JTS600000000000000HIR,2026,M02,2.6
JTS600000000000000HIR,2026,M01,2.9
JTS600000000000000HIR,2025,M12,3.0
JTS600000000000000HIR,2025,M11,2.8
JTS600000000000000HIR,2025,M10,3.0
JTS600000000000000HIR,2025,M09,3.3
JTS600000000000000HIR,2025,M08,2.9
JTS600000000000000HIR,2025,M07,2.9
JTS600000000000000HIR,2025,M06,2.9
JTS600000000000000HIR,2025,M05,2.8
JTS600000000000000HIR,2025,M04,3.1
JTS600000000000000HIR,2025,M03,3.0
JTS600000000000000HIR,2025,M02,3.0
JTS600000000000000HIR,2025,M01,3.0
JTS600000000000000HIR,2024,M12,3.1
JTS600000000000000HIR,2024,M11,3.1
JTS600000000000000HIR,2024,M10,3.2
JTS600000000000000HIR,2024,M09,3.3
JTS600000000000000HIR,2024,M08,3.0
JTS600000000000000HIR,2024,M07,3.4
JTS600000000000000HIR,2024,M06,3.1
JTS600000000000000HIR,2024,M05,3.3
JTS600000000000000HIR,2024,M04,3.4
JTS600000000000000HIR,2024,M03,3.3
JTS600000000000000HIR,2024,M02,3.3
JTS600000000000000HIR,2024,M01,3.3
JTS600000000000000HIR,2023,M12,3.2
JTS600000000000000HIR,2023,M11,3.5
JTS600000000000000HIR,2023,M10,3.5
JTS600000000000000HIR,2023,M09,3.4
JTS600000000000000HIR,2023,M08,3.7
JTS600000000000000HIR,2023,M07,3.5
JTS600000000000000HIR,2023,M06,3.8
JTS600000000000000HIR,2023,M05,3.8
JTS600000000000000HIR,2023,M04,3.1
JTS600000000000000HIR,2023,M03,3.5
JTS600000000000000HIR,2023,M02,3.4
JTS600000000000000HIR,2023,M01,3.7
JTS600000000000000HIR,2022,M12,3.6
JTS600000000000000HIR,2022,M11,3.4
JTS600000000000000HIR,2022,M10,3.3
JTS600000000000000HIR,2022,M09,3.4
JTS600000000000000HIR,2022,M08,3.5
JTS600000000000000HIR,2022,M07,3.7
JTS600000000000000HIR,2022,M06,3.6
JTS600000000000000HIR,2022,M05,3.5
JTS600000000000000HIR,2022,M04,3.5
JTS600000000000000HIR,2022,M03,3.4
JTS600000000000000HIR,2022,M02,3.7
JTS600000000000000HIR,2022,M01,3.5
JTS600000000000000HIR,2021,M12,3.6
JTS600000000000000HIR,2021,M11,3.6
JTS600000000000000HIR,2021,M10,3.6
JTS600000000000000HIR,2021,M09,3.6
JTS600000000000000HIR,2021,M08,3.4
JTS600000000000000HIR,2021,M07,3.2
JTS600000000000000HIR,2021,M06,3.3
JTS600000000000000HIR,2021,M05,3.1
JTS600000000000000HIR,2021,M04,3.1
JTS600000000000000HIR,2021,M03,3.3
JTS600000000000000HIR,2021,M02,3.0
JTS600000000000000HIR,2021,M01,2.9
JTS600000000000000HIR,2020,M12,3.1
JTS600000000000000HIR,2020,M11,3.1
JTS600000000000000HIR,2020,M10,3.2
JTS600000000000000HIR,2020,M09,3.3
JTS600000000000000HIR,2020,M08,3.1
JTS600000000000000HIR,2020,M07,3.7
JTS600000000000000HIR,2020,M06,4.0
JTS600000000000000HIR,2020,M05,5.2
JTS600000000000000HIR,2020,M04,2.4
JTS600000000000000HIR,2020,M03,2.8
JTS600000000000000HIR,2020,M02,3.1
JTS600000000000000HIR,2020,M01,3.2
JTS600000000000000HIR,2019,M12,3.0
JTS600000000000000HIR,2019,M11,3.0
JTS600000000000000HIR,2019,M10,3.0
JTS600000000000000HIR,2019,M09,3.0
JTS600000000000000HIR,2019,M08,2.9
JTS600000000000000HIR,2019,M07,3.0
JTS600000000000000HIR,2019,M06,2.8
JTS600000000000000HIR,2019,M05,2.9
JTS600000000000000HIR,2019,M04,3.1
JTS600000000000000HIR,2019,M03,3.1
JTS600000000000000HIR,2019,M02,3.0
JTS600000000000000HIR,2019,M01,3.1
JTS600000000000000HIR,2018,M12,3.2
JTS600000000000000HIR,2018,M11,3.1
JTS600000000000000HIR,2018,M10,3.1
JTS600000000000000HIR,2018,M09,2.9
JTS600000000000000HIR,2018,M08,3.1
JTS600000000000000HIR,2018,M07,2.9
JTS600000000000000HIR,2018,M06,3.1
JTS600000000000000HIR,2018,M05,3.1
JTS600000000000000HIR,2018,M04,2.8
JTS600000000000000HIR,2018,M03,2.9
JTS600000000000000HIR,2018,M02,2.8
JTS600000000000000HIR,2018,M01,2.9
JTS600000000000000HIR,2017,M12,2.9
JTS600000000000000HIR,2017,M11,3.0
JTS600000000000000HIR,2017,M10,2.9
JTS600000000000000HIR,2017,M09,2.8
JTS600000000000000HIR,2017,M08,3.0
JTS600000000000000HIR,2017,M07,2.9
JTS600000000000000HIR,2017,M06,2.8
JTS600000000000000HIR,2017,M05,2.9
JTS600000000000000HIR,2017,M04,2.9
JTS600000000000000HIR,2017,M03,2.9
JTS600000000000000HIR,2017,M02,2.7
JTS600000000000000HIR,2017,M01,2.8
JTS600000000000000QUR,2026,M08,1.9
JTS600000000000000QUR,2026,M07,1.9
JTS600000000000000QUR,2026,M06,1.8
JTS600000000000000QUR,2026,M05,1.7
JTS600000000000000QUR,2026,M04,1.8
JTS600000000000000QUR,2026,M03,1.9
JTS600000000000000QUR,2026,M02,1.7
JTS600000000000000QUR,2026,M01,1.7
JTS600000000000000QUR,2025,M12,1.9
JTS600000000000000QUR,2025,M11,1.8
JTS600000000000000QUR,2025,M10,1.9
JTS600000000000000QUR,2025,M09,2.1
JTS600000000000000QUR,2025,M08,2.1
JTS600000000000000QUR,2025,M07,1.8
JTS600000000000000QUR,2025,M06,1.9
JTS600000000000000QUR,2025,M05,1.9
JTS600000000000000QUR,2025,M04,2.0
JTS600000000000000QUR,2025,M03,2.0
JTS600000000000000QUR,2025,M02,1.8
JTS600000000000000QUR,2025,M01,2.0
JTS600000000000000QUR,2024,M12,1.9
JTS600000000000000QUR,2024,M11,1.9
JTS600000000000000QUR,2024,M10,2.0
JTS600000000000000QUR,2024,M09,1.9
JTS600000000000000QUR,2024,M08,1.9
JTS600000000000000QUR,2024,M07,2.3
JTS600000000000000QUR,2024,M06,2.0
JTS600000000000000QUR,2024,M05,2.2
JTS600000000000000QUR,2024,M04,2.2
JTS600000000000000QUR,2024,M03,2.1
JTS600000000000000QUR,2024,M02,2.2
JTS600000000000000QUR,2024,M01,2.0
JTS600000000000000QUR,2023,M12,2.0
JTS600000000000000QUR,2023,M11,2.3
JTS600000000000000QUR,2023,M10,2.2
JTS600000000000000QUR,2023,M09,2.1
JTS600000000000000QUR,2023,M08,2.2
JTS600000000000000QUR,2023,M07,2.0
JTS600000000000000QUR,2023,M06,2.4
JTS600000000000000QUR,2023,M05,2.6
JTS600000000000000QUR,2023,M04,2.1
JTS600000000000000QUR,2023,M03,2.4
JTS600000000000000QUR,2023,M02,2.5
JTS600000000000000QUR,2023,M01,2.5
JTS600000000000000QUR,2022,M12,2.6
JTS600000000000000QUR,2022,M11,2.5
JTS600000000000000QUR,2022,M10,2.3
JTS600000000000000QUR,2022,M09,2.3
JTS600000000000000QUR,2022,M08,2.4
JTS600000000000000QUR,2022,M07,2.2
JTS600000000000000QUR,2022,M06,2.4
JTS600000000000000QUR,2022,M05,2.5
JTS600000000000000QUR,2022,M04,2.5
JTS600000000000000QUR,2022,M03,2.4
JTS600000000000000QUR,2022,M02,2.6
JTS600000000000000QUR,2022,M01,2.7
JTS600000000000000QUR,2021,M12,2.4
JTS600000000000000QUR,2021,M11,2.8
JTS600000000000000QUR,2021,M10,2.5
JTS600000000000000QUR,2021,M09,2.8
JTS600000000000000QUR,2021,M08,2.5
JTS600000000000000QUR,2021,M07,2.5
JTS600000000000000QUR,2021,M06,2.3
JTS600000000000000QUR,2021,M05,2.2
JTS600000000000000QUR,2021,M04,2.2
JTS600000000000000QUR,2021,M03,2.2
JTS600000000000000QUR,2021,M02,2.0
JTS600000000000000QUR,2021,M01,2.0
JTS600000000000000QUR,2020,M12,2.1
JTS600000000000000QUR,2020,M11,1.8
JTS600000000000000QUR,2020,M10,2.1
JTS600000000000000QUR,2020,M09,2.0
JTS600000000000000QUR,2020,M08,1.8
JTS600000000000000QUR,2020,M07,2.0
JTS600000000000000QUR,2020,M06,1.9
JTS600000000000000QUR,2020,M05,1.6
JTS600000000000000QUR,2020,M04,1.7
JTS600000000000000QUR,2020,M03,1.9
JTS600000000000000QUR,2020,M02,2.1
JTS600000000000000QUR,2020,M01,2.0
JTS600000000000000QUR,2019,M12,2.0
JTS600000000000000QUR,2019,M11,1.8
JTS600000000000000QUR,2019,M10,1.9
JTS600000000000000QUR,2019,M09,1.9
JTS600000000000000QUR,2019,M08,2.0
JTS600000000000000QUR,2019,M07,2.0
JTS600000000000000QUR,2019,M06,1.8
JTS600000000000000QUR,2019,M05,1.7
JTS600000000000000QUR,2019,M04,1.9
JTS600000000000000QUR,2019,M03,2.0
JTS600000000000000QUR,2019,M02,2.0
JTS600000000000000QUR,2019,M01,2.0
JTS600000000000000QUR,2018,M12,2.1
JTS600000000000000QUR,2018,M11,2.1
JTS600000000000000QUR,2018,M10,2.0
JTS600000000000000QUR,2018,M09,1.8
JTS600000000000000QUR,2018,M08,2.0
JTS600000000000000QUR,2018,M07,1.9
JTS600000000000000QUR,2018,M06,1.9
JTS600000000000000QUR,2018,M05,2.1
JTS600000000000000QUR,2018,M04,1.9
JTS600000000000000QUR,2018,M03,1.8
JTS600000000000000QUR,2018,M02,1.7
JTS600000000000000QUR,2018,M01,1.6
JTS600000000000000QUR,2017,M12,1.7
JTS600000000000000QUR,2017,M11,1.8
JTS600000000000000QUR,2017,M10,1.9
JTS600000000000000QUR,2017,M09,1.7
JTS600000000000000QUR,2017,M08,1.7
JTS600000000000000QUR,2017,M07,1.7
JTS600000000000000QUR,2017,M06,1.9
JTS600000000000000QUR,2017,M05,1.8
JTS600000000000000QUR,2017,M04,1.8
JTS600000000000000QUR,2017,M03,1.8
JTS600000000000000QUR,2017,M02,1.7
JTS600000000000000QUR,2017,M01,1.8
JTS600000000000000LDR,2026,M08,0.8
JTS600000000000000LDR,2026,M07,0.7
JTS600000000000000LDR,2026,M06,0.7
JTS600000000000000LDR,2026,M05,0.8
JTS600000000000000LDR,2026,M04,0.7
JTS600000000000000LDR,2026,M03,0.7
JTS600000000000000LDR,2026,M02,0.7
JTS600000000000000LDR,2026,M01,0.7
JTS600000000000000LDR,2025,M12,0.7
JTS600000000000000LDR,2025,M11,0.7
JTS600000000000000LDR,2025,M10,0.9
JTS600000000000000LDR,2025,M09,0.8
JTS600000000000000LDR,2025,M08,0.7
JTS600000000000000LDR,2025,M07,0.7
JTS600000000000000LDR,2025,M06,0.7
JTS600000000000000LDR,2025,M05,0.6
JTS600000000000000LDR,2025,M04,0.8
JTS600000000000000LDR,2025,M03,0.6
JTS600000000000000LDR,2025,M02,0.7
JTS600000000000000LDR,2025,M01,0.7
JTS600000000000000LDR,2024,M12,0.7
JTS600000000000000LDR,2024,M11,0.8
JTS600000000000000LDR,2024,M10,0.7
JTS600000000000000LDR,2024,M09,0.7
JTS600000000000000LDR,2024,M08,0.7
JTS600000000000000LDR,2024,M07,0.7
JTS600000000000000LDR,2024,M06,0.6
JTS600000000000000LDR,2024,M05,0.7
JTS600000000000000LDR,2024,M04,0.7
JTS600000000000000LDR,2024,M03,0.7
JTS600000000000000LDR,2024,M02,0.6
JTS600000000000000LDR,2024,M01,0.6
JTS600000000000000LDR,2023,M12,0.7
JTS600000000000000LDR,2023,M11,0.7
JTS600000000000000LDR,2023,M10,0.7
JTS600000000000000LDR,2023,M09,0.6
JTS600000000000000LDR,2023,M08,0.8
JTS600000000000000LDR,2023,M07,0.7
JTS600000000000000LDR,2023,M06,0.8
JTS600000000000000LDR,2023,M05,0.6
JTS600000000000000LDR,2023,M04,0.6
JTS600000000000000LDR,2023,M03,0.8
JTS600000000000000LDR,2023,M02,0.6
JTS600000000000000LDR,2023,M01,0.6
JTS600000000000000LDR,2022,M12,0.6
JTS600000000000000LDR,2022,M11,0.5
JTS600000000000000LDR,2022,M10,0.5
JTS600000000000000LDR,2022,M09,0.6
JTS600000000000000LDR,2022,M08,0.5
JTS600000000000000LDR,2022,M07,0.7
JTS600000000000000LDR,2022,M06,0.6
JTS600000000000000LDR,2022,M05,0.7
JTS600000000000000LDR,2022,M04,0.6
JTS600000000000000LDR,2022,M03,0.6
JTS600000000000000LDR,2022,M02,0.6
JTS600000000000000LDR,2022,M01,0.7
JTS600000000000000LDR,2021,M12,0.9
JTS600000000000000LDR,2021,M11,0.6
JTS600000000000000LDR,2021,M10,0.5
JTS600000000000000LDR,2021,M09,0.6
JTS600000000000000LDR,2021,M08,0.5
JTS600000000000000LDR,2021,M07,0.4
JTS600000000000000LDR,2021,M06,0.6
JTS600000000000000LDR,2021,M05,0.6
JTS600000000000000LDR,2021,M04,0.6
JTS600000000000000LDR,2021,M03,0.6
JTS600000000000000LDR,2021,M02,0.7
JTS600000000000000LDR,2021,M01,0.6
JTS600000000000000LDR,2020,M12,0.7
JTS600000000000000LDR,2020,M11,0.9
JTS600000000000000LDR,2020,M10,0.7
JTS600000000000000LDR,2020,M09,0.6
JTS600000000000000LDR,2020,M08,0.8
JTS600000000000000LDR,2020,M07,0.8
JTS600000000000000LDR,2020,M06,1.0
JTS600000000000000LDR,2020,M05,1.2
JTS600000000000000LDR,2020,M04,4.9
JTS600000000000000LDR,2020,M03,6.4
JTS600000000000000LDR,2020,M02,0.7
JTS600000000000000LDR,2020,M01,0.7
JTS600000000000000LDR,2019,M12,0.6
JTS600000000000000LDR,2019,M11,0.7
JTS600000000000000LDR,2019,M10,0.7
JTS600000000000000LDR,2019,M09,0.7
JTS600000000000000LDR,2019,M08,0.6
JTS600000000000000LDR,2019,M07,0.7
JTS600000000000000LDR,2019,M06,0.7
JTS600000000000000LDR,2019,M05,0.7
JTS600000000000000LDR,2019,M04,0.8
JTS600000000000000LDR,2019,M03,0.7
JTS600000000000000LDR,2019,M02,0.8
JTS600000000000000LDR,2019,M01,0.8
JTS600000000000000LDR,2018,M12,0.7
JTS600000000000000LDR,2018,M11,0.8
JTS600000000000000LDR,2018,M10,0.7
JTS600000000000000LDR,2018,M09,0.7
JTS600000000000000LDR,2018,M08,0.7
JTS600000000000000LDR,2018,M07,0.8
JTS600000000000000LDR,2018,M06,0.8
JTS600000000000000LDR,2018,M05,0.7
JTS600000000000000LDR,2018,M04,0.7
JTS600000000000000LDR,2018,M03,0.9
JTS600000000000000LDR,2018,M02,0.7
JTS600000000000000LDR,2018,M01,0.8
JTS600000000000000LDR,2017,M12,0.8
JTS600000000000000LDR,2017,M11,0.8
JTS600000000000000LDR,2017,M10,0.7
JTS600000000000000LDR,2017,M09,0.7
JTS600000000000000LDR,2017,M08,1.1
JTS600000000000000LDR,2017,M07,0.8
JTS600000000000000LDR,2017,M06,0.7
JTS600000000000000LDR,2017,M05,0.8
JTS600000000000000LDR,2017,M04,0.7
JTS600000000000000LDR,2017,M03,0.7
JTS600000000000000LDR,2017,M02,0.6
JTS600000000000000LDR,2017,M01,0.5
JTS700000000000000JOR,2026,M08,4.7
JTS700000000000000JOR,2026,M07,4.3
JTS700000000000000JOR,2026,M06,4.6
JTS700000000000000JOR,2026,M05,5.1
JTS700000000000000JOR,2026,M04,4.7
JTS700000000000000JOR,2026,M03,4.9
JTS700000000000000JOR,2026,M02,5.3
JTS700000000000000JOR,2026,M01,6.2
JTS700000000000000JOR,2025,M12,5.3
JTS700000000000000JOR,2025,M11,4.9
JTS700000000000000JOR,2025,M10,6.0
JTS700000000000000JOR,2025,M09,6.4
JTS700000000000000JOR,2025,M08,5.9
JTS700000000000000JOR,2025,M07,5.4
JTS700000000000000JOR,2025,M06,5.6
JTS700000000000000JOR,2025,M05,6.0
JTS700000000000000JOR,2025,M04,4.7
JTS700000000000000JOR,2025,M03,5.3
JTS700000000000000JOR,2025,M02,5.6
JTS700000000000000JOR,2025,M01,5.7
JTS700000000000000JOR,2024,M12,6.8
JTS700000000000000JOR,2024,M11,5.7
JTS700000000000000JOR,2024,M10,5.7
JTS700000000000000JOR,2024,M09,5.0
JTS700000000000000JOR,2024,M08,5.3
JTS700000000000000JOR,2024,M07,5.4
JTS700000000000000JOR,2024,M06,5.1
JTS700000000000000JOR,2024,M05,4.7
JTS700000000000000JOR,2024,M04,5.9
JTS700000000000000JOR,2024,M03,6.7
JTS700000000000000JOR,2024,M02,6.2
JTS700000000000000JOR,2024,M01,6.2
JTS700000000000000JOR,2023,M12,5.4
JTS700000000000000JOR,2023,M11,6.5
JTS700000000000000JOR,2023,M10,6.4
JTS700000000000000JOR,2023,M09,7.4
JTS700000000000000JOR,2023,M08,6.6
JTS700000000000000JOR,2023,M07,6.8
JTS700000000000000JOR,2023,M06,6.8
JTS700000000000000JOR,2023,M05,7.3
JTS700000000000000JOR,2023,M04,7.7
JTS700000000000000JOR,2023,M03,8.1
JTS700000000000000JOR,2023,M02,8.0
JTS700000000000000JOR,2023,M01,8.5
JTS700000000000000JOR,2022,M12,9.6
JTS700000000000000JOR,2022,M11,8.6
JTS700000000000000JOR,2022,M10,8.7
JTS700000000000000JOR,2022,M09,8.5
JTS700000000000000JOR,2022,M08,8.4
JTS700000000000000JOR,2022,M07,9.2
JTS700000000000000JOR,2022,M06,9.1
JTS700000000000000JOR,2022,M05,9.3
JTS700000000000000JOR,2022,M04,9.4
JTS700000000000000JOR,2022,M03,9.6
JTS700000000000000JOR,2022,M02,9.9
JTS700000000000000JOR,2022,M01,9.5
JTS700000000000000JOR,2021,M12,10.0
JTS700000000000000JOR,2021,M11,9.6
JTS700000000000000JOR,2021,M10,9.7
JTS700000000000000JOR,2021,M09,9.6
JTS700000000000000JOR,2021,M08,10.6
JTS700000000000000JOR,2021,M07,11.0
JTS700000000000000JOR,2021,M06,10.1
JTS700000000000000JOR,2021,M05,9.4
JTS700000000000000JOR,2021,M04,8.8
JTS700000000000000JOR,2021,M03,7.6
JTS700000000000000JOR,2021,M02,6.8
JTS700000000000000JOR,2021,M01,5.5
JTS700000000000000JOR,2020,M12,5.9
JTS700000000000000JOR,2020,M11,6.0
JTS700000000000000JOR,2020,M10,5.8
JTS700000000000000JOR,2020,M09,5.8
JTS700000000000000JOR,2020,M08,5.7
JTS700000000000000JOR,2020,M07,5.9
JTS700000000000000JOR,2020,M06,6.9
JTS700000000000000JOR,2020,M05,6.7
JTS700000000000000JOR,2020,M04,3.5
JTS700000000000000JOR,2020,M03,3.9
JTS700000000000000JOR,2020,M02,5.3
JTS700000000000000JOR,2020,M01,5.1
JTS700000000000000JOR,2019,M12,5.2
JTS700000000000000JOR,2019,M11,5.5
JTS700000000000000JOR,2019,M10,5.6
JTS700000000000000JOR,2019,M09,5.8
JTS700000000000000JOR,2019,M08,5.5
JTS700000000000000JOR,2019,M07,5.5
JTS700000000000000JOR,2019,M06,5.4
JTS700000000000000JOR,2019,M05,5.8
JTS700000000000000JOR,2019,M04,5.8
JTS700000000000000JOR,2019,M03,5.7
JTS700000000000000JOR,2019,M02,5.7
JTS700000000000000JOR,2019,M01,6.4
JTS700000000000000JOR,2018,M12,6.1
JTS700000000000000JOR,2018,M11,5.9
JTS700000000000000JOR,2018,M10,5.8
JTS700000000000000JOR,2018,M09,6.2
JTS700000000000000JOR,2018,M08,5.8
JTS700000000000000JOR,2018,M07,5.9
JTS700000000000000JOR,2018,M06,6.1
JTS700000000000000JOR,2018,M05,5.7
JTS700000000000000JOR,2018,M04,5.6
JTS700000000000000JOR,2018,M03,5.4
JTS700000000000000JOR,2018,M02,5.3
JTS700000000000000JOR,2018,M01,5.4
JTS700000000000000JOR,2017,M12,5.2
JTS700000000000000JOR,2017,M11,5.1
JTS700000000000000JOR,2017,M10,4.7
JTS700000000000000JOR,2017,M09,4.7
JTS700000000000000JOR,2017,M08,5.3
JTS700000000000000JOR,2017,M07,5.1
JTS700000000000000JOR,2017,M06,5.0
JTS700000000000000JOR,2017,M05,5.0
JTS700000000000000JOR,2017,M04,5.0
JTS700000000000000JOR,2017,M03,4.5
JTS700000000000000JOR,2017,M02,5.3
JTS700000000000000JOR,2017,M01,4.4
JTS700000000000000HIR,2026,M08,5.3
JTS700000000000000HIR,2026,M07,5.4
JTS700000000000000HIR,2026,M06,5.1
JTS700000000000000HIR,2026,M05,5.6
JTS700000000000000HIR,2026,M04,5.7
JTS700000000000000HIR,2026,M03,5.9
JTS700000000000000HIR,2026,M02,5.4
JTS700000000000000HIR,2026,M01,6.4
JTS700000000000000HIR,2025,M12,6.2
JTS700000000000000HIR,2025,M11,5.8
JTS700000000000000HIR,2025,M10,5.6
JTS700000000000000HIR,2025,M09,5.5
JTS700000000000000HIR,2025,M08,5.6
JTS700000000000000HIR,2025,M07,5.6
JTS700000000000000HIR,2025,M06,6.1
JTS700000000000000HIR,2025,M05,6.4
JTS700000000000000HIR,2025,M04,5.6
JTS700000000000000HIR,2025,M03,5.3
JTS700000000000000HIR,2025,M02,4.9
JTS700000000000000HIR,2025,M01,5.1
JTS700000000000000HIR,2024,M12,5.3
JTS700000000000000HIR,2024,M11,5.6
JTS700000000000000HIR,2024,M10,5.4
JTS700000000000000HIR,2024,M09,5.7
JTS700000000000000HIR,2024,M08,5.6
JTS700000000000000HIR,2024,M07,5.5
JTS700000000000000HIR,2024,M06,4.7
JTS700000000000000HIR,2024,M05,5.4
JTS700000000000000HIR,2024,M04,5.7
JTS700000000000000HIR,2024,M03,6.1
JTS700000000000000HIR,2024,M02,6.0
JTS700000000000000HIR,2024,M01,6.2
JTS700000000000000HIR,2023,M12,6.0
JTS700000000000000HIR,2023,M11,6.0
JTS700000000000000HIR,2023,M10,6.4
JTS700000000000000HIR,2023,M09,7.1
JTS700000000000000HIR,2023,M08,6.5
JTS700000000000000HIR,2023,M07,6.1
JTS700000000000000HIR,2023,M06,6.7
JTS700000000000000HIR,2023,M05,6.5
JTS700000000000000HIR,2023,M04,6.3
JTS700000000000000HIR,2023,M03,6.6
JTS700000000000000HIR,2023,M02,7.0
JTS700000000000000HIR,2023,M01,7.2
JTS700000000000000HIR,2022,M12,7.0
JTS700000000000000HIR,2022,M11,7.1
JTS700000000000000HIR,2022,M10,7.5
JTS700000000000000HIR,2022,M09,7.1
JTS700000000000000HIR,2022,M08,7.4
JTS700000000000000HIR,2022,M07,7.4
JTS700000000000000HIR,2022,M06,7.4
JTS700000000000000HIR,2022,M05,7.6
JTS700000000000000HIR,2022,M04,7.5
JTS700000000000000HIR,2022,M03,7.7
JTS700000000000000HIR,2022,M02,7.6
JTS700000000000000HIR,2022,M01,7.9
JTS700000000000000HIR,2021,M12,8.2
JTS700000000000000HIR,2021,M11,8.2
JTS700000000000000HIR,2021,M10,7.9
JTS700000000000000HIR,2021,M09,8.1
JTS700000000000000HIR,2021,M08,8.2
JTS700000000000000HIR,2021,M07,9.9
JTS700000000000000HIR,2021,M06,8.6
JTS700000000000000HIR,2021,M05,8.8
JTS700000000000000HIR,2021,M04,9.5
JTS700000000000000HIR,2021,M03,8.2
JTS700000000000000HIR,2021,M02,8.5
JTS700000000000000HIR,2021,M01,7.0
JTS700000000000000HIR,2020,M12,6.5
JTS700000000000000HIR,2020,M11,7.9
JTS700000000000000HIR,2020,M10,8.4
JTS700000000000000HIR,2020,M09,8.1
JTS700000000000000HIR,2020,M08,7.9
JTS700000000000000HIR,2020,M07,11.1
JTS700000000000000HIR,2020,M06,17.0
JTS700000000000000HIR,2020,M05,18.9
JTS700000000000000HIR,2020,M04,4.8
JTS700000000000000HIR,2020,M03,4.0
JTS700000000000000HIR,2020,M02,6.5
JTS700000000000000HIR,2020,M01,6.7
JTS700000000000000HIR,2019,M12,7.1
JTS700000000000000HIR,2019,M11,6.5
JTS700000000000000HIR,2019,M10,6.7
JTS700000000000000HIR,2019,M09,7.0
JTS700000000000000HIR,2019,M08,6.9
JTS700000000000000HIR,2019,M07,6.8
JTS700000000000000HIR,2019,M06,6.8
JTS700000000000000HIR,2019,M05,6.4
JTS700000000000000HIR,2019,M04,7.0
JTS700000000000000HIR,2019,M03,6.6
JTS700000000000000HIR,2019,M02,6.7
JTS700000000000000HIR,2019,M01,7.0
JTS700000000000000HIR,2018,M12,6.3
JTS700000000000000HIR,2018,M11,6.5
JTS700000000000000HIR,2018,M10,6.8
JTS700000000000000HIR,2018,M09,6.4
JTS700000000000000HIR,2018,M08,6.5
JTS700000000000000HIR,2018,M07,6.7
JTS700000000000000HIR,2018,M06,6.4
JTS700000000000000HIR,2018,M05,6.9
JTS700000000000000HIR,2018,M04,6.4
JTS700000000000000HIR,2018,M03,6.4
JTS700000000000000HIR,2018,M02,6.5
JTS700000000000000HIR,2018,M01,6.3
JTS700000000000000HIR,2017,M12,6.1
JTS700000000000000HIR,2017,M11,6.4
JTS700000000000000HIR,2017,M10,6.3
JTS700000000000000HIR,2017,M09,6.3
JTS700000000000000HIR,2017,M08,6.3
JTS700000000000000HIR,2017,M07,6.3
JTS700000000000000HIR,2017,M06,6.4
JTS700000000000000HIR,2017,M05,6.3
JTS700000000000000HIR,2017,M04,6.4
JTS700000000000000HIR,2017,M03,6.4
JTS700000000000000HIR,2017,M02,6.4
JTS700000000000000HIR,2017,M01,6.5
JTS700000000000000QUR,2026,M08,3.3
JTS700000000000000QUR,2026,M07,3.5
JTS700000000000000QUR,2026,M06,3.9
JTS700000000000000QUR,2026,M05,3.9
JTS700000000000000QUR,2026,M04,3.7
JTS700000000000000QUR,2026,M03,3.8
JTS700000000000000QUR,2026,M02,3.8
JTS700000000000000QUR,2026,M01,4.4
JTS700000000000000QUR,2025,M12,4.4
JTS700000000000000QUR,2025,M11,4.3
JTS700000000000000QUR,2025,M10,3.1
JTS700000000000000QUR,2025,M09,3.0
JTS700000000000000QUR,2025,M08,3.5
JTS700000000000000QUR,2025,M07,4.3
JTS700000000000000QUR,2025,M06,5.0
JTS700000000000000QUR,2025,M05,4.5
JTS700000000000000QUR,2025,M04,4.0
JTS700000000000000QUR,2025,M03,3.9
JTS700000000000000QUR,2025,M02,3.6
JTS700000000000000QUR,2025,M01,3.5
JTS700000000000000QUR,2024,M12,3.4
JTS700000000000000QUR,2024,M11,3.5
JTS700000000000000QUR,2024,M10,4.0
JTS700000000000000QUR,2024,M09,3.7
JTS700000000000000QUR,2024,M08,4.2
JTS700000000000000QUR,2024,M07,4.0
JTS700000000000000QUR,2024,M06,3.6
JTS700000000000000QUR,2024,M05,3.8
JTS700000000000000QUR,2024,M04,4.1
JTS700000000000000QUR,2024,M03,4.0
JTS700000000000000QUR,2024,M02,4.3
JTS700000000000000QUR,2024,M01,4.6
JTS700000000000000QUR,2023,M12,4.4
JTS700000000000000QUR,2023,M11,4.4
JTS700000000000000QUR,2023,M10,4.4
JTS700000000000000QUR,2023,M09,5.2
JTS700000000000000QUR,2023,M08,4.8
JTS700000000000000QUR,2023,M07,4.5
JTS700000000000000QUR,2023,M06,4.9
JTS700000000000000QUR,2023,M05,4.8
JTS700000000000000QUR,2023,M04,4.8
JTS700000000000000QUR,2023,M03,4.7
JTS700000000000000QUR,2023,M02,5.3
JTS700000000000000QUR,2023,M01,4.9
JTS700000000000000QUR,2022,M12,5.2
JTS700000000000000QUR,2022,M11,5.4
JTS700000000000000QUR,2022,M10,5.5
JTS700000000000000QUR,2022,M09,5.4
JTS700000000000000QUR,2022,M08,5.5
JTS700000000000000QUR,2022,M07,5.2
JTS700000000000000QUR,2022,M06,5.4
JTS700000000000000QUR,2022,M05,5.8
JTS700000000000000QUR,2022,M04,5.5
JTS700000000000000QUR,2022,M03,6.0
JTS700000000000000QUR,2022,M02,5.1
JTS700000000000000QUR,2022,M01,5.6
JTS700000000000000QUR,2021,M12,5.5
JTS700000000000000QUR,2021,M11,5.9
JTS700000000000000QUR,2021,M10,5.2
JTS700000000000000QUR,2021,M09,5.7
JTS700000000000000QUR,2021,M08,5.6
JTS700000000000000QUR,2021,M07,5.6
JTS700000000000000QUR,2021,M06,5.8
JTS700000000000000QUR,2021,M05,5.7
JTS700000000000000QUR,2021,M04,5.8
JTS700000000000000QUR,2021,M03,5.5
JTS700000000000000QUR,2021,M02,4.4
JTS700000000000000QUR,2021,M01,5.0
JTS700000000000000QUR,2020,M12,5.1
JTS700000000000000QUR,2020,M11,4.6
JTS700000000000000QUR,2020,M10,4.3
JTS700000000000000QUR,2020,M09,4.0
JTS700000000000000QUR,2020,M08,3.6
JTS700000000000000QUR,2020,M07,4.1
JTS700000000000000QUR,2020,M06,3.7
JTS700000000000000QUR,2020,M05,3.5
JTS700000000000000QUR,2020,M04,3.8
JTS700000000000000QUR,2020,M03,3.2
JTS700000000000000QUR,2020,M02,4.2
JTS700000000000000QUR,2020,M01,4.4
JTS700000000000000QUR,2019,M12,4.5
JTS700000000000000QUR,2019,M11,4.5
JTS700000000000000QUR,2019,M10,4.6
JTS700000000000000QUR,2019,M09,4.4
JTS700000000000000QUR,2019,M08,4.8
JTS700000000000000QUR,2019,M07,4.8
JTS700000000000000QUR,2019,M06,4.8
JTS700000000000000QUR,2019,M05,4.6
JTS700000000000000QUR,2019,M04,4.6
JTS700000000000000QUR,2019,M03,4.6
JTS700000000000000QUR,2019,M02,4.8
JTS700000000000000QUR,2019,M01,4.6
JTS700000000000000QUR,2018,M12,4.2
JTS700000000000000QUR,2018,M11,4.3
JTS700000000000000QUR,2018,M10,4.3
JTS700000000000000QUR,2018,M09,4.5
JTS700000000000000QUR,2018,M08,4.4
JTS700000000000000QUR,2018,M07,4.5
JTS700000000000000QUR,2018,M06,4.2
JTS700000000000000QUR,2018,M05,4.3
JTS700000000000000QUR,2018,M04,4.4
JTS700000000000000QUR,2018,M03,4.4
JTS700000000000000QUR,2018,M02,4.3
JTS700000000000000QUR,2018,M01,3.8
JTS700000000000000QUR,2017,M12,4.2
JTS700000000000000QUR,2017,M11,4.1
JTS700000000000000QUR,2017,M10,4.0
JTS700000000000000QUR,2017,M09,3.9
JTS700000000000000QUR,2017,M08,3.8
JTS700000000000000QUR,2017,M07,3.8
JTS700000000000000QUR,2017,M06,4.1
JTS700000000000000QUR,2017,M05,4.1
JTS700000000000000QUR,2017,M04,4.1
JTS700000000000000QUR,2017,M03,4.1
JTS700000000000000QUR,2017,M02,4.0
JTS700000000000000QUR,2017,M01,4.2
JTS700000000000000LDR,2026,M08,1.5
JTS700000000000000LDR,2026,M07,1.6
JTS700000000000000LDR,2026,M06,1.6
JTS700000000000000LDR,2026,M05,1.5
JTS700000000000000LDR,2026,M04,1.7
JTS700000000000000LDR,2026,M03,1.6
JTS700000000000000LDR,2026,M02,1.7
JTS700000000000000LDR,2026,M01,1.6
JTS700000000000000LDR,2025,M12,1.4
JTS700000000000000LDR,2025,M11,1.3
JTS700000000000000LDR,2025,M10,1.8
JTS700000000000000LDR,2025,M09,1.7
JTS700000000000000LDR,2025,M08,1.8
JTS700000000000000LDR,2025,M07,1.4
JTS700000000000000LDR,2025,M06,1.4
JTS700000000000000LDR,2025,M05,1.4
JTS700000000000000LDR,2025,M04,1.5
JTS700000000000000LDR,2025,M03,1.2
JTS700000000000000LDR,2025,M02,1.7
JTS700000000000000LDR,2025,M01,1.5
JTS700000000000000LDR,2024,M12,1.7
JTS700000000000000LDR,2024,M11,2.0
JTS700000000000000LDR,2024,M10,1.2
JTS700000000000000LDR,2024,M09,1.4
JTS700000000000000LDR,2024,M08,1.2
JTS700000000000000LDR,2024,M07,1.4
JTS700000000000000LDR,2024,M06,1.1
JTS700000000000000LDR,2024,M05,1.8
JTS700000000000000LDR,2024,M04,1.6
JTS700000000000000LDR,2024,M03,1.8
JTS700000000000000LDR,2024,M02,1.8
JTS700000000000000LDR,2024,M01,1.2
JTS700000000000000LDR,2023,M12,1.4
JTS700000000000000LDR,2023,M11,1.3
JTS700000000000000LDR,2023,M10,1.4
JTS700000000000000LDR,2023,M09,1.5
JTS700000000000000LDR,2023,M08,1.4
JTS700000000000000LDR,2023,M07,1.4
JTS700000000000000LDR,2023,M06,1.5
JTS700000000000000LDR,2023,M05,1.4
JTS700000000000000LDR,2023,M04,1.2
JTS700000000000000LDR,2023,M03,1.6
JTS700000000000000LDR,2023,M02,1.0
JTS700000000000000LDR,2023,M01,1.4
JTS700000000000000LDR,2022,M12,1.3
JTS700000000000000LDR,2022,M11,1.2
JTS700000000000000LDR,2022,M10,1.4
JTS700000000000000LDR,2022,M09,1.0
JTS700000000000000LDR,2022,M08,1.4
JTS700000000000000LDR,2022,M07,1.4
JTS700000000000000LDR,2022,M06,1.5
JTS700000000000000LDR,2022,M05,1.2
JTS700000000000000LDR,2022,M04,1.3
JTS700000000000000LDR,2022,M03,1.1
JTS700000000000000LDR,2022,M02,1.5
JTS700000000000000LDR,2022,M01,1.3
JTS700000000000000LDR,2021,M12,1.1
JTS700000000000000LDR,2021,M11,1.2
JTS700000000000000LDR,2021,M10,1.3
JTS700000000000000LDR,2021,M09,1.4
JTS700000000000000LDR,2021,M08,1.5
JTS700000000000000LDR,2021,M07,1.1
JTS700000000000000LDR,2021,M06,1.0
JTS700000000000000LDR,2021,M05,1.3
JTS700000000000000LDR,2021,M04,1.5
JTS700000000000000LDR,2021,M03,1.4
JTS700000000000000LDR,2021,M02,1.5
JTS700000000000000LDR,2021,M01,1.6
JTS700000000000000LDR,2020,M12,4.0
JTS700000000000000LDR,2020,M11,3.7
JTS700000000000000LDR,2020,M10,1.4
JTS700000000000000LDR,2020,M09,1.6
JTS700000000000000LDR,2020,M08,1.5
JTS700000000000000LDR,2020,M07,2.4
JTS700000000000000LDR,2020,M06,2.7
JTS700000000000000LDR,2020,M05,2.6
JTS700000000000000LDR,2020,M04,25.9
JTS700000000000000LDR,2020,M03,31.9
JTS700000000000000LDR,2020,M02,1.8
JTS700000000000000LDR,2020,M01,1.8
JTS700000000000000LDR,2019,M12,2.0
JTS700000000000000LDR,2019,M11,1.8
JTS700000000000000LDR,2019,M10,1.5
JTS700000000000000LDR,2019,M09,2.1
JTS700000000000000LDR,2019,M08,1.6
JTS700000000000000LDR,2019,M07,1.9
JTS700000000000000LDR,2019,M06,1.9
JTS700000000000000LDR,2019,M05,1.6
JTS700000000000000LDR,2019,M04,2.0
JTS700000000000000LDR,2019,M03,1.7
JTS700000000000000LDR,2019,M02,1.6
JTS700000000000000LDR,2019,M01,1.6
JTS700000000000000LDR,2018,M12,1.8
JTS700000000000000LDR,2018,M11,2.0
JTS700000000000000LDR,2018,M10,2.0
JTS700000000000000LDR,2018,M09,1.9
JTS700000000000000LDR,2018,M08,1.8
JTS700000000000000LDR,2018,M07,2.1
JTS700000000000000LDR,2018,M06,1.8
JTS700000000000000LDR,2018,M05,2.0
JTS700000000000000LDR,2018,M04,1.9
JTS700000000000000LDR,2018,M03,1.9
JTS700000000000000LDR,2018,M02,2.0
JTS700000000000000LDR,2018,M01,2.4
JTS700000000000000LDR,2017,M12,1.7
JTS700000000000000LDR,2017,M11,2.0
JTS700000000000000LDR,2017,M10,2.1
JTS700000000000000LDR,2017,M09,2.1
JTS700000000000000LDR,2017,M08,2.1
JTS700000000000000LDR,2017,M07,2.3
JTS700000000000000LDR,2017,M06,2.1
JTS700000000000000LDR,2017,M05,1.6
JTS700000000000000LDR,2017,M04,1.6
JTS700000000000000LDR,2017,M03,2.0
JTS700000000000000LDR,2017,M02,2.1
JTS700000000000000LDR,2017,M01,2.3
JTS810000000000000JOR,2026,M08,3.8
JTS810000000000000JOR,2026,M07,4.5
JTS810000000000000JOR,2026,M06,4.8
JTS810000000000000JOR,2026,M05,4.6
JTS810000000000000JOR,2026,M04,5.4
JTS810000000000000JOR,2026,M03,4.7
JTS810000000000000JOR,2026,M02,5.0
JTS810000000000000JOR,2026,M01,4.2
JTS810000000000000JOR,2025,M12,4.3
JTS810000000000000JOR,2025,M11,4.1
JTS810000000000000JOR,2025,M10,3.8
JTS810000000000000JOR,2025,M09,4.1
JTS810000000000000JOR,2025,M08,4.4
JTS810000000000000JOR,2025,M07,4.3
JTS810000000000000JOR,2025,M06,3.8
JTS810000000000000JOR,2025,M05,4.6
JTS810000000000000JOR,2025,M04,4.1
JTS810000000000000JOR,2025,M03,5.5
JTS810000000000000JOR,2025,M02,4.5
JTS810000000000000JOR,2025,M01,4.7
JTS810000000000000JOR,2024,M12,4.2
JTS810000000000000JOR,2024,M11,4.7
JTS810000000000000JOR,2024,M10,4.9
JTS810000000000000JOR,2024,M09,4.9
JTS810000000000000JOR,2024,M08,4.5
JTS810000000000000JOR,2024,M07,5.2
JTS810000000000000JOR,2024,M06,4.6
JTS810000000000000JOR,2024,M05,4.2
JTS810000000000000JOR,2024,M04,4.8
JTS810000000000000JOR,2024,M03,4.6
JTS810000000000000JOR,2024,M02,5.0
JTS810000000000000JOR,2024,M01,4.9
JTS810000000000000JOR,2023,M12,4.5
JTS810000000000000JOR,2023,M11,5.2
JTS810000000000000JOR,2023,M10,5.0
JTS810000000000000JOR,2023,M09,5.2
JTS810000000000000JOR,2023,M08,6.2
JTS810000000000000JOR,2023,M07,5.0
JTS810000000000000JOR,2023,M06,6.2
JTS810000000000000JOR,2023,M05,5.9
JTS810000000000000JOR,2023,M04,6.7
JTS810000000000000JOR,2023,M03,5.9
JTS810000000000000JOR,2023,M02,6.1
JTS810000000000000JOR,2023,M01,6.2
JTS810000000000000JOR,2022,M12,5.4
JTS810000000000000JOR,2022,M11,5.0
JTS810000000000000JOR,2022,M10,4.8
JTS810000000000000JOR,2022,M09,4.1
JTS810000000000000JOR,2022,M08,4.0
JTS810000000000000JOR,2022,M07,7.2
JTS810000000000000JOR,2022,M06,7.2
JTS810000000000000JOR,2022,M05,6.6
JTS810000000000000JOR,2022,M04,7.1
JTS810000000000000JOR,2022,M03,6.9
JTS810000000000000JOR,2022,M02,6.9
JTS810000000000000JOR,2022,M01,7.4
JTS810000000000000JOR,2021,M12,7.6
JTS810000000000000JOR,2021,M11,7.7
JTS810000000000000JOR,2021,M10,7.5
JTS810000000000000JOR,2021,M09,7.7
JTS810000000000000JOR,2021,M08,7.0
JTS810000000000000JOR,2021,M07,7.4
JTS810000000000000JOR,2021,M06,7.1
JTS810000000000000JOR,2021,M05,8.3
JTS810000000000000JOR,2021,M04,5.9
JTS810000000000000JOR,2021,M03,4.5
JTS810000000000000JOR,2021,M02,5.7
JTS810000000000000JOR,2021,M01,4.3
JTS810000000000000JOR,2020,M12,4.0
JTS810000000000000JOR,2020,M11,4.2
JTS810000000000000JOR,2020,M10,4.2
JTS810000000000000JOR,2020,M09,4.1
JTS810000000000000JOR,2020,M08,4.0
JTS810000000000000JOR,2020,M07,4.6
JTS810000000000000JOR,2020,M06,4.8
JTS810000000000000JOR,2020,M05,3.9
JTS810000000000000JOR,2020,M04,2.5
JTS810000000000000JOR,2020,M03,2.9
JTS810000000000000JOR,2020,M02,3.4
JTS810000000000000JOR,2020,M01,4.3
JTS810000000000000JOR,2019,M12,4.1
JTS810000000000000JOR,2019,M11,3.6
JTS810000000000000JOR,2019,M10,4.3
JTS810000000000000JOR,2019,M09,4.3
JTS810000000000000JOR,2019,M08,4.2
JTS810000000000000JOR,2019,M07,4.2
JTS810000000000000JOR,2019,M06,4.1
JTS810000000000000JOR,2019,M05,4.4
JTS810000000000000JOR,2019,M04,4.0
JTS810000000000000JOR,2019,M03,4.0
JTS810000000000000JOR,2019,M02,3.9
JTS810000000000000JOR,2019,M01,2.9
JTS810000000000000JOR,2018,M12,4.5
JTS810000000000000JOR,2018,M11,4.5
JTS810000000000000JOR,2018,M10,4.8
JTS810000000000000JOR,2018,M09,4.0
JTS810000000000000JOR,2018,M08,3.8
JTS810000000000000JOR,2018,M07,3.7
JTS810000000000000JOR,2018,M06,3.8
JTS810000000000000JOR,2018,M05,4.3
JTS810000000000000JOR,2018,M04,3.7
JTS810000000000000JOR,2018,M03,3.7
JTS810000000000000JOR,2018,M02,3.9
JTS810000000000000JOR,2018,M01,3.5
JTS810000000000000JOR,2017,M12,3.1
JTS810000000000000JOR,2017,M11,4.2
JTS810000000000000JOR,2017,M10,4.5
JTS810000000000000JOR,2017,M09,4.8
JTS810000000000000JOR,2017,M08,4.2
JTS810000000000000JOR,2017,M07,5.5
JTS810000000000000JOR,2017,M06,4.2
JTS810000000000000JOR,2017,M05,4.2
JTS810000000000000JOR,2017,M04,6.2
JTS810000000000000JOR,2017,M03,4.9
JTS810000000000000JOR,2017,M02,4.4
JTS810000000000000JOR,2017,M01,4.0
JTS810000000000000HIR,2026,M08,4.0
JTS810000000000000HIR,2026,M07,4.1
JTS810000000000000HIR,2026,M06,3.8
JTS810000000000000HIR,2026,M05,3.4
JTS810000000000000HIR,2026,M04,3.5
JTS810000000000000HIR,2026,M03,3.9
JTS810000000000000HIR,2026,M02,3.5
JTS810000000000000HIR,2026,M01,3.3
JTS810000000000000HIR,2025,M12,3.2
JTS810000000000000HIR,2025,M11,3.5
JTS810000000000000HIR,2025,M10,3.4
JTS810000000000000HIR,2025,M09,3.0
JTS810000000000000HIR,2025,M08,3.2
JTS810000000000000HIR,2025,M07,3.2
JTS810000000000000HIR,2025,M06,2.5
JTS810000000000000HIR,2025,M05,3.2
JTS810000000000000HIR,2025,M04,3.7
JTS810000000000000HIR,2025,M03,4.1
JTS810000000000000HIR,2025,M02,3.9
JTS810000000000000HIR,2025,M01,4.1
JTS810000000000000HIR,2024,M12,3.9
JTS810000000000000HIR,2024,M11,3.8
JTS810000000000000HIR,2024,M10,4.2
JTS810000000000000HIR,2024,M09,4.2
JTS810000000000000HIR,2024,M08,3.8
JTS810000000000000HIR,2024,M07,3.8
JTS810000000000000HIR,2024,M06,3.5
JTS810000000000000HIR,2024,M05,3.7
JTS810000000000000HIR,2024,M04,3.4
JTS810000000000000HIR,2024,M03,2.8
JTS810000000000000HIR,2024,M02,3.7
JTS810000000000000HIR,2024,M01,3.8
JTS810000000000000HIR,2023,M12,3.4
JTS810000000000000HIR,2023,M11,3.6
JTS810000000000000HIR,2023,M10,3.4
JTS810000000000000HIR,2023,M09,3.7
JTS810000000000000HIR,2023,M08,3.6
JTS810000000000000HIR,2023,M07,3.5
JTS810000000000000HIR,2023,M06,4.2
JTS810000000000000HIR,2023,M05,3.7
JTS810000000000000HIR,2023,M04,3.6
JTS810000000000000HIR,2023,M03,4.1
JTS810000000000000HIR,2023,M02,3.6
JTS810000000000000HIR,2023,M01,3.5
JTS810000000000000HIR,2022,M12,4.3
JTS810000000000000HIR,2022,M11,3.6
JTS810000000000000HIR,2022,M10,3.9
JTS810000000000000HIR,2022,M09,4.1
JTS810000000000000HIR,2022,M08,4.0
JTS810000000000000HIR,2022,M07,3.8
JTS810000000000000HIR,2022,M06,3.8
JTS810000000000000HIR,2022,M05,4.0
JTS810000000000000HIR,2022,M04,3.9
JTS810000000000000HIR,2022,M03,4.0
JTS810000000000000HIR,2022,M02,4.5
JTS810000000000000HIR,2022,M01,3.6
JTS810000000000000HIR,2021,M12,4.5
JTS810000000000000HIR,2021,M11,4.4
JTS810000000000000HIR,2021,M10,4.0
JTS810000000000000HIR,2021,M09,4.1
JTS810000000000000HIR,2021,M08,3.8
JTS810000000000000HIR,2021,M07,4.7
JTS810000000000000HIR,2021,M06,4.4
JTS810000000000000HIR,2021,M05,4.0
JTS810000000000000HIR,2021,M04,4.5
JTS810000000000000HIR,2021,M03,4.0
JTS810000000000000HIR,2021,M02,4.5
JTS810000000000000HIR,2021,M01,3.9
JTS810000000000000HIR,2020,M12,3.3
JTS810000000000000HIR,2020,M11,4.1
JTS810000000000000HIR,2020,M10,4.4
JTS810000000000000HIR,2020,M09,4.4
JTS810000000000000HIR,2020,M08,4.2
JTS810000000000000HIR,2020,M07,3.9
JTS810000000000000HIR,2020,M06,7.5
JTS810000000000000HIR,2020,M05,12.8
JTS810000000000000HIR,2020,M04,3.4
JTS810000000000000HIR,2020,M03,2.6
JTS810000000000000HIR,2020,M02,4.0
JTS810000000000000HIR,2020,M01,3.8
JTS810000000000000HIR,2019,M12,4.0
JTS810000000000000HIR,2019,M11,3.4
JTS810000000000000HIR,2019,M10,3.7
JTS810000000000000HIR,2019,M09,3.6
JTS810000000000000HIR,2019,M08,3.7
JTS810000000000000HIR,2019,M07,3.8
JTS810000000000000HIR,2019,M06,3.9
JTS810000000000000HIR,2019,M05,3.6
JTS810000000000000HIR,2019,M04,3.7
JTS810000000000000HIR,2019,M03,3.6
JTS810000000000000HIR,2019,M02,3.4
JTS810000000000000HIR,2019,M01,3.8
JTS810000000000000HIR,2018,M12,3.7
JTS810000000000000HIR,2018,M11,4.4
JTS810000000000000HIR,2018,M10,3.8
JTS810000000000000HIR,2018,M09,3.8
JTS810000000000000HIR,2018,M08,3.9
JTS810000000000000HIR,2018,M07,3.3
JTS810000000000000HIR,2018,M06,3.4
JTS810000000000000HIR,2018,M05,4.1
JTS810000000000000HIR,2018,M04,3.8
JTS810000000000000HIR,2018,M03,3.7
JTS810000000000000HIR,2018,M02,3.2
JTS810000000000000HIR,2018,M01,3.5
JTS810000000000000HIR,2017,M12,3.8
JTS810000000000000HIR,2017,M11,3.5
JTS810000000000000HIR,2017,M10,4.1
JTS810000000000000HIR,2017,M09,3.5
JTS810000000000000HIR,2017,M08,4.1
JTS810000000000000HIR,2017,M07,4.2
JTS810000000000000HIR,2017,M06,3.8
JTS810000000000000HIR,2017,M05,3.6
JTS810000000000000HIR,2017,M04,4.0
JTS810000000000000HIR,2017,M03,3.6
JTS810000000000000HIR,2017,M02,4.0
JTS810000000000000HIR,2017,M01,4.2
JTS810000000000000QUR,2026,M08,2.7
JTS810000000000000QUR,2026,M07,2.4
JTS810000000000000QUR,2026,M06,3.0
JTS810000000000000QUR,2026,M05,2.7
JTS810000000000000QUR,2026,M04,2.0
JTS810000000000000QUR,2026,M03,2.4
JTS810000000000000QUR,2026,M02,2.4
JTS810000000000000QUR,2026,M01,2.3
JTS810000000000000QUR,2025,M12,2.1
JTS810000000000000QUR,2025,M11,2.2
JTS810000000000000QUR,2025,M10,2.1
JTS810000000000000QUR,2025,M09,1.7
JTS810000000000000QUR,2025,M08,2.0
JTS810000000000000QUR,2025,M07,1.7
JTS810000000000000QUR,2025,M06,2.0
JTS810000000000000QUR,2025,M05,2.2
JTS810000000000000QUR,2025,M04,2.5
JTS810000000000000QUR,2025,M03,2.7
JTS810000000000000QUR,2025,M02,2.6
JTS810000000000000QUR,2025,M01,3.2
JTS810000000000000QUR,2024,M12,2.7
JTS810000000000000QUR,2024,M11,2.5
JTS810000000000000QUR,2024,M10,2.8
JTS810000000000000QUR,2024,M09,2.5
JTS810000000000000QUR,2024,M08,3.2
JTS810000000000000QUR,2024,M07,2.5
JTS810000000000000QUR,2024,M06,2.5
JTS810000000000000QUR,2024,M05,2.4
JTS810000000000000QUR,2024,M04,2.4
JTS810000000000000QUR,2024,M03,1.3
JTS810000000000000QUR,2024,M02,2.4
JTS810000000000000QUR,2024,M01,2.8
JTS810000000000000QUR,2023,M12,2.1
JTS810000000000000QUR,2023,M11,2.0
JTS810000000000000QUR,2023,M10,1.8
JTS810000000000000QUR,2023,M09,2.2
JTS810000000000000QUR,2023,M08,1.9
JTS810000000000000QUR,2023,M07,2.1
JTS810000000000000QUR,2023,M06,2.3
JTS810000000000000QUR,2023,M05,2.8
JTS810000000000000QUR,2023,M04,2.1
JTS810000000000000QUR,2023,M03,2.3
JTS810000000000000QUR,2023,M02,2.1
JTS810000000000000QUR,2023,M01,2.1
JTS810000000000000QUR,2022,M12,2.8
JTS810000000000000QUR,2022,M11,2.0
JTS810000000000000QUR,2022,M10,2.5
JTS810000000000000QUR,2022,M09,2.6
JTS810000000000000QUR,2022,M08,3.1
JTS810000000000000QUR,2022,M07,2.1
JTS810000000000000QUR,2022,M06,2.7
JTS810000000000000QUR,2022,M05,2.3
JTS810000000000000QUR,2022,M04,2.4
JTS810000000000000QUR,2022,M03,2.4
JTS810000000000000QUR,2022,M02,2.6
JTS810000000000000QUR,2022,M01,2.8
JTS810000000000000QUR,2021,M12,2.5
JTS810000000000000QUR,2021,M11,2.4
JTS810000000000000QUR,2021,M10,2.4
JTS810000000000000QUR,2021,M09,2.5
JTS810000000000000QUR,2021,M08,2.3
JTS810000000000000QUR,2021,M07,2.3
JTS810000000000000QUR,2021,M06,2.1
JTS810000000000000QUR,2021,M05,2.6
JTS810000000000000QUR,2021,M04,2.4
JTS810000000000000QUR,2021,M03,2.2
JTS810000000000000QUR,2021,M02,2.2
JTS810000000000000QUR,2021,M01,1.8
JTS810000000000000QUR,2020,M12,1.9
JTS810000000000000QUR,2020,M11,2.3
JTS810000000000000QUR,2020,M10,1.9
JTS810000000000000QUR,2020,M09,1.9
JTS810000000000000QUR,2020,M08,1.4
JTS810000000000000QUR,2020,M07,2.0
JTS810000000000000QUR,2020,M06,1.7
JTS810000000000000QUR,2020,M05,0.7
JTS810000000000000QUR,2020,M04,1.1
JTS810000000000000QUR,2020,M03,0.9
JTS810000000000000QUR,2020,M02,2.2
JTS810000000000000QUR,2020,M01,1.7
JTS810000000000000QUR,2019,M12,2.4
JTS810000000000000QUR,2019,M11,2.2
JTS810000000000000QUR,2019,M10,2.9
JTS810000000000000QUR,2019,M09,2.0
JTS810000000000000QUR,2019,M08,1.9
JTS810000000000000QUR,2019,M07,2.5
JTS810000000000000QUR,2019,M06,2.2
JTS810000000000000QUR,2019,M05,2.5
JTS810000000000000QUR,2019,M04,2.4
JTS810000000000000QUR,2019,M03,2.2
JTS810000000000000QUR,2019,M02,1.9
JTS810000000000000QUR,2019,M01,2.4
JTS810000000000000QUR,2018,M12,1.8
JTS810000000000000QUR,2018,M11,2.6
JTS810000000000000QUR,2018,M10,2.2
JTS810000000000000QUR,2018,M09,2.5
JTS810000000000000QUR,2018,M08,2.3
JTS810000000000000QUR,2018,M07,2.0
JTS810000000000000QUR,2018,M06,1.7
JTS810000000000000QUR,2018,M05,2.1
JTS810000000000000QUR,2018,M04,2.1
JTS810000000000000QUR,2018,M03,2.8
JTS810000000000000QUR,2018,M02,1.9
JTS810000000000000QUR,2018,M01,1.9
JTS810000000000000QUR,2017,M12,1.9
JTS810000000000000QUR,2017,M11,1.6
JTS810000000000000QUR,2017,M10,2.0
JTS810000000000000QUR,2017,M09,2.2
JTS810000000000000QUR,2017,M08,2.3
JTS810000000000000QUR,2017,M07,2.3
JTS810000000000000QUR,2017,M06,2.4
JTS810000000000000QUR,2017,M05,2.1
JTS810000000000000QUR,2017,M04,2.0
JTS810000000000000QUR,2017,M03,1.9
JTS810000000000000QUR,2017,M02,2.3
JTS810000000000000QUR,2017,M01,2.1
JTS810000000000000LDR,2026,M08,1.1
JTS810000000000000LDR,2026,M07,1.1
JTS810000000000000LDR,2026,M06,1.0
JTS810000000000000LDR,2026,M05,0.9
JTS810000000000000LDR,2026,M04,0.9
JTS810000000000000LDR,2026,M03,1.1
JTS810000000000000LDR,2026,M02,0.8
JTS810000000000000LDR,2026,M01,0.9
JTS810000000000000LDR,2025,M12,0.9
JTS810000000000000LDR,2025,M11,0.8
JTS810000000000000LDR,2025,M10,1.0
JTS810000000000000LDR,2025,M09,1.0
JTS810000000000000LDR,2025,M08,0.9
JTS810000000000000LDR,2025,M07,1.1
JTS810000000000000LDR,2025,M06,0.8
JTS810000000000000LDR,2025,M05,0.9
JTS810000000000000LDR,2025,M04,1.1
JTS810000000000000LDR,2025,M03,1.1
JTS810000000000000LDR,2025,M02,1.2
JTS810000000000000LDR,2025,M01,1.1
JTS810000000000000LDR,2024,M12,0.8
JTS810000000000000LDR,2024,M11,0.9
JTS810000000000000LDR,2024,M10,1.0
JTS810000000000000LDR,2024,M09,1.2
JTS810000000000000LDR,2024,M08,1.0
JTS810000000000000LDR,2024,M07,1.2
JTS810000000000000LDR,2024,M06,0.9
JTS810000000000000LDR,2024,M05,1.3
JTS810000000000000LDR,2024,M04,0.5
JTS810000000000000LDR,2024,M03,0.8
JTS810000000000000LDR,2024,M02,0.7
JTS810000000000000LDR,2024,M01,0.7
JTS810000000000000LDR,2023,M12,1.0
JTS810000000000000LDR,2023,M11,1.0
JTS810000000000000LDR,2023,M10,1.1
JTS810000000000000LDR,2023,M09,0.9
JTS810000000000000LDR,2023,M08,1.2
JTS810000000000000LDR,2023,M07,0.9
JTS810000000000000LDR,2023,M06,1.6
JTS810000000000000LDR,2023,M05,0.6
JTS810000000000000LDR,2023,M04,1.0
JTS810000000000000LDR,2023,M03,1.2
JTS810000000000000LDR,2023,M02,1.1
JTS810000000000000LDR,2023,M01,1.1
JTS810000000000000LDR,2022,M12,0.8
JTS810000000000000LDR,2022,M11,1.0
JTS810000000000000LDR,2022,M10,1.1
JTS810000000000000LDR,2022,M09,0.8
JTS810000000000000LDR,2022,M08,1.0
JTS810000000000000LDR,2022,M07,1.0
JTS810000000000000LDR,2022,M06,1.1
JTS810000000000000LDR,2022,M05,1.5
JTS810000000000000LDR,2022,M04,1.1
JTS810000000000000LDR,2022,M03,1.1
JTS810000000000000LDR,2022,M02,0.7
JTS810000000000000LDR,2022,M01,0.9
JTS810000000000000LDR,2021,M12,1.1
JTS810000000000000LDR,2021,M11,1.1
JTS810000000000000LDR,2021,M10,0.9
JTS810000000000000LDR,2021,M09,1.0
JTS810000000000000LDR,2021,M08,0.9
JTS810000000000000LDR,2021,M07,1.3
JTS810000000000000LDR,2021,M06,1.1
JTS810000000000000LDR,2021,M05,1.0
JTS810000000000000LDR,2021,M04,1.3
JTS810000000000000LDR,2021,M03,1.2
JTS810000000000000LDR,2021,M02,1.5
JTS810000000000000LDR,2021,M01,1.7
JTS810000000000000LDR,2020,M12,1.4
JTS810000000000000LDR,2020,M11,1.4
JTS810000000000000LDR,2020,M10,1.1
JTS810000000000000LDR,2020,M09,1.2
JTS810000000000000LDR,2020,M08,0.5
JTS810000000000000LDR,2020,M07,1.1
JTS810000000000000LDR,2020,M06,1.9
JTS810000000000000LDR,2020,M05,1.7
JTS810000000000000LDR,2020,M04,18.3
JTS810000000000000LDR,2020,M03,15.3
JTS810000000000000LDR,2020,M02,1.3
JTS810000000000000LDR,2020,M01,1.9
JTS810000000000000LDR,2019,M12,1.4
JTS810000000000000LDR,2019,M11,0.7
JTS810000000000000LDR,2019,M10,0.6
JTS810000000000000LDR,2019,M09,1.3
JTS810000000000000LDR,2019,M08,1.7
JTS810000000000000LDR,2019,M07,0.9
JTS810000000000000LDR,2019,M06,1.4
JTS810000000000000LDR,2019,M05,1.1
JTS810000000000000LDR,2019,M04,1.0
JTS810000000000000LDR,2019,M03,0.9
JTS810000000000000LDR,2019,M02,1.1
JTS810000000000000LDR,2019,M01,1.0
JTS810000000000000LDR,2018,M12,1.6
JTS810000000000000LDR,2018,M11,1.4
JTS810000000000000LDR,2018,M10,1.3
JTS810000000000000LDR,2018,M09,1.4
JTS810000000000000LDR,2018,M08,1.4
JTS810000000000000LDR,2018,M07,1.5
JTS810000000000000LDR,2018,M06,1.4
JTS810000000000000LDR,2018,M05,1.6
JTS810000000000000LDR,2018,M04,1.4
JTS810000000000000LDR,2018,M03,0.6
JTS810000000000000LDR,2018,M02,1.0
JTS810000000000000LDR,2018,M01,1.3
JTS810000000000000LDR,2017,M12,1.7
JTS810000000000000LDR,2017,M11,1.4
JTS810000000000000LDR,2017,M10,1.8
JTS810000000000000LDR,2017,M09,1.2
JTS810000000000000LDR,2017,M08,1.3
JTS810000000000000LDR,2017,M07,1.5
JTS810000000000000LDR,2017,M06,1.1
JTS810000000000000LDR,2017,M05,1.3
JTS810000000000000LDR,2017,M04,1.7
JTS810000000000000LDR,2017,M03,1.6
JTS810000000000000LDR,2017,M02,1.4
JTS810000000000000LDR,2017,M01,1.6
JTS900000000000000JOR,2026,M08,3.0
JTS900000000000000JOR,2026,M07,3.2
JTS900000000000000JOR,2026,M06,3.2
JTS900000000000000JOR,2026,M05,3.4
JTS900000000000000JOR,2026,M04,3.3
JTS900000000000000JOR,2026,M03,3.0
JTS900000000000000JOR,2026,M02,3.0
JTS900000000000000JOR,2026,M01,3.1
JTS900000000000000JOR,2025,M12,3.0
JTS900000000000000JOR,2025,M11,2.7
JTS900000000000000JOR,2025,M10,3.3
JTS900000000000000JOR,2025,M09,3.1
JTS900000000000000JOR,2025,M08,3.0
JTS900000000000000JOR,2025,M07,3.2
JTS900000000000000JOR,2025,M06,3.5
JTS900000000000000JOR,2025,M05,3.3
JTS900000000000000JOR,2025,M04,3.3
JTS900000000000000JOR,2025,M03,3.4
JTS900000000000000JOR,2025,M02,3.6
JTS900000000000000JOR,2025,M01,3.6
JTS900000000000000JOR,2024,M12,3.6
JTS900000000000000JOR,2024,M11,3.6
JTS900000000000000JOR,2024,M10,3.7
JTS900000000000000JOR,2024,M09,3.6
JTS900000000000000JOR,2024,M08,3.9
JTS900000000000000JOR,2024,M07,3.8
JTS900000000000000JOR,2024,M06,4.0
JTS900000000000000JOR,2024,M05,4.2
JTS900000000000000JOR,2024,M04,3.6
JTS900000000000000JOR,2024,M03,4.1
JTS900000000000000JOR,2024,M02,3.8
JTS900000000000000JOR,2024,M01,3.7
JTS900000000000000JOR,2023,M12,4.1
JTS900000000000000JOR,2023,M11,4.3
JTS900000000000000JOR,2023,M10,4.0
JTS900000000000000JOR,2023,M09,4.1
JTS900000000000000JOR,2023,M08,4.4
JTS900000000000000JOR,2023,M07,4.2
JTS900000000000000JOR,2023,M06,4.7
JTS900000000000000JOR,2023,M05,4.5
JTS900000000000000JOR,2023,M04,4.5
JTS900000000000000JOR,2023,M03,4.4
JTS900000000000000JOR,2023,M02,4.2
JTS900000000000000JOR,2023,M01,4.6
JTS900000000000000JOR,2022,M12,4.4
JTS900000000000000JOR,2022,M11,4.6
JTS900000000000000JOR,2022,M10,4.2
JTS900000000000000JOR,2022,M09,4.6
JTS900000000000000JOR,2022,M08,4.1
JTS900000000000000JOR,2022,M07,5.2
JTS900000000000000JOR,2022,M06,4.3
JTS900000000000000JOR,2022,M05,4.7
JTS900000000000000JOR,2022,M04,4.5
JTS900000000000000JOR,2022,M03,4.4
JTS900000000000000JOR,2022,M02,4.6
JTS900000000000000JOR,2022,M01,4.5
JTS900000000000000JOR,2021,M12,4.7
JTS900000000000000JOR,2021,M11,4.3
JTS900000000000000JOR,2021,M10,4.1
JTS900000000000000JOR,2021,M09,4.1
JTS900000000000000JOR,2021,M08,3.9
JTS900000000000000JOR,2021,M07,3.9
JTS900000000000000JOR,2021,M06,4.1
JTS900000000000000JOR,2021,M05,4.1
JTS900000000000000JOR,2021,M04,4.1
JTS900000000000000JOR,2021,M03,3.8
JTS900000000000000JOR,2021,M02,3.2
JTS900000000000000JOR,2021,M01,3.2
JTS900000000000000JOR,2020,M12,3.0
JTS900000000000000JOR,2020,M11,3.0
JTS900000000000000JOR,2020,M10,3.2
JTS900000000000000JOR,2020,M09,3.1
JTS900000000000000JOR,2020,M08,3.1
JTS900000000000000JOR,2020,M07,3.7
JTS900000000000000JOR,2020,M06,3.0
JTS900000000000000JOR,2020,M05,2.8
JTS900000000000000JOR,2020,M04,2.9
JTS900000000000000JOR,2020,M03,3.0
JTS900000000000000JOR,2020,M02,3.3
JTS900000000000000JOR,2020,M01,3.5
JTS900000000000000JOR,2019,M12,3.2
JTS900000000000000JOR,2019,M11,3.3
JTS900000000000000JOR,2019,M10,3.3
JTS900000000000000JOR,2019,M09,3.2
JTS900000000000000JOR,2019,M08,3.2
JTS900000000000000JOR,2019,M07,2.8
JTS900000000000000JOR,2019,M06,3.2
JTS900000000000000JOR,2019,M05,2.9
JTS900000000000000JOR,2019,M04,3.1
JTS900000000000000JOR,2019,M03,3.1
JTS900000000000000JOR,2019,M02,3.0
JTS900000000000000JOR,2019,M01,3.0
JTS900000000000000JOR,2018,M12,2.9
JTS900000000000000JOR,2018,M11,2.9
JTS900000000000000JOR,2018,M10,2.7
JTS900000000000000JOR,2018,M09,2.7
JTS900000000000000JOR,2018,M08,3.1
JTS900000000000000JOR,2018,M07,2.8
JTS900000000000000JOR,2018,M06,2.8
JTS900000000000000JOR,2018,M05,2.6
JTS900000000000000JOR,2018,M04,2.6
JTS900000000000000JOR,2018,M03,2.7
JTS900000000000000JOR,2018,M02,2.6
JTS900000000000000JOR,2018,M01,2.6
JTS900000000000000JOR,2017,M12,2.5
JTS900000000000000JOR,2017,M11,2.3
JTS900000000000000JOR,2017,M10,2.4
JTS900000000000000JOR,2017,M09,2.5
JTS900000000000000JOR,2017,M08,2.2
JTS900000000000000JOR,2017,M07,2.4
JTS900000000000000JOR,2017,M06,2.5
JTS900000000000000JOR,2017,M05,2.4
JTS900000000000000JOR,2017,M04,2.4
JTS900000000000000JOR,2017,M03,2.2
JTS900000000000000JOR,2017,M02,2.2
JTS900000000000000JOR,2017,M01,2.2
JTS900000000000000HIR,2026,M08,1.5
JTS900000000000000HIR,2026,M07,1.3
JTS900000000000000HIR,2026,M06,1.4
JTS900000000000000HIR,2026,M05,1.5
JTS900000000000000HIR,2026,M04,1.4
JTS900000000000000HIR,2026,M03,1.4
JTS900000000000000HIR,2026,M02,1.4
JTS900000000000000HIR,2026,M01,1.4
JTS900000000000000HIR,2025,M12,1.3
JTS900000000000000HIR,2025,M11,1.2
JTS900000000000000HIR,2025,M10,1.4
JTS900000000000000HIR,2025,M09,1.5
JTS900000000000000HIR,2025,M08,1.3
JTS900000000000000HIR,2025,M07,1.3
JTS900000000000000HIR,2025,M06,1.4
JTS900000000000000HIR,2025,M05,1.4
JTS900000000000000HIR,2025,M04,1.5
JTS900000000000000HIR,2025,M03,1.4
JTS900000000000000HIR,2025,M02,1.4
JTS900000000000000HIR,2025,M01,1.5
JTS900000000000000HIR,2024,M12,1.5
JTS900000000000000HIR,2024,M11,1.4
JTS900000000000000HIR,2024,M10,1.5
JTS900000000000000HIR,2024,M09,1.5
JTS900000000000000HIR,2024,M08,1.5
JTS900000000000000HIR,2024,M07,1.7
JTS900000000000000HIR,2024,M06,1.4
JTS900000000000000HIR,2024,M05,1.6
JTS900000000000000HIR,2024,M04,1.5
JTS900000000000000HIR,2024,M03,1.7
JTS900000000000000HIR,2024,M02,1.7
JTS900000000000000HIR,2024,M01,1.7
JTS900000000000000HIR,2023,M12,1.8
JTS900000000000000HIR,2023,M11,1.6
JTS900000000000000HIR,2023,M10,1.7
JTS900000000000000HIR,2023,M09,1.6
JTS900000000000000HIR,2023,M08,1.7
JTS900000000000000HIR,2023,M07,1.7
JTS900000000000000HIR,2023,M06,1.7
JTS900000000000000HIR,2023,M05,1.8
JTS900000000000000HIR,2023,M04,1.7
JTS900000000000000HIR,2023,M03,1.7
JTS900000000000000HIR,2023,M02,1.7
JTS900000000000000HIR,2023,M01,2.0
JTS900000000000000HIR,2022,M12,1.8
JTS900000000000000HIR,2022,M11,2.0
JTS900000000000000HIR,2022,M10,1.7
JTS900000000000000HIR,2022,M09,1.8
JTS900000000000000HIR,2022,M08,1.8
JTS900000000000000HIR,2022,M07,2.1
JTS900000000000000HIR,2022,M06,1.9
JTS900000000000000HIR,2022,M05,1.8
JTS900000000000000HIR,2022,M04,1.8
JTS900000000000000HIR,2022,M03,1.8
JTS900000000000000HIR,2022,M02,1.8
JTS900000000000000HIR,2022,M01,1.8
JTS900000000000000HIR,2021,M12,1.8
JTS900000000000000HIR,2021,M11,1.8
JTS900000000000000HIR,2021,M10,1.7
JTS900000000000000HIR,2021,M09,1.6
JTS900000000000000HIR,2021,M08,1.8
JTS900000000000000HIR,2021,M07,1.7
JTS900000000000000HIR,2021,M06,1.8
JTS900000000000000HIR,2021,M05,1.5
JTS900000000000000HIR,2021,M04,1.6
JTS900000000000000HIR,2021,M03,1.8
JTS900000000000000HIR,2021,M02,1.5
JTS900000000000000HIR,2021,M01,1.7
JTS900000000000000HIR,2020,M12,1.5
JTS900000000000000HIR,2020,M11,1.5
JTS900000000000000HIR,2020,M10,1.6
JTS900000000000000HIR,2020,M09,1.5
JTS900000000000000HIR,2020,M08,2.4
JTS900000000000000HIR,2020,M07,1.5
JTS900000000000000HIR,2020,M06,1.2
JTS900000000000000HIR,2020,M05,1.2
JTS900000000000000HIR,2020,M04,1.0
JTS900000000000000HIR,2020,M03,1.7
JTS900000000000000HIR,2020,M02,1.8
JTS900000000000000HIR,2020,M01,1.7
JTS900000000000000HIR,2019,M12,1.6
JTS900000000000000HIR,2019,M11,1.7
JTS900000000000000HIR,2019,M10,1.6
JTS900000000000000HIR,2019,M09,1.6
JTS900000000000000HIR,2019,M08,1.8
JTS900000000000000HIR,2019,M07,1.5
JTS900000000000000HIR,2019,M06,1.6
JTS900000000000000HIR,2019,M05,1.4
JTS900000000000000HIR,2019,M04,1.6
JTS900000000000000HIR,2019,M03,1.6
JTS900000000000000HIR,2019,M02,1.6
JTS900000000000000HIR,2019,M01,1.7
JTS900000000000000HIR,2018,M12,1.6
JTS900000000000000HIR,2018,M11,1.6
JTS900000000000000HIR,2018,M10,1.5
JTS900000000000000HIR,2018,M09,1.5
JTS900000000000000HIR,2018,M08,1.7
JTS900000000000000HIR,2018,M07,1.5
JTS900000000000000HIR,2018,M06,1.7
JTS900000000000000HIR,2018,M05,1.6
JTS900000000000000HIR,2018,M04,1.6
JTS900000000000000HIR,2018,M03,1.5
JTS900000000000000HIR,2018,M02,1.6
JTS900000000000000HIR,2018,M01,1.5
JTS900000000000000HIR,2017,M12,1.6
JTS900000000000000HIR,2017,M11,1.7
JTS900000000000000HIR,2017,M10,1.6
JTS900000000000000HIR,2017,M09,1.6
JTS900000000000000HIR,2017,M08,1.4
JTS900000000000000HIR,2017,M07,1.6
JTS900000000000000HIR,2017,M06,1.5
JTS900000000000000HIR,2017,M05,1.6
JTS900000000000000HIR,2017,M04,1.5
JTS900000000000000HIR,2017,M03,1.5
JTS900000000000000HIR,2017,M02,1.6
JTS900000000000000HIR,2017,M01,1.6
JTS900000000000000QUR,2026,M08,0.7
JTS900000000000000QUR,2026,M07,0.8
JTS900000000000000QUR,2026,M06,0.8
JTS900000000000000QUR,2026,M05,0.8
JTS900000000000000QUR,2026,M04,0.8
JTS900000000000000QUR,2026,M03,0.7
JTS900000000000000QUR,2026,M02,0.8
JTS900000000000000QUR,2026,M01,0.8
JTS900000000000000QUR,2025,M12,0.8
JTS900000000000000QUR,2025,M11,0.7
JTS900000000000000QUR,2025,M10,0.8
JTS900000000000000QUR,2025,M09,1.0
JTS900000000000000QUR,2025,M08,0.8
JTS900000000000000QUR,2025,M07,0.8
JTS900000000000000QUR,2025,M06,0.7
JTS900000000000000QUR,2025,M05,0.8
JTS900000000000000QUR,2025,M04,0.8
JTS900000000000000QUR,2025,M03,0.8
JTS900000000000000QUR,2025,M02,0.8
JTS900000000000000QUR,2025,M01,0.8
JTS900000000000000QUR,2024,M12,0.8
JTS900000000000000QUR,2024,M11,0.8
JTS900000000000000QUR,2024,M10,0.8
JTS900000000000000QUR,2024,M09,0.8
JTS900000000000000QUR,2024,M08,0.8
JTS900000000000000QUR,2024,M07,0.7
JTS900000000000000QUR,2024,M06,0.8
JTS900000000000000QUR,2024,M05,0.9
JTS900000000000000QUR,2024,M04,0.9
JTS900000000000000QUR,2024,M03,0.7
JTS900000000000000QUR,2024,M02,0.8
JTS900000000000000QUR,2024,M01,0.9
JTS900000000000000QUR,2023,M12,0.9
JTS900000000000000QUR,2023,M11,0.9
JTS900000000000000QUR,2023,M10,0.8
JTS900000000000000QUR,2023,M09,0.8
JTS900000000000000QUR,2023,M08,0.9
JTS900000000000000QUR,2023,M07,0.9
JTS900000000000000QUR,2023,M06,0.8
JTS900000000000000QUR,2023,M05,0.9
JTS900000000000000QUR,2023,M04,0.8
JTS900000000000000QUR,2023,M03,1.0
JTS900000000000000QUR,2023,M02,0.9
JTS900000000000000QUR,2023,M01,0.9
JTS900000000000000QUR,2022,M12,1.0
JTS900000000000000QUR,2022,M11,1.0
JTS900000000000000QUR,2022,M10,1.0
JTS900000000000000QUR,2022,M09,1.1
JTS900000000000000QUR,2022,M08,1.1
JTS900000000000000QUR,2022,M07,0.8
JTS900000000000000QUR,2022,M06,1.1
JTS900000000000000QUR,2022,M05,1.0
JTS900000000000000QUR,2022,M04,1.1
JTS900000000000000QUR,2022,M03,1.1
JTS900000000000000QUR,2022,M02,1.2
JTS900000000000000QUR,2022,M01,1.1
JTS900000000000000QUR,2021,M12,1.0
JTS900000000000000QUR,2021,M11,1.1
JTS900000000000000QUR,2021,M10,1.2
JTS900000000000000QUR,2021,M09,1.0
JTS900000000000000QUR,2021,M08,0.8
JTS900000000000000QUR,2021,M07,1.0
JTS900000000000000QUR,2021,M06,0.8
JTS900000000000000QUR,2021,M05,0.7
JTS900000000000000QUR,2021,M04,0.9
JTS900000000000000QUR,2021,M03,0.8
JTS900000000000000QUR,2021,M02,0.8
JTS900000000000000QUR,2021,M01,0.7
JTS900000000000000QUR,2020,M12,0.8
JTS900000000000000QUR,2020,M11,0.8
JTS900000000000000QUR,2020,M10,1.0
JTS900000000000000QUR,2020,M09,0.9
JTS900000000000000QUR,2020,M08,1.0
JTS900000000000000QUR,2020,M07,0.9
JTS900000000000000QUR,2020,M06,0.8
JTS900000000000000QUR,2020,M05,0.9
JTS900000000000000QUR,2020,M04,0.8
JTS900000000000000QUR,2020,M03,1.0
JTS900000000000000QUR,2020,M02,0.8
JTS900000000000000QUR,2020,M01,0.8
JTS900000000000000QUR,2019,M12,0.9
JTS900000000000000QUR,2019,M11,0.8
JTS900000000000000QUR,2019,M10,0.8
JTS900000000000000QUR,2019,M09,0.8
JTS900000000000000QUR,2019,M08,0.8
JTS900000000000000QUR,2019,M07,0.8
JTS900000000000000QUR,2019,M06,0.7
JTS900000000000000QUR,2019,M05,0.9
JTS900000000000000QUR,2019,M04,0.8
JTS900000000000000QUR,2019,M03,0.8
JTS900000000000000QUR,2019,M02,0.8
JTS900000000000000QUR,2019,M01,0.9
JTS900000000000000QUR,2018,M12,0.8
JTS900000000000000QUR,2018,M11,0.9
JTS900000000000000QUR,2018,M10,0.8
JTS900000000000000QUR,2018,M09,0.8
JTS900000000000000QUR,2018,M08,0.7
JTS900000000000000QUR,2018,M07,0.8
JTS900000000000000QUR,2018,M06,0.8
JTS900000000000000QUR,2018,M05,0.8
JTS900000000000000QUR,2018,M04,0.8
JTS900000000000000QUR,2018,M03,0.8
JTS900000000000000QUR,2018,M02,0.7
JTS900000000000000QUR,2018,M01,0.8
JTS900000000000000QUR,2017,M12,0.8
JTS900000000000000QUR,2017,M11,0.8
JTS900000000000000QUR,2017,M10,0.7
JTS900000000000000QUR,2017,M09,0.8
JTS900000000000000QUR,2017,M08,0.8
JTS900000000000000QUR,2017,M07,0.7
JTS900000000000000QUR,2017,M06,0.7
JTS900000000000000QUR,2017,M05,0.7
JTS900000000000000QUR,2017,M04,0.7
JTS900000000000000QUR,2017,M03,0.8
JTS900000000000000QUR,2017,M02,0.8
JTS900000000000000QUR,2017,M01,0.8
JTS900000000000000LDR,2026,M08,0.3
JTS900000000000000LDR,2026,M07,0.4
JTS900000000000000LDR,2026,M06,0.4
JTS900000000000000LDR,2026,M05,0.4
JTS900000000000000LDR,2026,M04,0.3
JTS900000000000000LDR,2026,M03,0.3
JTS900000000000000LDR,2026,M02,0.3
JTS900000000000000LDR,2026,M01,0.3
JTS900000000000000LDR,2025,M12,0.3
JTS900000000000000LDR,2025,M11,0.3
JTS900000000000000LDR,2025,M10,0.4
JTS900000000000000LDR,2025,M09,0.3
JTS900000000000000LDR,2025,M08,0.4
JTS900000000000000LDR,2025,M07,0.3
JTS900000000000000LDR,2025,M06,0.3
JTS900000000000000LDR,2025,M05,0.4
JTS900000000000000LDR,2025,M04,0.3
JTS900000000000000LDR,2025,M03,0.4
JTS900000000000000LDR,2025,M02,0.4
JTS900000000000000LDR,2025,M01,0.3
JTS900000000000000LDR,2024,M12,0.3
JTS900000000000000LDR,2024,M11,0.3
JTS900000000000000LDR,2024,M10,0.3
JTS900000000000000LDR,2024,M09,0.3
JTS900000000000000LDR,2024,M08,0.4
JTS900000000000000LDR,2024,M07,0.4
JTS900000000000000LDR,2024,M06,0.4
JTS900000000000000LDR,2024,M05,0.4
JTS900000000000000LDR,2024,M04,0.4
JTS900000000000000LDR,2024,M03,0.3
JTS900000000000000LDR,2024,M02,0.4
JTS900000000000000LDR,2024,M01,0.3
JTS900000000000000LDR,2023,M12,0.4
JTS900000000000000LDR,2023,M11,0.4
JTS900000000000000LDR,2023,M10,0.3
JTS900000000000000LDR,2023,M09,0.3
JTS900000000000000LDR,2023,M08,0.4
JTS900000000000000LDR,2023,M07,0.4
JTS900000000000000LDR,2023,M06,0.4
JTS900000000000000LDR,2023,M05,0.4
JTS900000000000000LDR,2023,M04,0.4
JTS900000000000000LDR,2023,M03,0.4
JTS900000000000000LDR,2023,M02,0.4
JTS900000000000000LDR,2023,M01,0.4
JTS900000000000000LDR,2022,M12,0.4
JTS900000000000000LDR,2022,M11,0.3
JTS900000000000000LDR,2022,M10,0.3
JTS900000000000000LDR,2022,M09,0.4
JTS900000000000000LDR,2022,M08,0.4
JTS900000000000000LDR,2022,M07,0.3
JTS900000000000000LDR,2022,M06,0.4
JTS900000000000000LDR,2022,M05,0.3
JTS900000000000000LDR,2022,M04,0.3
JTS900000000000000LDR,2022,M03,0.4
JTS900000000000000LDR,2022,M02,0.4
JTS900000000000000LDR,2022,M01,0.4
JTS900000000000000LDR,2021,M12,0.3
JTS900000000000000LDR,2021,M11,0.3
JTS900000000000000LDR,2021,M10,0.4
JTS900000000000000LDR,2021,M09,0.4
JTS900000000000000LDR,2021,M08,0.3
JTS900000000000000LDR,2021,M07,0.4
JTS900000000000000LDR,2021,M06,0.3
JTS900000000000000LDR,2021,M05,0.3
JTS900000000000000LDR,2021,M04,0.3
JTS900000000000000LDR,2021,M03,0.4
JTS900000000000000LDR,2021,M02,0.3
JTS900000000000000LDR,2021,M01,0.4
JTS900000000000000LDR,2020,M12,0.4
JTS900000000000000LDR,2020,M11,0.9
JTS900000000000000LDR,2020,M10,1.1
JTS900000000000000LDR,2020,M09,0.7
JTS900000000000000LDR,2020,M08,0.4
JTS900000000000000LDR,2020,M07,0.5
JTS900000000000000LDR,2020,M06,0.8
JTS900000000000000LDR,2020,M05,0.8
JTS900000000000000LDR,2020,M04,1.2
JTS900000000000000LDR,2020,M03,1.0
JTS900000000000000LDR,2020,M02,0.4
JTS900000000000000LDR,2020,M01,0.4
JTS900000000000000LDR,2019,M12,0.4
JTS900000000000000LDR,2019,M11,0.4
JTS900000000000000LDR,2019,M10,0.5
JTS900000000000000LDR,2019,M09,0.5
JTS900000000000000LDR,2019,M08,0.4
JTS900000000000000LDR,2019,M07,0.4
JTS900000000000000LDR,2019,M06,0.4
JTS900000000000000LDR,2019,M05,0.4
JTS900000000000000LDR,2019,M04,0.5
JTS900000000000000LDR,2019,M03,0.5
JTS900000000000000LDR,2019,M02,0.6
JTS900000000000000LDR,2019,M01,0.6
JTS900000000000000LDR,2018,M12,0.4
JTS900000000000000LDR,2018,M11,0.5
JTS900000000000000LDR,2018,M10,0.5
JTS900000000000000LDR,2018,M09,0.5
JTS900000000000000LDR,2018,M08,0.5
JTS900000000000000LDR,2018,M07,0.6
JTS900000000000000LDR,2018,M06,0.4
JTS900000000000000LDR,2018,M05,0.4
JTS900000000000000LDR,2018,M04,0.4
JTS900000000000000LDR,2018,M03,0.5
JTS900000000000000LDR,2018,M02,0.5
JTS900000000000000LDR,2018,M01,0.5
JTS900000000000000LDR,2017,M12,0.6
JTS900000000000000LDR,2017,M11,0.4
JTS900000000000000LDR,2017,M10,0.5
JTS900000000000000LDR,2017,M09,0.5
JTS900000000000000LDR,2017,M08,0.5
JTS900000000000000LDR,2017,M07,0.5
JTS900000000000000LDR,2017,M06,0.5
JTS900000000000000LDR,2017,M05,0.6
JTS900000000000000LDR,2017,M04,0.5
JTS900000000000000LDR,2017,M03,0.4
JTS900000000000000LDR,2017,M02,0.5
JTS900000000000000LDR,2017,M01,0.5